transaction_id,isin,quantity,price,currency,venue,execution_timestamp,counterparty_lei,trading_capacity,side,reporting_entity_lei
TRX-00000000,GB0002374006,74155.31,1225.2144,USD,XNYS,2026-10-06T16:26:08.433848,529900D6BHCL8WQ7R898,DEAL,SELL,213800LBPT1H9WO9ZL78
TRX-00000001,INVALID123,50536.02,133.6533,Dollar,INVALID,2026-10-07T06:26:08.433868,5493006B1YHUQ7ZX5L,ANYOTC,SELL,213800LBPT1H9WO9ZL78
TRX-00000002,GB0002374006,75880.98,799.1369,CHF,XFRA,2026-10-07T05:26:08.433877,5493001ZABYZPD63HV28,DEAL,SELL,213800LBPT1H9WO9ZL78
TRX-00000003,DE0007164600,9672.54,4237.6243,JPY,XAMS,2026-10-07T12:26:08.433883,549300JSX0Z4CY0V0P21,ANYOTC,BUY,213800LBPT1H9WO9ZL78
TRX-00000004,DE0007164600,7880.94,1466.5982,JPY,XFRA,2026-10-06T19:26:08.433889,5493001ZABYZPD63HV28,ANYOTC,BUY,213800LBPT1H9WO9ZL78
TRX-00000005,US02079K3059,98522.17,4276.7333,GBP,XMIL,2026-10-07T05:26:08.433895,549300JSX0Z4CY0V0P21,ANYOTC,SELL,213800LBPT1H9WO9ZL78
TRX-00000006,US5949181045,20951.49,1335.6221,GBP,XNAS,2026-10-06T20:26:08.433900,5493001ZABYZPD63HV28,DEAL,SELL,213800LBPT1H9WO9ZL78
TRX-00000007,NL0010273215,21962.3,1622.0894,GBP,XPAR,2026-10-07T12:26:08.433906,5493006B1YHUQ7ZX5L88,MATCH,SELL,213800LBPT1H9WO9ZL78
TRX-00000008,CH0012005267,87636.89,1574.0747,CHF,XMIL,2026-10-06T17:26:08.433911,549300JSX0Z4CY0V0P21,DEAL,SELL,213800LBPT1H9WO9ZL78
TRX-00000009,NL0010273215,53898.19,3735.322,CHF,XMIL,2026-10-07T02:26:08.433916,5493001ZABYZPD63HV28,DEAL,SELL,213800LBPT1H9WO9ZL78
TRX-00000010,GB000237400,15284.98,800.75,GBPUSD,LONDON,2026-10-07T01:26:08.433923,5493006B1YHUQ7ZX5L,ANYOTC,SELL,213800LBPT1H9WO9ZL78
TRX-00000011,NL0010273215,86078.11,58.3936,GBP,XAMS,2026-10-06T17:26:08.433929,5493006B1YHUQ7ZX5L88,DEAL,SELL,213800LBPT1H9WO9ZL78
TRX-00000012,FR0000120271,325.53,3610.7382,EUR,XNAS,2026-10-06T21:26:08.433934,213800LBPT1H9WO9ZL78,ANYOTC,SELL,213800LBPT1H9WO9ZL78
TRX-00000013,NL0010273215,60897.41,765.0435,USD,XLON,2026-10-06T18:26:08.433939,5493006B1YHUQ7ZX5L88,MATCH,BUY,213800LBPT1H9WO9ZL78
TRX-00000014,US5949181045,87872.31,4158.496,EUR,XPAR,2026-10-07T12:26:08.433944,5493001ZABYZPD63HV28,ANYOTC,BUY,213800LBPT1H9WO9ZL78
TRX-00000015,GB00B03MLX29,97798.47,2663.9981,USD,XNAS,2026-10-06T16:26:08.433948,549300JSX0Z4CY0V0P21,ANYOTC,BUY,213800LBPT1H9WO9ZL78
TRX-00000016,CH0012005267,42314.37,1059.7792,JPY,XPAR,2026-10-06T15:26:08.433953,5493006B1YHUQ7ZX5L88,MATCH,SELL,213800LBPT1H9WO9ZL78
TRX-00000017,NL0010273215,45149.16,1240.2802,GBP,XFRA,2026-10-07T13:26:08.433958,529900D6BHCL8WQ7R898,ANYOTC,BUY,213800LBPT1H9WO9ZL78
TRX-00000018,GB0002374006,7100.24,3155.8837,USD,XNYS,2026-10-07T12:26:08.433963,5493006B1YHUQ7ZX5L88,DEAL,BUY,213800LBPT1H9WO9ZL78
TRX-00000019,FR0000120271,21424.47,662.4269,JPY,XMAD,2026-10-07T06:26:08.433968,549300JSX0Z4CY0V0P21,MATCH,BUY,213800LBPT1H9WO9ZL78
TRX-00000020,US5949181045,42358.44,2335.6563,GBP,XNYS,2026-10-07T12:26:08.433975,549300JSX0Z4CY0V0P21,ANYOTC,SELL,213800LBPT1H9WO9ZL78
TRX-00000021,GB00B03MLX29,24866.38,951.8543,CHF,XNAS,2026-10-07T00:26:08.433979,5493001ZABYZPD63HV28,MATCH,SELL,213800LBPT1H9WO9ZL78
TRX-00000022,GB00B03MLX29,44313.63,4306.8842,JPY,XNYS,2026-10-07T12:26:08.433984,529900D6BHCL8WQ7R898,DEAL,BUY,213800LBPT1H9WO9ZL78
TRX-00000023,US0378331005,16631.94,2428.72,USD,XMIL,2026-10-07T12:26:08.433990,5493001ZABYZPD63HV28,MATCH,BUY,213800LBPT1H9WO9ZL78
TRX-00000024,US02079K3059,92651.88,3925.8617,EUR,XMIL,2026-10-06T15:26:08.433994,529900D6BHCL8WQ7R898,ANYOTC,SELL,213800LBPT1H9WO9ZL78
TRX-00000025,US02079K3059,21770.87,293.358,JPY,XLON,2026-10-06T14:26:08.434000,5493006B1YHUQ7ZX5L88,DEAL,BUY,213800LBPT1H9WO9ZL78
TRX-00000026,NL0010273215,91938.79,2656.0996,GBP,XNYS,2026-10-07T08:26:08.434005,213800LBPT1H9WO9ZL78,ANYOTC,BUY,213800LBPT1H9WO9ZL78
TRX-00000027,US0378331005,40378.15,4708.039,JPY,XPAR,2026-10-06T19:26:08.434009,529900D6BHCL8WQ7R898,DEAL,BUY,213800LBPT1H9WO9ZL78
TRX-00000028,CH0012005267,56523.13,1582.5329,EUR,XPAR,2026-10-06T16:26:08.434014,5493006B1YHUQ7ZX5L88,DEAL,SELL,213800LBPT1H9WO9ZL78
TRX-00000029,US02079K3059,45723.0,4645.1626,GBP,XLON,2026-10-06T23:26:08.434019,529900D6BHCL8WQ7R898,ANYOTC,BUY,213800LBPT1H9WO9ZL78
TRX-00000030,US02079K3059,13246.52,1745.6952,GBP,XPAR,2026-10-07T02:26:08.434025,5493006B1YHUQ7ZX5L88,DEAL,SELL,213800LBPT1H9WO9ZL78
TRX-00000031,US02079K3059,61168.16,4936.1781,JPY,XLON,2026-10-06T16:26:08.434030,529900D6BHCL8WQ7R898,MATCH,BUY,213800LBPT1H9WO9ZL78
TRX-00000032,GB00B0MYJG27,26447.33,4448.6738,JPY,XNAS,2026-10-07T05:26:08.434035,5493006B1YHUQ7ZX5L88,ANYOTC,BUY,213800LBPT1H9WO9ZL78
TRX-00000033,US0378331005,68750.03,4264.7112,JPY,XMAD,2026-10-07T05:26:08.434040,213800LBPT1H9WO9ZL78,DEAL,SELL,213800LBPT1H9WO9ZL78
TRX-00000034,GB0002374006,355.57,3855.825,EUR,XNAS,2026-10-06T14:26:08.434045,549300JSX0Z4CY0V0P21,ANYOTC,SELL,213800LBPT1H9WO9ZL78
TRX-00000035,GB00B03MLX29,7525.31,4415.6489,USD,XLON,2026-10-07T02:26:08.434049,529900D6BHCL8WQ7R898,ANYOTC,BUY,213800LBPT1H9WO9ZL78
TRX-00000036,GB0002374006,30826.53,4495.0085,GBP,XFRA,2026-10-07T07:26:08.434056,5493001ZABYZPD63HV28,ANYOTC,BUY,213800LBPT1H9WO9ZL78
TRX-00000037,NL0010273215,88413.59,2032.4806,JPY,XNAS,2026-10-07T06:26:08.434061,5493001ZABYZPD63HV28,DEAL,SELL,213800LBPT1H9WO9ZL78
TRX-00000038,US5949181045,78238.87,2059.1541,USD,XAMS,2026-10-07T08:26:08.434066,213800LBPT1H9WO9ZL78,MATCH,BUY,213800LBPT1H9WO9ZL78
TRX-00000039,US0378331005,19958.08,4592.3411,EUR,XAMS,2026-10-07T06:26:08.434071,5493001ZABYZPD63HV28,DEAL,BUY,213800LBPT1H9WO9ZL78
TRX-00000040,US02079K3059,86435.43,4834.4786,EUR,XFRA,2026-10-06T17:26:08.434077,529900D6BHCL8WQ7R898,MATCH,SELL,213800LBPT1H9WO9ZL78
TRX-00000041,GB00B03MLX29,87703.96,1306.8148,JPY,XAMS,2026-10-07T12:26:08.434082,213800LBPT1H9WO9ZL78,ANYOTC,SELL,213800LBPT1H9WO9ZL78
TRX-00000042,US5949181045,43639.95,4921.195,GBP,XMIL,2026-10-06T19:26:08.434088,5493001ZABYZPD63HV28,MATCH,BUY,213800LBPT1H9WO9ZL78
TRX-00000043,GB0002374006,51992.51,4032.7478,USD,XFRA,2026-10-07T00:26:08.434093,213800LBPT1H9WO9ZL78,ANYOTC,SELL,213800LBPT1H9WO9ZL78
TRX-00000044,GB00B03MLX29,71975.71,1502.311,EUR,XMIL,2026-10-07T03:26:08.434098,549300JSX0Z4CY0V0P21,ANYOTC,SELL,213800LBPT1H9WO9ZL78
TRX-00000045,US0378331005,42045.21,4701.878,USD,XAMS,2026-10-07T01:26:08.434103,529900D6BHCL8WQ7R898,DEAL,SELL,213800LBPT1H9WO9ZL78
TRX-00000046,DE0007164600,78576.1,3033.7012,EUR,XMAD,2026-10-06T23:26:08.434109,549300JSX0Z4CY0V0P21,ANYOTC,BUY,213800LBPT1H9WO9ZL78
TRX-00000047,GB00B0MYJG27,65885.42,1419.6482,JPY,XFRA,2026-10-07T11:26:08.434114,5493001ZABYZPD63HV28,ANYOTC,SELL,213800LBPT1H9WO9ZL78
TRX-00000048,US0378331005,14736.25,232.0224,CHF,XNYS,2026-10-06T23:26:08.434119,549300JSX0Z4CY0V0P21,ANYOTC,BUY,213800LBPT1H9WO9ZL78
TRX-00000049,DE0007164600,49438.22,1220.6782,GBP,XNYS,2026-10-07T00:26:08.434124,5493001ZABYZPD63HV28,DEAL,SELL,213800LBPT1H9WO9ZL78
TRX-00000050,GB00B03MLX29,45646.73,4007.2816,JPY,XFRA,2026-10-06T23:26:08.434131,529900D6BHCL8WQ7R898,ANYOTC,SELL,213800LBPT1H9WO9ZL78
TRX-00000051,NL0010273215,44591.92,796.6304,CHF,XMAD,2026-10-07T05:26:08.434136,5493001ZABYZPD63HV28,ANYOTC,SELL,213800LBPT1H9WO9ZL78
TRX-00000052,NL0010273215,48460.22,1196.9901,CHF,XNYS,2026-10-06T15:26:08.434140,5493006B1YHUQ7ZX5L88,DEAL,SELL,213800LBPT1H9WO9ZL78
TRX-00000053,NL0010273215,8058.69,755.0025,CHF,XNAS,2026-10-06T15:26:08.434145,5493001ZABYZPD63HV28,DEAL,SELL,213800LBPT1H9WO9ZL78
TRX-00000054,NL0010273215,46592.96,312.2663,CHF,XMIL,2026-10-06T19:26:08.434150,213800LBPT1H9WO9ZL78,ANYOTC,SELL,213800LBPT1H9WO9ZL78
TRX-00000055,US5949181045,29861.97,1950.5433,CHF,XPAR,2026-10-06T22:26:08.434155,5493001ZABYZPD63HV28,MATCH,SELL,213800LBPT1H9WO9ZL78
TRX-00000056,DE0007164600,33613.62,3396.0303,CHF,XNAS,2026-10-06T23:26:08.434160,5493001ZABYZPD63HV28,ANYOTC,BUY,213800LBPT1H9WO9ZL78
TRX-00000057,CH0012005267,56439.63,136.4831,CHF,XNAS,2026-10-06T23:26:08.434165,5493001ZABYZPD63HV28,DEAL,SELL,213800LBPT1H9WO9ZL78
TRX-00000058,US0378331005,45470.48,1688.1652,CHF,XAMS,2026-10-07T00:26:08.434170,5493006B1YHUQ7ZX5L88,DEAL,SELL,213800LBPT1H9WO9ZL78
TRX-00000059,US5949181045,22422.99,344.0232,GBP,XLON,2026-10-07T06:26:08.434175,5493001ZABYZPD63HV28,DEAL,BUY,213800LBPT1H9WO9ZL78
TRX-00000060,FR0000120271,66946.22,2820.2839,USD,XMAD,2026-10-06T15:26:08.434181,5493006B1YHUQ7ZX5L88,MATCH,BUY,213800LBPT1H9WO9ZL78
TRX-00000061,GB00B03MLX29,77779.41,819.6653,EUR,XNYS,2026-10-06T19:26:08.434186,213800LBPT1H9WO9ZL78,MATCH,SELL,213800LBPT1H9WO9ZL78
TRX-00000062,US0378331005,7600.57,3453.3815,USD,XNYS,2026-10-06T15:26:08.434191,5493006B1YHUQ7ZX5L88,ANYOTC,BUY,213800LBPT1H9WO9ZL78
TRX-00000063,CH0012005267,78263.75,1736.6716,CHF,XFRA,2026-10-07T11:26:08.434196,529900D6BHCL8WQ7R898,ANYOTC,SELL,213800LBPT1H9WO9ZL78
TRX-00000064,FR0000120271,10554.78,4803.977,CHF,XNAS,2026-10-07T00:26:08.434201,5493001ZABYZPD63HV28,ANYOTC,SELL,213800LBPT1H9WO9ZL78
TRX-00000065,NL0010273215,77464.37,2324.904,JPY,XAMS,2026-10-07T03:26:08.434206,5493001ZABYZPD63HV28,DEAL,SELL,213800LBPT1H9WO9ZL78
TRX-00000066,US0378331005,75047.88,2849.6784,CHF,XFRA,2026-10-07T13:26:08.434211,549300JSX0Z4CY0V0P21,MATCH,BUY,213800LBPT1H9WO9ZL78
TRX-00000067,US5949181045,79783.44,1702.3539,JPY,XAMS,2026-10-06T20:26:08.434216,213800LBPT1H9WO9ZL78,ANYOTC,BUY,213800LBPT1H9WO9ZL78
TRX-00000068,FR0000120271,55518.07,1202.3794,CHF,XMAD,2026-10-06T23:26:08.434220,213800LBPT1H9WO9ZL78,DEAL,SELL,213800LBPT1H9WO9ZL78
TRX-00000069,US0378331005,30621.3,2908.1964,CHF,XFRA,2026-10-07T00:26:08.434225,529900D6BHCL8WQ7R898,MATCH,SELL,213800LBPT1H9WO9ZL78
TRX-00000070,US02079K3059,30662.99,1153.4597,USD,XFRA,2026-10-07T10:26:08.434231,529900D6BHCL8WQ7R898,ANYOTC,BUY,213800LBPT1H9WO9ZL78
TRX-00000071,FR0000120271,27650.69,2948.3449,JPY,XAMS,2026-10-07T10:26:08.434236,5493001ZABYZPD63HV28,MATCH,BUY,213800LBPT1H9WO9ZL78
TRX-00000072,US02079K3059,1415.82,2671.1413,EUR,XLON,2026-10-07T12:26:08.434241,529900D6BHCL8WQ7R898,MATCH,BUY,213800LBPT1H9WO9ZL78
TRX-00000073,FR0000120271,10259.66,62.3148,EUR,XMAD,2026-10-06T22:26:08.434246,549300JSX0Z4CY0V0P21,MATCH,BUY,213800LBPT1H9WO9ZL78
TRX-00000074,US02079K3059,94106.42,2389.1682,GBP,XMIL,2026-10-06T22:26:08.434251,213800LBPT1H9WO9ZL78,ANYOTC,BUY,213800LBPT1H9WO9ZL78
TRX-00000075,CH0012005267,94912.62,426.8194,USD,XNYS,2026-10-06T20:26:08.434256,549300JSX0Z4CY0V0P21,ANYOTC,BUY,213800LBPT1H9WO9ZL78
TRX-00000076,DE0007164600,45052.0,2214.1623,JPY,XMIL,2026-10-07T04:26:08.434261,529900D6BHCL8WQ7R898,ANYOTC,BUY,213800LBPT1H9WO9ZL78
TRX-00000077,GB00B03MLX29,94759.07,1039.7317,USD,XAMS,2026-10-06T16:26:08.434266,213800LBPT1H9WO9ZL78,DEAL,BUY,213800LBPT1H9WO9ZL78
TRX-00000078,GB00B03MLX29,15654.11,2043.1793,JPY,XMAD,2026-10-07T04:26:08.434272,213800LBPT1H9WO9ZL78,DEAL,SELL,213800LBPT1H9WO9ZL78
TRX-00000079,FR0000120271,7118.9,1167.8856,EUR,XPAR,2026-10-07T00:26:08.434277,213800LBPT1H9WO9ZL78,ANYOTC,BUY,213800LBPT1H9WO9ZL78
TRX-00000080,US02079K3059,82663.29,357.9778,USD,XAMS,2026-10-06T18:26:08.434283,529900D6BHCL8WQ7R898,MATCH,SELL,213800LBPT1H9WO9ZL78
TRX-00000081,US02079K3059,69973.67,4713.4385,JPY,XMAD,2026-10-06T23:26:08.434288,213800LBPT1H9WO9ZL78,ANYOTC,BUY,213800LBPT1H9WO9ZL78
TRX-00000082,US5949181045,60371.76,130.2986,USD,XLON,2026-10-06T16:26:08.434293,5493006B1YHUQ7ZX5L88,ANYOTC,BUY,213800LBPT1H9WO9ZL78
TRX-00000083,GB00B0MYJG27,47050.61,3257.8959,EUR,XNAS,2026-10-06T19:26:08.434298,549300JSX0Z4CY0V0P21,ANYOTC,SELL,213800LBPT1H9WO9ZL78
TRX-00000084,FR0000120271,34796.76,1667.2087,GBP,XNAS,2026-10-07T03:26:08.434302,549300JSX0Z4CY0V0P21,ANYOTC,SELL,213800LBPT1H9WO9ZL78
TRX-00000085,DE0007164600,81356.79,2750.9329,CHF,XNYS,2026-10-07T03:26:08.434307,5493006B1YHUQ7ZX5L88,MATCH,BUY,213800LBPT1H9WO9ZL78
TRX-00000086,DE0007164600,86491.19,4124.8111,GBP,XMAD,2026-10-07T00:26:08.434312,213800LBPT1H9WO9ZL78,DEAL,SELL,213800LBPT1H9WO9ZL78
TRX-00000087,FR0000120271,62541.25,3800.1927,USD,XAMS,2026-10-06T20:26:08.434317,5493001ZABYZPD63HV28,MATCH,SELL,213800LBPT1H9WO9ZL78
TRX-00000088,FR0000120271,12143.49,4865.7609,JPY,XPAR,2026-10-06T15:26:08.434321,5493001ZABYZPD63HV28,MATCH,BUY,213800LBPT1H9WO9ZL78
TRX-00000089,GB00B03MLX29,22470.84,4207.187,GBP,XMAD,2026-10-07T10:26:08.434326,5493001ZABYZPD63HV28,MATCH,SELL,213800LBPT1H9WO9ZL78
TRX-00000090,US02079K3059,41549.62,2413.0154,CHF,XPAR,2026-10-06T23:26:08.434335,529900D6BHCL8WQ7R898,DEAL,SELL,213800LBPT1H9WO9ZL78
TRX-00000091,CH0012005267,50824.58,4396.7519,GBP,XAMS,2026-10-07T00:26:08.434340,5493006B1YHUQ7ZX5L88,ANYOTC,SELL,213800LBPT1H9WO9ZL78
TRX-00000092,US02079K3059,72605.37,4187.5421,JPY,XMAD,2026-10-07T09:26:08.434345,549300JSX0Z4CY0V0P21,ANYOTC,SELL,213800LBPT1H9WO9ZL78
TRX-00000093,NL0010273215,76287.5,1886.6731,EUR,XPAR,2026-10-06T15:26:08.434350,5493001ZABYZPD63HV28,ANYOTC,SELL,213800LBPT1H9WO9ZL78
TRX-00000094,DE0007164600,4365.69,3723.7811,CHF,XMIL,2026-10-06T16:26:08.434358,5493001ZABYZPD63HV28,MATCH,BUY,213800LBPT1H9WO9ZL78
TRX-00000095,CH0012005267,33200.14,502.7226,CHF,XNYS,2026-10-06T21:26:08.434363,549300JSX0Z4CY0V0P21,DEAL,BUY,213800LBPT1H9WO9ZL78
TRX-00000096,GB00B0MYJG27,7483.75,3907.8449,EUR,XFRA,2026-10-06T18:26:08.434368,549300JSX0Z4CY0V0P21,ANYOTC,BUY,213800LBPT1H9WO9ZL78
TRX-00000097,NL0010273215,38001.56,1583.9891,CHF,XLON,2026-10-06T18:26:08.434373,213800LBPT1H9WO9ZL78,DEAL,SELL,213800LBPT1H9WO9ZL78
TRX-00000098,GB00B03MLX29,43397.71,493.1172,GBP,XMAD,2026-10-07T08:26:08.434378,5493006B1YHUQ7ZX5L88,DEAL,BUY,213800LBPT1H9WO9ZL78
TRX-00000099,GB0002374006,29337.48,1874.8306,USD,XPAR,2026-10-06T21:26:08.434383,549300JSX0Z4CY0V0P21,ANYOTC,BUY,213800LBPT1H9WO9ZL78
TRX-00000100,GB00B03MLX29,60949.57,1913.3389,USD,XMAD,2026-10-06T19:26:08.434390,5493001ZABYZPD63HV28,DEAL,SELL,213800LBPT1H9WO9ZL78
TRX-00000101,FR0000120271,25533.42,47.9778,CHF,XAMS,2026-10-06T16:26:08.434395,529900D6BHCL8WQ7R898,DEAL,BUY,213800LBPT1H9WO9ZL78
TRX-00000102,US5949181045,98765.18,1496.4721,CHF,XAMS,2026-10-06T23:26:08.434400,5493006B1YHUQ7ZX5L88,DEAL,SELL,213800LBPT1H9WO9ZL78
TRX-00000103,GB00B03MLX29,23721.33,2860.0415,JPY,XAMS,2026-10-06T15:26:08.434405,5493006B1YHUQ7ZX5L88,DEAL,SELL,213800LBPT1H9WO9ZL78
TRX-00000104,CH0012005267,86506.87,3891.7798,GBP,XMAD,2026-10-07T04:26:08.434410,5493001ZABYZPD63HV28,ANYOTC,SELL,213800LBPT1H9WO9ZL78
TRX-00000105,US0378331005,62089.5,3389.1445,USD,XNYS,2026-10-06T17:26:08.434415,213800LBPT1H9WO9ZL78,MATCH,SELL,213800LBPT1H9WO9ZL78
TRX-00000106,GB00B0MYJG27,9014.25,1476.2571,CHF,XNAS,2026-10-07T07:26:08.434420,5493001ZABYZPD63HV28,ANYOTC,SELL,213800LBPT1H9WO9ZL78
TRX-00000107,US02079K3059,83047.43,1285.5935,CHF,XAMS,2026-10-06T14:26:08.434425,5493006B1YHUQ7ZX5L88,DEAL,SELL,213800LBPT1H9WO9ZL78
TRX-00000108,GB00B0MYJG27,75415.4,1128.8479,CHF,XFRA,2026-10-07T11:26:08.434430,549300JSX0Z4CY0V0P21,DEAL,SELL,213800LBPT1H9WO9ZL78
TRX-00000109,FR0000120271,36859.2,3745.309,EUR,XMIL,2026-10-06T17:26:08.434435,5493006B1YHUQ7ZX5L88,DEAL,BUY,213800LBPT1H9WO9ZL78
TRX-00000110,CH0012005267,88423.6,2807.4755,JPY,XPAR,2026-10-06T17:26:08.434443,213800LBPT1H9WO9ZL78,ANYOTC,SELL,213800LBPT1H9WO9ZL78
TRX-00000111,US02079K3059,64924.3,584.263,GBP,XLON,2026-10-07T04:26:08.434448,549300JSX0Z4CY0V0P21,DEAL,BUY,213800LBPT1H9WO9ZL78
TRX-00000112,NL0010273215,13567.27,2268.7651,JPY,XMIL,2026-10-06T19:26:08.434452,5493001ZABYZPD63HV28,MATCH,BUY,213800LBPT1H9WO9ZL78
TRX-00000113,CH0012005267,40812.18,4757.6561,GBP,XFRA,2026-10-07T07:26:08.434457,549300JSX0Z4CY0V0P21,MATCH,BUY,213800LBPT1H9WO9ZL78
TRX-00000114,GB00B03MLX29,98092.79,1837.3075,EUR,XLON,2026-10-07T01:26:08.434462,5493006B1YHUQ7ZX5L88,DEAL,BUY,213800LBPT1H9WO9ZL78
TRX-00000115,FR0000120271,9168.25,1061.317,JPY,XLON,2026-10-07T12:26:08.434467,5493006B1YHUQ7ZX5L88,DEAL,BUY,213800LBPT1H9WO9ZL78
TRX-00000116,US0378331005,6861.95,3826.0217,USD,XPAR,2026-10-07T06:26:08.434472,5493006B1YHUQ7ZX5L88,DEAL,BUY,213800LBPT1H9WO9ZL78
TRX-00000117,GB00B0MYJG27,98752.74,2701.5371,USD,XNYS,2026-10-06T16:26:08.434477,213800LBPT1H9WO9ZL78,DEAL,BUY,213800LBPT1H9WO9ZL78
TRX-00000118,US0378331005,58885.7,79.8896,EUR,XLON,2026-10-07T09:26:08.434481,549300JSX0Z4CY0V0P21,ANYOTC,BUY,213800LBPT1H9WO9ZL78
TRX-00000119,FR0000120271,44828.07,1810.8328,JPY,XNYS,2026-10-06T23:26:08.434486,529900D6BHCL8WQ7R898,DEAL,BUY,213800LBPT1H9WO9ZL78
TRX-00000120,NL0010273215,30163.73,3217.0601,GBP,XLON,2026-10-06T22:26:08.434492,549300JSX0Z4CY0V0P21,MATCH,BUY,213800LBPT1H9WO9ZL78
TRX-00000121,FR0000120271,7350.0,404.8716,JPY,XNAS,2026-10-07T11:26:08.434497,5493001ZABYZPD63HV28,MATCH,SELL,213800LBPT1H9WO9ZL78
TRX-00000122,CH0012005267,53056.15,2269.1234,JPY,XMIL,2026-10-07T10:26:08.434502,213800LBPT1H9WO9ZL78,ANYOTC,BUY,213800LBPT1H9WO9ZL78
TRX-00000123,US0378331005,41381.94,4137.2687,CHF,XMIL,2026-10-06T14:26:08.434507,213800LBPT1H9WO9ZL78,MATCH,SELL,213800LBPT1H9WO9ZL78
TRX-00000124,US02079K3059,37430.73,764.042,CHF,XNYS,2026-10-07T11:26:08.434512,213800LBPT1H9WO9ZL78,DEAL,SELL,213800LBPT1H9WO9ZL78
TRX-00000125,GB00B0MYJG27,55637.52,2932.7389,JPY,XFRA,2026-10-06T16:26:08.434517,213800LBPT1H9WO9ZL78,MATCH,SELL,213800LBPT1H9WO9ZL78
TRX-00000126,DE0007164600,86809.35,3605.5823,EUR,XAMS,2026-10-07T02:26:08.434522,213800LBPT1H9WO9ZL78,ANYOTC,BUY,213800LBPT1H9WO9ZL78
TRX-00000127,FR0000120271,22425.26,541.9837,JPY,XFRA,2026-10-07T10:26:08.434526,5493006B1YHUQ7ZX5L88,ANYOTC,BUY,213800LBPT1H9WO9ZL78
TRX-00000128,NL0010273215,97454.69,4092.3159,JPY,XLON,2026-10-06T18:26:08.434531,5493006B1YHUQ7ZX5L88,DEAL,BUY,213800LBPT1H9WO9ZL78
TRX-00000129,US02079K3059,92153.83,1755.7661,USD,XNAS,2026-10-06T19:26:08.434536,549300JSX0Z4CY0V0P21,DEAL,BUY,213800LBPT1H9WO9ZL78
TRX-00000130,GB0002374006,9176.68,2652.883,CHF,XMIL,2026-10-06T23:26:08.434542,5493006B1YHUQ7ZX5L88,DEAL,SELL,213800LBPT1H9WO9ZL78
TRX-00000131,US5949181045,77683.79,2838.4002,GBP,XLON,2026-10-07T09:26:08.434547,5493001ZABYZPD63HV28,ANYOTC,BUY,213800LBPT1H9WO9ZL78
TRX-00000132,US02079K3059,44311.85,2120.6499,JPY,XMAD,2026-10-07T00:26:08.434552,5493006B1YHUQ7ZX5L88,DEAL,BUY,213800LBPT1H9WO9ZL78
TRX-00000133,GB00B03MLX29,28325.36,3392.7528,CHF,XAMS,2026-10-07T12:26:08.434556,5493001ZABYZPD63HV28,MATCH,BUY,213800LBPT1H9WO9ZL78
TRX-00000134,US0378331005,76735.19,3821.0403,EUR,XFRA,2026-10-07T10:26:08.434574,213800LBPT1H9WO9ZL78,MATCH,SELL,213800LBPT1H9WO9ZL78
TRX-00000135,DE0007164600,53258.7,1151.3235,JPY,XFRA,2026-10-07T11:26:08.434579,549300JSX0Z4CY0V0P21,ANYOTC,BUY,213800LBPT1H9WO9ZL78
TRX-00000136,FR0000120271,92116.32,4310.688,JPY,XMIL,2026-10-06T19:26:08.434584,549300JSX0Z4CY0V0P21,ANYOTC,SELL,213800LBPT1H9WO9ZL78
TRX-00000137,DE0007164600,2086.64,1624.5161,JPY,XMAD,2026-10-06T15:26:08.434589,5493006B1YHUQ7ZX5L88,DEAL,SELL,213800LBPT1H9WO9ZL78
TRX-00000138,US0378331005,43568.22,2002.8486,GBP,XMIL,2026-10-07T04:26:08.434594,5493006B1YHUQ7ZX5L88,DEAL,SELL,213800LBPT1H9WO9ZL78
TRX-00000139,GB00B03MLX29,51048.82,571.0192,JPY,XPAR,2026-10-07T02:26:08.434598,5493006B1YHUQ7ZX5L88,ANYOTC,BUY,213800LBPT1H9WO9ZL78
TRX-00000140,GB00B0MYJG27,25597.57,868.3216,USD,XNYS,2026-10-07T08:26:08.434605,549300JSX0Z4CY0V0P21,MATCH,SELL,213800LBPT1H9WO9ZL78
TRX-00000141,CH0012005267,64299.54,4932.6732,EUR,XFRA,2026-10-07T09:26:08.434610,549300JSX0Z4CY0V0P21,DEAL,SELL,213800LBPT1H9WO9ZL78
TRX-00000142,US02079K3059,79633.17,2957.5074,EUR,XNYS,2026-10-07T04:26:08.434616,549300JSX0Z4CY0V0P21,MATCH,BUY,213800LBPT1H9WO9ZL78
TRX-00000143,GB00B03MLX29,64467.0,4886.8653,GBP,XMIL,2026-10-06T23:26:08.434622,529900D6BHCL8WQ7R898,ANYOTC,BUY,213800LBPT1H9WO9ZL78
TRX-00000144,CH0012005267,65184.09,1608.3123,CHF,XNAS,2026-10-07T12:26:08.434628,549300JSX0Z4CY0V0P21,DEAL,SELL,213800LBPT1H9WO9ZL78
TRX-00000145,GB00B03MLX29,50455.4,863.622,USD,XMAD,2026-10-06T23:26:08.434633,529900D6BHCL8WQ7R898,ANYOTC,BUY,213800LBPT1H9WO9ZL78
TRX-00000146,US02079K3059,38742.27,3872.5495,JPY,XLON,2026-10-06T17:26:08.434637,5493006B1YHUQ7ZX5L88,DEAL,SELL,213800LBPT1H9WO9ZL78
TRX-00000147,US02079K3059,25200.33,4257.9797,JPY,XNAS,2026-10-07T03:26:08.434642,213800LBPT1H9WO9ZL78,ANYOTC,BUY,213800LBPT1H9WO9ZL78
TRX-00000148,US02079K3059,96769.68,3492.7013,CHF,XNAS,2026-10-06T18:26:08.434647,213800LBPT1H9WO9ZL78,MATCH,SELL,213800LBPT1H9WO9ZL78
TRX-00000149,US5949181045,81318.67,3350.9119,JPY,XNYS,2026-10-06T17:26:08.434652,549300JSX0Z4CY0V0P21,ANYOTC,SELL,213800LBPT1H9WO9ZL78
TRX-00000150,US0378331005,34173.89,3831.0149,USD,XPAR,2026-10-07T09:26:08.434658,5493001ZABYZPD63HV28,DEAL,SELL,213800LBPT1H9WO9ZL78
TRX-00000151,GB00B03MLX29,50769.46,2699.314,JPY,XLON,2026-10-06T16:26:08.434663,5493006B1YHUQ7ZX5L88,ANYOTC,BUY,213800LBPT1H9WO9ZL78
TRX-00000152,GB00B0MYJG27,16225.56,4156.8939,JPY,XNAS,2026-10-06T14:26:08.434668,549300JSX0Z4CY0V0P21,DEAL,SELL,213800LBPT1H9WO9ZL78
TRX-00000153,US0378331005,96958.89,3053.3665,CHF,XPAR,2026-10-06T20:26:08.434673,5493001ZABYZPD63HV28,MATCH,SELL,213800LBPT1H9WO9ZL78
TRX-00000154,US0378331005,36784.73,4735.7037,CHF,XMAD,2026-10-07T04:26:08.434678,549300JSX0Z4CY0V0P21,ANYOTC,SELL,213800LBPT1H9WO9ZL78
TRX-00000155,US0378331005,80126.12,692.8543,EUR,XLON,2026-10-06T17:26:08.434682,549300JSX0Z4CY0V0P21,MATCH,BUY,213800LBPT1H9WO9ZL78
TRX-00000156,NL0010273215,85116.75,1426.03,USD,XAMS,2026-10-06T23:26:08.434687,529900D6BHCL8WQ7R898,DEAL,SELL,213800LBPT1H9WO9ZL78
TRX-00000157,FR0000120271,88463.09,4652.4292,CHF,XLON,2026-10-07T01:26:08.434692,529900D6BHCL8WQ7R898,MATCH,BUY,213800LBPT1H9WO9ZL78
TRX-00000158,GB00B03MLX29,37491.89,141.9095,GBP,XFRA,2026-10-07T09:26:08.434697,5493001ZABYZPD63HV28,DEAL,SELL,213800LBPT1H9WO9ZL78
TRX-00000159,FR0000120271,69607.5,694.8247,CHF,XMAD,2026-10-06T18:26:08.434701,213800LBPT1H9WO9ZL78,DEAL,BUY,213800LBPT1H9WO9ZL78
TRX-00000160,GB00B0MYJG27,54880.88,3636.4467,JPY,XMIL,2026-10-07T10:26:08.434708,5493006B1YHUQ7ZX5L88,DEAL,SELL,213800LBPT1H9WO9ZL78
TRX-00000161,US0378331005,41983.13,3969.7016,CHF,XNYS,2026-10-07T10:26:08.434712,549300JSX0Z4CY0V0P21,ANYOTC,BUY,213800LBPT1H9WO9ZL78
TRX-00000162,CH0012005267,24194.57,718.7406,CHF,XLON,2026-10-06T18:26:08.434728,5493006B1YHUQ7ZX5L88,DEAL,SELL,213800LBPT1H9WO9ZL78
TRX-00000163,GB00B03MLX29,52348.93,1803.6582,JPY,XLON,2026-10-07T01:26:08.434734,549300JSX0Z4CY0V0P21,DEAL,SELL,213800LBPT1H9WO9ZL78
TRX-00000164,US02079K3059,74731.91,1786.1123,GBP,XFRA,2026-10-07T06:26:08.434740,213800LBPT1H9WO9ZL78,ANYOTC,SELL,213800LBPT1H9WO9ZL78
TRX-00000165,US5949181045,54601.83,4067.7308,USD,XMAD,2026-10-06T15:26:08.434745,549300JSX0Z4CY0V0P21,ANYOTC,BUY,213800LBPT1H9WO9ZL78
TRX-00000166,GB00B03MLX29,71604.79,4718.0821,GBP,XAMS,2026-10-07T07:26:08.434750,213800LBPT1H9WO9ZL78,DEAL,BUY,213800LBPT1H9WO9ZL78
TRX-00000167,US02079K3059,51538.84,4945.6244,JPY,XMAD,2026-10-07T05:26:08.434755,213800LBPT1H9WO9ZL78,ANYOTC,BUY,213800LBPT1H9WO9ZL78
TRX-00000168,GB0002374006,86579.96,1660.2915,GBP,XFRA,2026-10-07T00:26:08.434759,549300JSX0Z4CY0V0P21,ANYOTC,SELL,213800LBPT1H9WO9ZL78
TRX-00000169,DE0007164600,33904.32,934.8993,CHF,XFRA,2026-10-06T21:26:08.434764,5493006B1YHUQ7ZX5L88,DEAL,SELL,213800LBPT1H9WO9ZL78
TRX-00000170,GB00B0MYJG27,54547.89,1606.7359,GBP,XFRA,2026-10-06T16:26:08.434771,5493006B1YHUQ7ZX5L88,MATCH,SELL,213800LBPT1H9WO9ZL78
TRX-00000171,DE0007164600,16665.31,2220.098,CHF,XLON,2026-10-06T14:26:08.434775,5493006B1YHUQ7ZX5L88,ANYOTC,SELL,213800LBPT1H9WO9ZL78
TRX-00000172,GB0002374006,7505.04,3187.9252,EUR,XNAS,2026-10-07T13:26:08.434780,5493001ZABYZPD63HV28,ANYOTC,SELL,213800LBPT1H9WO9ZL78
TRX-00000173,,36215.7,4747.3861, Sterling,NYSE,2026-10-06T16:26:08.434788,5493006B1YHUQ7ZX5L,MATCH,SELL,213800LBPT1H9WO9ZL78
TRX-00000174,GB00B03MLX29,57392.6,2647.7699,CHF,XFRA,2026-10-06T17:26:08.434793,5493006B1YHUQ7ZX5L88,DEAL,BUY,213800LBPT1H9WO9ZL78
TRX-00000175,NL0010273215,38699.35,2808.8019,EUR,XAMS,2026-10-06T15:26:08.434798,549300JSX0Z4CY0V0P21,DEAL,SELL,213800LBPT1H9WO9ZL78
TRX-00000176,FR0000120271,20018.63,679.5064,GBP,XMAD,2026-10-07T08:26:08.434802,549300JSX0Z4CY0V0P21,DEAL,SELL,213800LBPT1H9WO9ZL78
TRX-00000177,GB00B03MLX29,55000.16,1452.5211,EUR,XNAS,2026-10-06T15:26:08.434807,5493001ZABYZPD63HV28,MATCH,BUY,213800LBPT1H9WO9ZL78
TRX-00000178,US0378331005,79206.78,1184.4442,CHF,XLON,2026-10-07T02:26:08.434812,529900D6BHCL8WQ7R898,ANYOTC,SELL,213800LBPT1H9WO9ZL78
TRX-00000179,NL0010273215,12977.99,4421.348,GBP,XAMS,2026-10-07T01:26:08.434817,549300JSX0Z4CY0V0P21,ANYOTC,SELL,213800LBPT1H9WO9ZL78
TRX-00000180,CH0012005267,7376.0,4861.9263,GBP,XMAD,2026-10-06T23:26:08.434824,529900D6BHCL8WQ7R898,MATCH,BUY,213800LBPT1H9WO9ZL78
TRX-00000181,NL0010273215,63979.75,910.6337,USD,XMIL,2026-10-06T21:26:08.434829,213800LBPT1H9WO9ZL78,DEAL,BUY,213800LBPT1H9WO9ZL78
TRX-00000182,GB00B0MYJG27,32266.75,3546.9513,EUR,XAMS,2026-10-07T11:26:08.434834,5493006B1YHUQ7ZX5L88,DEAL,SELL,213800LBPT1H9WO9ZL78
TRX-00000183,US02079K3059,61443.21,468.0486,USD,XNAS,2026-10-07T08:26:08.434839,529900D6BHCL8WQ7R898,ANYOTC,SELL,213800LBPT1H9WO9ZL78
TRX-00000184,CH0012005267,4120.39,4319.0422,GBP,XLON,2026-10-06T17:26:08.434844,529900D6BHCL8WQ7R898,MATCH,BUY,213800LBPT1H9WO9ZL78
TRX-00000185,DE0007164600,61811.22,152.3992,JPY,XAMS,2026-10-06T17:26:08.434848,5493006B1YHUQ7ZX5L88,MATCH,BUY,213800LBPT1H9WO9ZL78
TRX-00000186,DE0007164600,29744.09,365.7922,GBP,XNAS,2026-10-06T23:26:08.434853,549300JSX0Z4CY0V0P21,MATCH,SELL,213800LBPT1H9WO9ZL78
TRX-00000187,CH0012005267,14367.73,4307.5639,EUR,XFRA,2026-10-07T01:26:08.434858,5493001ZABYZPD63HV28,MATCH,BUY,213800LBPT1H9WO9ZL78
TRX-00000188,FR0000120271,12253.07,2248.5305,USD,XNYS,2026-10-07T12:26:08.434863,5493006B1YHUQ7ZX5L88,MATCH,SELL,213800LBPT1H9WO9ZL78
TRX-00000189,GB00B0MYJG27,81347.97,4668.8239,EUR,XPAR,2026-10-07T08:26:08.434868,549300JSX0Z4CY0V0P21,ANYOTC,SELL,213800LBPT1H9WO9ZL78
TRX-00000190,US02079K3059,49737.53,451.1554,CHF,XMAD,2026-10-07T06:26:08.434873,5493001ZABYZPD63HV28,ANYOTC,SELL,213800LBPT1H9WO9ZL78
TRX-00000191,CH0012005267,88234.07,3271.6459,CHF,XAMS,2026-10-06T20:26:08.434878,213800LBPT1H9WO9ZL78,DEAL,SELL,213800LBPT1H9WO9ZL78
TRX-00000192,US02079K3059,72751.08,3819.52,EUR,XLON,2026-10-07T01:26:08.434883,213800LBPT1H9WO9ZL78,ANYOTC,BUY,213800LBPT1H9WO9ZL78
TRX-00000193,US02079K3059,7354.1,2521.7734,JPY,XAMS,2026-10-06T18:26:08.434888,529900D6BHCL8WQ7R898,DEAL,BUY,213800LBPT1H9WO9ZL78
TRX-00000194,DE0007164600,37320.46,4933.9515,JPY,XFRA,2026-10-07T09:26:08.434893,5493001ZABYZPD63HV28,ANYOTC,SELL,213800LBPT1H9WO9ZL78
TRX-00000195,GB0002374006,3892.36,3568.2456,CHF,XMAD,2026-10-07T09:26:08.434899,529900D6BHCL8WQ7R898,ANYOTC,BUY,213800LBPT1H9WO9ZL78
TRX-00000196,CH0012005267,31853.68,1965.38,JPY,XAMS,2026-10-06T19:26:08.434903,5493006B1YHUQ7ZX5L88,ANYOTC,SELL,213800LBPT1H9WO9ZL78
TRX-00000197,US02079K3059,47489.79,84.1681,EUR,XNYS,2026-10-07T00:26:08.434908,529900D6BHCL8WQ7R898,MATCH,BUY,213800LBPT1H9WO9ZL78
TRX-00000198,US02079K3059,96707.1,3914.7371,JPY,XPAR,2026-10-06T14:26:08.434913,213800LBPT1H9WO9ZL78,ANYOTC,SELL,213800LBPT1H9WO9ZL78
TRX-00000199,CH0012005267,77460.84,1901.5715,USD,XLON,2026-10-06T19:26:08.434918,213800LBPT1H9WO9ZL78,DEAL,BUY,213800LBPT1H9WO9ZL78
TRX-00000200,DE0007164600,15143.97,3452.8108,CHF,XMAD,2026-10-06T14:26:08.434924,213800LBPT1H9WO9ZL78,ANYOTC,BUY,213800LBPT1H9WO9ZL78
TRX-00000201,NL0010273215,32505.63,3311.4718,JPY,XMIL,2026-10-07T03:26:08.434929,5493001ZABYZPD63HV28,MATCH,SELL,213800LBPT1H9WO9ZL78
TRX-00000202,US02079K3059,61008.05,962.1286,USD,XAMS,2026-10-06T20:26:08.434934,5493006B1YHUQ7ZX5L88,DEAL,SELL,213800LBPT1H9WO9ZL78
TRX-00000203,US0378331005,69024.3,2445.5264,CHF,XFRA,2026-10-06T20:26:08.434939,5493006B1YHUQ7ZX5L88,MATCH,BUY,213800LBPT1H9WO9ZL78
TRX-00000204,NL0010273215,37970.04,4900.8225,EUR,XNAS,2026-10-07T04:26:08.434944,213800LBPT1H9WO9ZL78,MATCH,BUY,213800LBPT1H9WO9ZL78
TRX-00000205,FR0000120271,65597.55,3736.9452,USD,XPAR,2026-10-06T20:26:08.434950,5493006B1YHUQ7ZX5L88,ANYOTC,SELL,213800LBPT1H9WO9ZL78
TRX-00000206,CH0012005267,74089.36,1197.171,GBP,XPAR,2026-10-06T17:26:08.434955,5493001ZABYZPD63HV28,DEAL,BUY,213800LBPT1H9WO9ZL78
TRX-00000207,FR0000120271,10055.39,3854.0595,GBP,XNAS,2026-10-07T00:26:08.434960,549300JSX0Z4CY0V0P21,MATCH,BUY,213800LBPT1H9WO9ZL78
TRX-00000208,US02079K3059,32117.45,3229.8437,GBP,XPAR,2026-10-06T20:26:08.434965,213800LBPT1H9WO9ZL78,DEAL,SELL,213800LBPT1H9WO9ZL78
TRX-00000209,GB00B0MYJG27,93392.33,182.6629,CHF,XMAD,2026-10-07T08:26:08.434970,5493006B1YHUQ7ZX5L88,DEAL,BUY,213800LBPT1H9WO9ZL78
TRX-00000210,CH0012005267,10730.96,4914.9864,EUR,XMAD,2026-10-06T17:26:08.434976,529900D6BHCL8WQ7R898,ANYOTC,SELL,213800LBPT1H9WO9ZL78
TRX-00000211,GB00B0MYJG27,85106.12,2340.6358,USD,XNYS,2026-10-07T03:26:08.434981,5493001ZABYZPD63HV28,ANYOTC,SELL,213800LBPT1H9WO9ZL78
TRX-00000212,GB00B0MYJG27,1409.41,1686.2238,EUR,XPAR,2026-10-07T08:26:08.434986,529900D6BHCL8WQ7R898,ANYOTC,SELL,213800LBPT1H9WO9ZL78
TRX-00000213,NL0010273215,32793.34,2004.7654,GBP,XNAS,2026-10-07T09:26:08.434991,549300JSX0Z4CY0V0P21,MATCH,BUY,213800LBPT1H9WO9ZL78
TRX-00000214,FR0000120271,75375.91,4770.2201,EUR,XLON,2026-10-07T05:26:08.434996,5493006B1YHUQ7ZX5L88,ANYOTC,BUY,213800LBPT1H9WO9ZL78
TRX-00000215,US02079K3059,15972.52,3430.682,EUR,XNYS,2026-10-06T17:26:08.435001,5493006B1YHUQ7ZX5L88,MATCH,BUY,213800LBPT1H9WO9ZL78
TRX-00000216,GB00B0MYJG27,47818.71,2275.4384,JPY,XFRA,2026-10-07T00:26:08.435006,529900D6BHCL8WQ7R898,MATCH,BUY,213800LBPT1H9WO9ZL78
TRX-00000217,CH0012005267,87313.63,410.2697,CHF,XFRA,2026-10-07T11:26:08.435012,529900D6BHCL8WQ7R898,DEAL,BUY,213800LBPT1H9WO9ZL78
TRX-00000218,NL0010273215,20216.48,2683.7641,USD,XFRA,2026-10-06T21:26:08.435018,549300JSX0Z4CY0V0P21,DEAL,BUY,213800LBPT1H9WO9ZL78
TRX-00000219,FR0000120271,9095.07,2552.3664,GBP,XMAD,2026-10-07T09:26:08.435023,529900D6BHCL8WQ7R898,MATCH,SELL,213800LBPT1H9WO9ZL78
TRX-00000220,NL0010273215,46238.37,4034.7698,GBP,XMIL,2026-10-07T05:26:08.435030,213800LBPT1H9WO9ZL78,ANYOTC,BUY,213800LBPT1H9WO9ZL78
TRX-00000221,GB0002374006,42370.31,3502.224,JPY,XLON,2026-10-07T11:26:08.435035,549300JSX0Z4CY0V0P21,DEAL,SELL,213800LBPT1H9WO9ZL78
TRX-00000222,GB00B0MYJG27,76583.0,4891.6881,CHF,XFRA,2026-10-07T01:26:08.435040,549300JSX0Z4CY0V0P21,MATCH,SELL,213800LBPT1H9WO9ZL78
TRX-00000223,NL0010273215,13299.85,4301.5726,GBP,XNAS,2026-10-06T20:26:08.435045,549300JSX0Z4CY0V0P21,ANYOTC,BUY,213800LBPT1H9WO9ZL78
TRX-00000224,US0378331005,83482.33,3781.1409,EUR,XMAD,2026-10-06T16:26:08.435050,529900D6BHCL8WQ7R898,MATCH,SELL,213800LBPT1H9WO9ZL78
TRX-00000225,US0378331005,46063.07,776.4517,USD,XNYS,2026-10-07T12:26:08.435055,549300JSX0Z4CY0V0P21,ANYOTC,BUY,213800LBPT1H9WO9ZL78
TRX-00000226,GB00B03MLX29,10090.57,168.8478,JPY,XLON,2026-10-07T06:26:08.435060,213800LBPT1H9WO9ZL78,MATCH,SELL,213800LBPT1H9WO9ZL78
TRX-00000227,US0378331005,75438.82,3880.542,USD,XAMS,2026-10-07T06:26:08.435066,529900D6BHCL8WQ7R898,MATCH,SELL,213800LBPT1H9WO9ZL78
TRX-00000228,GB00B0MYJG27,98569.57,2606.734,CHF,XAMS,2026-10-07T05:26:08.435071,213800LBPT1H9WO9ZL78,ANYOTC,BUY,213800LBPT1H9WO9ZL78
TRX-00000229,DE0007164600,55585.51,235.3736,EUR,XMIL,2026-10-06T21:26:08.435076,5493006B1YHUQ7ZX5L88,ANYOTC,SELL,213800LBPT1H9WO9ZL78
TRX-00000230,US02079K3059,37646.64,3772.3261,CHF,XPAR,2026-10-07T06:26:08.435082,5493006B1YHUQ7ZX5L88,ANYOTC,BUY,213800LBPT1H9WO9ZL78
TRX-00000231,GB0002374006,56239.03,4838.9632,JPY,XNAS,2026-10-07T01:26:08.435087,5493001ZABYZPD63HV28,MATCH,BUY,213800LBPT1H9WO9ZL78
TRX-00000232,GB00B03MLX29,92222.69,4235.8198,GBP,XPAR,2026-10-07T12:26:08.435092,5493006B1YHUQ7ZX5L88,MATCH,BUY,213800LBPT1H9WO9ZL78
TRX-00000233,US0378331005,80465.26,2938.3309,JPY,XPAR,2026-10-06T22:26:08.435096,5493001ZABYZPD63HV28,MATCH,SELL,213800LBPT1H9WO9ZL78
TRX-00000234,GB0002374006,21181.57,950.9285,GBP,XMAD,2026-10-07T06:26:08.435101,529900D6BHCL8WQ7R898,ANYOTC,BUY,213800LBPT1H9WO9ZL78
TRX-00000235,US0378331005,55208.38,3877.7939,CHF,XMAD,2026-10-06T20:26:08.435106,5493006B1YHUQ7ZX5L88,MATCH,SELL,213800LBPT1H9WO9ZL78
TRX-00000236,FR0000120271,46600.94,4014.2803,CHF,XFRA,2026-10-07T07:26:08.435111,5493006B1YHUQ7ZX5L88,MATCH,SELL,213800LBPT1H9WO9ZL78
TRX-00000237,GB00B0MYJG27,1622.97,2767.0045,JPY,XMIL,2026-10-07T04:26:08.435117,5493001ZABYZPD63HV28,DEAL,SELL,213800LBPT1H9WO9ZL78
TRX-00000238,CH0012005267,83336.44,2497.0081,EUR,XAMS,2026-10-06T22:26:08.435122,549300JSX0Z4CY0V0P21,MATCH,BUY,213800LBPT1H9WO9ZL78
TRX-00000239,US5949181045,16927.4,3601.8473,CHF,XNAS,2026-10-06T20:26:08.435127,213800LBPT1H9WO9ZL78,ANYOTC,BUY,213800LBPT1H9WO9ZL78
TRX-00000240,GB00B03MLX29,94518.87,3341.4095,GBP,XMIL,2026-10-07T09:26:08.435133,5493001ZABYZPD63HV28,DEAL,BUY,213800LBPT1H9WO9ZL78
TRX-00000241,US5949181045,6045.95,3189.0052,JPY,XMAD,2026-10-06T16:26:08.435138,549300JSX0Z4CY0V0P21,DEAL,BUY,213800LBPT1H9WO9ZL78
TRX-00000242,DE0007164600,1186.08,2647.5588,EUR,XAMS,2026-10-07T13:26:08.435143,529900D6BHCL8WQ7R898,ANYOTC,SELL,213800LBPT1H9WO9ZL78
TRX-00000243,GB00B0MYJG27,10702.54,482.4731,USD,XPAR,2026-10-07T07:26:08.435148,529900D6BHCL8WQ7R898,ANYOTC,SELL,213800LBPT1H9WO9ZL78
TRX-00000244,US02079K3059,79493.84,396.0172,CHF,XMAD,2026-10-06T19:26:08.435152,5493001ZABYZPD63HV28,ANYOTC,BUY,213800LBPT1H9WO9ZL78
TRX-00000245,GB00B03MLX29,65373.92,4291.2376,GBP,XNYS,2026-10-07T01:26:08.435157,549300JSX0Z4CY0V0P21,MATCH,SELL,213800LBPT1H9WO9ZL78
TRX-00000246,INVALID123,8269.53,4226.8036,,LONDON,2026-10-06T21:26:08.435164,213800LBPT1H9WO,DEAL,BUY,213800LBPT1H9WO9ZL78
TRX-00000247,CH0012005267,47550.55,233.7633,GBP,XAMS,2026-10-06T20:26:08.435169,529900D6BHCL8WQ7R898,ANYOTC,BUY,213800LBPT1H9WO9ZL78
TRX-00000248,US5949181045,1566.79,1036.5834,USD,XMIL,2026-10-07T11:26:08.435174,5493006B1YHUQ7ZX5L88,DEAL,BUY,213800LBPT1H9WO9ZL78
TRX-00000249,DE0007164600,67703.82,2703.2716,CHF,XNAS,2026-10-06T15:26:08.435179,213800LBPT1H9WO9ZL78,ANYOTC,SELL,213800LBPT1H9WO9ZL78
TRX-00000250,GB00B03MLX29,34059.93,3845.2593,JPY,XMIL,2026-10-07T03:26:08.435187,213800LBPT1H9WO9ZL78,ANYOTC,SELL,213800LBPT1H9WO9ZL78
TRX-00000251,FR0000120271,49060.86,1779.7002,CHF,XMIL,2026-10-07T08:26:08.435193,529900D6BHCL8WQ7R898,ANYOTC,SELL,213800LBPT1H9WO9ZL78
TRX-00000252,US0378331005,71311.14,411.108,USD,XMIL,2026-10-06T15:26:08.435198,5493001ZABYZPD63HV28,ANYOTC,SELL,213800LBPT1H9WO9ZL78
TRX-00000253,GB00B03MLX29,9152.95,4714.8582,CHF,XFRA,2026-10-07T05:26:08.435203,213800LBPT1H9WO9ZL78,DEAL,BUY,213800LBPT1H9WO9ZL78
TRX-00000254,FR0000120271,55698.95,2562.6918,GBP,XLON,2026-10-07T11:26:08.435207,5493006B1YHUQ7ZX5L88,ANYOTC,BUY,213800LBPT1H9WO9ZL78
TRX-00000255,US5949181045,86371.95,62.6907,CHF,XMIL,2026-10-07T11:26:08.435212,529900D6BHCL8WQ7R898,DEAL,BUY,213800LBPT1H9WO9ZL78
TRX-00000256,GB00B0MYJG27,13884.87,1506.3552,CHF,XNAS,2026-10-07T11:26:08.435217,5493001ZABYZPD63HV28,MATCH,SELL,213800LBPT1H9WO9ZL78
TRX-00000257,FR0000120271,78266.88,1806.2634,USD,XMAD,2026-10-06T18:26:08.435222,529900D6BHCL8WQ7R898,DEAL,SELL,213800LBPT1H9WO9ZL78
TRX-00000258,US02079K3059,677.73,1979.0642,JPY,XMIL,2026-10-07T03:26:08.435227,549300JSX0Z4CY0V0P21,MATCH,SELL,213800LBPT1H9WO9ZL78
TRX-00000259,CH0012005267,13613.31,1604.0051,USD,XMAD,2026-10-07T03:26:08.435232,5493001ZABYZPD63HV28,MATCH,SELL,213800LBPT1H9WO9ZL78
TRX-00000260,FR0000120271,96776.34,3910.0899,EUR,XMIL,2026-10-07T05:26:08.435239,549300JSX0Z4CY0V0P21,MATCH,BUY,213800LBPT1H9WO9ZL78
TRX-00000261,US0378331005,59223.11,2728.5998,JPY,XLON,2026-10-06T14:26:08.435244,549300JSX0Z4CY0V0P21,ANYOTC,BUY,213800LBPT1H9WO9ZL78
TRX-00000262,US02079K3059,83128.35,346.7242,CHF,XMAD,2026-10-07T09:26:08.435249,5493006B1YHUQ7ZX5L88,DEAL,SELL,213800LBPT1H9WO9ZL78
TRX-00000263,DE0007164600,78907.89,370.7517,JPY,XMAD,2026-10-06T19:26:08.435254,549300JSX0Z4CY0V0P21,ANYOTC,SELL,213800LBPT1H9WO9ZL78
TRX-00000264,US5949181045,70163.73,4061.6726,JPY,XNYS,2026-10-07T10:26:08.435259,5493001ZABYZPD63HV28,ANYOTC,SELL,213800LBPT1H9WO9ZL78
TRX-00000265,CH0012005267,4430.63,4918.0574,CHF,XFRA,2026-10-07T00:26:08.435264,213800LBPT1H9WO9ZL78,DEAL,BUY,213800LBPT1H9WO9ZL78
TRX-00000266,NL0010273215,74685.56,2790.4091,JPY,XPAR,2026-10-06T23:26:08.435268,5493006B1YHUQ7ZX5L88,MATCH,SELL,213800LBPT1H9WO9ZL78
TRX-00000267,CH0012005267,69044.04,754.5739,GBP,XMAD,2026-10-07T10:26:08.435273,5493006B1YHUQ7ZX5L88,MATCH,BUY,213800LBPT1H9WO9ZL78
TRX-00000268,GB00B0MYJG27,34833.52,1715.9903,USD,XMAD,2026-10-07T02:26:08.435278,549300JSX0Z4CY0V0P21,DEAL,SELL,213800LBPT1H9WO9ZL78
TRX-00000269,FR0000120271,31891.63,1502.0202,GBP,XLON,2026-10-07T03:26:08.435286,213800LBPT1H9WO9ZL78,ANYOTC,BUY,213800LBPT1H9WO9ZL78
TRX-00000270,US0378331005,51599.87,2759.9995,EUR,XMIL,2026-10-06T23:26:08.435292,5493001ZABYZPD63HV28,MATCH,BUY,213800LBPT1H9WO9ZL78
TRX-00000271,DE0007164600,39558.84,3687.2045,USD,XMAD,2026-10-06T19:26:08.435297,549300JSX0Z4CY0V0P21,MATCH,BUY,213800LBPT1H9WO9ZL78
TRX-00000272,US0378331005,27835.2,3519.095,GBP,XNYS,2026-10-06T20:26:08.435302,5493001ZABYZPD63HV28,MATCH,SELL,213800LBPT1H9WO9ZL78
TRX-00000273,GB00B03MLX29,26236.08,4313.3201,JPY,XFRA,2026-10-06T18:26:08.435306,549300JSX0Z4CY0V0P21,ANYOTC,SELL,213800LBPT1H9WO9ZL78
TRX-00000274,US5949181045,35199.14,2289.8451,USD,XAMS,2026-10-06T18:26:08.435311,529900D6BHCL8WQ7R898,DEAL,BUY,213800LBPT1H9WO9ZL78
TRX-00000275,US0378331005,30538.69,916.0395,USD,XMIL,2026-10-07T00:26:08.435316,529900D6BHCL8WQ7R898,DEAL,SELL,213800LBPT1H9WO9ZL78
TRX-00000276,FR0000120271,63550.53,3467.4712,USD,XNAS,2026-10-06T22:26:08.435321,5493006B1YHUQ7ZX5L88,DEAL,BUY,213800LBPT1H9WO9ZL78
TRX-00000277,FR0000120271,61941.38,4327.7456,GBP,XMAD,2026-10-07T09:26:08.435325,5493001ZABYZPD63HV28,MATCH,SELL,213800LBPT1H9WO9ZL78
TRX-00000278,FR0000120271,41563.63,4199.6191,CHF,XNAS,2026-10-07T11:26:08.435330,529900D6BHCL8WQ7R898,DEAL,BUY,213800LBPT1H9WO9ZL78
TRX-00000279,US02079K3059,22485.12,1444.0629,CHF,XMAD,2026-10-06T20:26:08.435335,529900D6BHCL8WQ7R898,DEAL,BUY,213800LBPT1H9WO9ZL78
TRX-00000280,NL0010273215,82328.46,1834.942,GBP,XMAD,2026-10-06T20:26:08.435342,5493001ZABYZPD63HV28,MATCH,BUY,213800LBPT1H9WO9ZL78
TRX-00000281,US0378331005,29771.6,4996.564,CHF,XAMS,2026-10-07T02:26:08.435347,213800LBPT1H9WO9ZL78,MATCH,BUY,213800LBPT1H9WO9ZL78
TRX-00000282,US0378331005,20988.61,3688.3273,EUR,XMIL,2026-10-07T08:26:08.435352,529900D6BHCL8WQ7R898,DEAL,BUY,213800LBPT1H9WO9ZL78
TRX-00000283,GB0002374006,57007.86,2661.8717,JPY,XNAS,2026-10-07T03:26:08.435356,5493006B1YHUQ7ZX5L88,MATCH,SELL,213800LBPT1H9WO9ZL78
TRX-00000284,NL0010273215,98548.84,3396.8173,GBP,XNAS,2026-10-07T00:26:08.435361,213800LBPT1H9WO9ZL78,MATCH,BUY,213800LBPT1H9WO9ZL78
TRX-00000285,GB00B0MYJG27,24968.47,3557.2628,USD,XMIL,2026-10-06T22:26:08.435367,5493001ZABYZPD63HV28,ANYOTC,SELL,213800LBPT1H9WO9ZL78
TRX-00000286,DE0007164600,45199.72,3168.5052,GBP,XMIL,2026-10-06T21:26:08.435371,5493006B1YHUQ7ZX5L88,ANYOTC,SELL,213800LBPT1H9WO9ZL78
TRX-00000287,FR0000120271,32729.6,13.363,GBP,XMAD,2026-10-06T17:26:08.435377,5493006B1YHUQ7ZX5L88,DEAL,SELL,213800LBPT1H9WO9ZL78
TRX-00000288,DE0007164600,82484.94,2474.08,EUR,XAMS,2026-10-07T03:26:08.435381,529900D6BHCL8WQ7R898,ANYOTC,BUY,213800LBPT1H9WO9ZL78
TRX-00000289,FR0000120271,78830.58,4470.8791,GBP,XLON,2026-10-07T10:26:08.435386,549300JSX0Z4CY0V0P21,DEAL,BUY,213800LBPT1H9WO9ZL78
TRX-00000290,GB00B0MYJG27,44129.15,4.379,CHF,XPAR,2026-10-06T15:26:08.435394,5493001ZABYZPD63HV28,ANYOTC,SELL,213800LBPT1H9WO9ZL78
TRX-00000291,US02079K3059,9334.91,1802.8165,GBP,XFRA,2026-10-06T16:26:08.435399,5493001ZABYZPD63HV28,DEAL,SELL,213800LBPT1H9WO9ZL78
TRX-00000292,US0378331005,42923.66,456.9047,GBP,XLON,2026-10-07T07:26:08.435404,549300JSX0Z4CY0V0P21,DEAL,BUY,213800LBPT1H9WO9ZL78
TRX-00000293,NL0010273215,67998.59,47.4255,EUR,XNYS,2026-10-07T00:26:08.435408,5493001ZABYZPD63HV28,MATCH,BUY,213800LBPT1H9WO9ZL78
TRX-00000294,GB00B03MLX29,73076.61,513.0334,EUR,XFRA,2026-10-07T04:26:08.435413,5493001ZABYZPD63HV28,MATCH,BUY,213800LBPT1H9WO9ZL78
TRX-00000295,GB00B0MYJG27,6842.09,2816.8928,JPY,XNAS,2026-10-06T23:26:08.435418,5493006B1YHUQ7ZX5L88,ANYOTC,BUY,213800LBPT1H9WO9ZL78
TRX-00000296,GB00B0MYJG27,91989.49,3080.764,CHF,XPAR,2026-10-07T11:26:08.435423,213800LBPT1H9WO9ZL78,DEAL,BUY,213800LBPT1H9WO9ZL78
TRX-00000297,DE0007164600,35154.21,2147.5143,USD,XPAR,2026-10-07T05:26:08.435428,213800LBPT1H9WO9ZL78,DEAL,SELL,213800LBPT1H9WO9ZL78
TRX-00000298,GB0002374006,84789.36,3292.3684,EUR,XPAR,2026-10-06T21:26:08.435442,529900D6BHCL8WQ7R898,ANYOTC,BUY,213800LBPT1H9WO9ZL78
TRX-00000299,US02079K3059,64617.33,3919.2242,USD,XMAD,2026-10-07T01:26:08.435447,213800LBPT1H9WO9ZL78,DEAL,SELL,213800LBPT1H9WO9ZL78
TRX-00000300,GB00B03MLX29,52829.12,4888.507,EUR,XFRA,2026-10-07T09:26:08.435453,549300JSX0Z4CY0V0P21,ANYOTC,SELL,213800LBPT1H9WO9ZL78
TRX-00000301,GB00B0MYJG27,76272.83,4772.3105,GBP,XLON,2026-10-06T19:26:08.435459,213800LBPT1H9WO9ZL78,DEAL,SELL,213800LBPT1H9WO9ZL78
TRX-00000302,GB0002374006,94868.05,1990.4771,EUR,XMIL,2026-10-07T00:26:08.435464,549300JSX0Z4CY0V0P21,DEAL,BUY,213800LBPT1H9WO9ZL78
TRX-00000303,US02079K3059,7903.08,4604.7034,USD,XFRA,2026-10-07T01:26:08.435469,529900D6BHCL8WQ7R898,ANYOTC,BUY,213800LBPT1H9WO9ZL78
TRX-00000304,DE0007164600,72996.11,4232.4941,GBP,XPAR,2026-10-07T11:26:08.435474,549300JSX0Z4CY0V0P21,DEAL,SELL,213800LBPT1H9WO9ZL78
TRX-00000305,GB0002374006,30929.7,3708.7259,USD,XNYS,2026-10-07T13:26:08.435479,5493001ZABYZPD63HV28,ANYOTC,BUY,213800LBPT1H9WO9ZL78
TRX-00000306,US5949181045,52301.01,3915.1525,EUR,XNAS,2026-10-07T02:26:08.435483,5493001ZABYZPD63HV28,ANYOTC,SELL,213800LBPT1H9WO9ZL78
TRX-00000307,GB00B03MLX29,77143.26,147.7519,CHF,XAMS,2026-10-06T21:26:08.435488,213800LBPT1H9WO9ZL78,MATCH,BUY,213800LBPT1H9WO9ZL78
TRX-00000308,NL0010273215,36013.03,2498.5504,JPY,XNAS,2026-10-07T02:26:08.435493,5493001ZABYZPD63HV28,MATCH,BUY,213800LBPT1H9WO9ZL78
TRX-00000309,GB00B03MLX29,22841.21,2544.6156,GBP,XLON,2026-10-07T06:26:08.435498,213800LBPT1H9WO9ZL78,MATCH,SELL,213800LBPT1H9WO9ZL78
TRX-00000310,GB00B0MYJG27,17896.91,4801.7504,GBP,XMIL,2026-10-07T06:26:08.435504,5493006B1YHUQ7ZX5L88,DEAL,SELL,213800LBPT1H9WO9ZL78
TRX-00000311,US5949181045,27126.52,390.3575,EUR,XNYS,2026-10-06T21:26:08.435509,213800LBPT1H9WO9ZL78,DEAL,BUY,213800LBPT1H9WO9ZL78
TRX-00000312,GB0002374006,95407.99,345.5633,CHF,XAMS,2026-10-07T04:26:08.435514,5493006B1YHUQ7ZX5L88,DEAL,SELL,213800LBPT1H9WO9ZL78
TRX-00000313,CH0012005267,78450.94,3698.1404,USD,XMAD,2026-10-07T02:26:08.435518,529900D6BHCL8WQ7R898,MATCH,BUY,213800LBPT1H9WO9ZL78
TRX-00000314,NL0010273215,76048.46,1226.3892,GBP,XMIL,2026-10-07T13:26:08.435523,5493001ZABYZPD63HV28,ANYOTC,SELL,213800LBPT1H9WO9ZL78
TRX-00000315,GB0002374006,95099.08,8.3087,CHF,XAMS,2026-10-07T10:26:08.435528,5493001ZABYZPD63HV28,ANYOTC,BUY,213800LBPT1H9WO9ZL78
TRX-00000316,GB0002374006,97255.95,712.7251,EUR,XNYS,2026-10-07T12:26:08.435533,5493001ZABYZPD63HV28,ANYOTC,SELL,213800LBPT1H9WO9ZL78
TRX-00000317,US5949181045,45846.34,3739.7491,JPY,XNYS,2026-10-06T21:26:08.435538,5493001ZABYZPD63HV28,ANYOTC,SELL,213800LBPT1H9WO9ZL78
TRX-00000318,DE0007164600,66244.73,654.4107,EUR,XAMS,2026-10-07T03:26:08.435543,549300JSX0Z4CY0V0P21,ANYOTC,SELL,213800LBPT1H9WO9ZL78
TRX-00000319,US02079K3059,23361.89,4717.8299,USD,XNYS,2026-10-07T09:26:08.435548,213800LBPT1H9WO9ZL78,DEAL,SELL,213800LBPT1H9WO9ZL78
TRX-00000320,DE0007164600,12074.55,1792.0789,USD,XMAD,2026-10-07T04:26:08.435554,549300JSX0Z4CY0V0P21,MATCH,BUY,213800LBPT1H9WO9ZL78
TRX-00000321,US02079K3059,82638.84,3484.693,GBP,XPAR,2026-10-07T03:26:08.435565,5493001ZABYZPD63HV28,DEAL,BUY,213800LBPT1H9WO9ZL78
TRX-00000322,DE0007164600,51346.45,3386.2397,EUR,XNAS,2026-10-07T13:26:08.435572,549300JSX0Z4CY0V0P21,MATCH,BUY,213800LBPT1H9WO9ZL78
TRX-00000323,GB00B0MYJG27,12146.2,309.2843,USD,XNAS,2026-10-07T07:26:08.435577,549300JSX0Z4CY0V0P21,MATCH,BUY,213800LBPT1H9WO9ZL78
TRX-00000324,US02079K3059,91742.94,375.8609,GBP,XPAR,2026-10-06T17:26:08.435582,549300JSX0Z4CY0V0P21,DEAL,BUY,213800LBPT1H9WO9ZL78
TRX-00000325,US5949181045,12253.64,4711.461,GBP,XNAS,2026-10-06T19:26:08.435587,549300JSX0Z4CY0V0P21,ANYOTC,SELL,213800LBPT1H9WO9ZL78
TRX-00000326,DE0007164600,68321.61,864.8633,USD,XNAS,2026-10-07T05:26:08.435592,5493006B1YHUQ7ZX5L88,MATCH,BUY,213800LBPT1H9WO9ZL78
TRX-00000327,US0378331005,64728.19,2494.9592,JPY,XMAD,2026-10-07T12:26:08.435597,213800LBPT1H9WO9ZL78,MATCH,SELL,213800LBPT1H9WO9ZL78
TRX-00000328,US0378331005,64265.61,3986.1925,USD,XLON,2026-10-07T01:26:08.435602,5493006B1YHUQ7ZX5L88,MATCH,SELL,213800LBPT1H9WO9ZL78
TRX-00000329,CH0012005267,50239.82,1942.518,USD,XLON,2026-10-07T03:26:08.435610,529900D6BHCL8WQ7R898,DEAL,BUY,213800LBPT1H9WO9ZL78
TRX-00000330,US02079K3059,5860.06,4957.6651,JPY,XFRA,2026-10-06T19:26:08.435617,5493001ZABYZPD63HV28,DEAL,BUY,213800LBPT1H9WO9ZL78
TRX-00000331,US0378331005,26653.43,4081.6095,GBP,XPAR,2026-10-06T19:26:08.435622,549300JSX0Z4CY0V0P21,MATCH,BUY,213800LBPT1H9WO9ZL78
TRX-00000332,CH0012005267,31801.12,3690.7874,EUR,XLON,2026-10-06T15:26:08.435627,5493006B1YHUQ7ZX5L88,ANYOTC,BUY,213800LBPT1H9WO9ZL78
TRX-00000333,US0378331005,83669.85,4052.1954,CHF,XAMS,2026-10-07T08:26:08.435633,549300JSX0Z4CY0V0P21,DEAL,BUY,213800LBPT1H9WO9ZL78
TRX-00000334,GB0002374006,52645.32,4.4168,JPY,XPAR,2026-10-07T09:26:08.435638,5493006B1YHUQ7ZX5L88,ANYOTC,BUY,213800LBPT1H9WO9ZL78
TRX-00000335,US5949181045,5956.54,739.4124,USD,XNYS,2026-10-06T21:26:08.435643,5493006B1YHUQ7ZX5L88,DEAL,SELL,213800LBPT1H9WO9ZL78
TRX-00000336,DE0007164600,58602.08,1683.4688,EUR,XNAS,2026-10-07T08:26:08.435648,549300JSX0Z4CY0V0P21,ANYOTC,SELL,213800LBPT1H9WO9ZL78
TRX-00000337,GB00B0MYJG27,70718.58,2810.3246,JPY,XFRA,2026-10-07T06:26:08.435653,529900D6BHCL8WQ7R898,DEAL,SELL,213800LBPT1H9WO9ZL78
TRX-00000338,US02079K3059,12735.71,3644.4259,JPY,XMIL,2026-10-06T19:26:08.435658,213800LBPT1H9WO9ZL78,DEAL,SELL,213800LBPT1H9WO9ZL78
TRX-00000339,CH0012005267,22090.3,2828.1857,CHF,XNAS,2026-10-07T03:26:08.435663,213800LBPT1H9WO9ZL78,DEAL,SELL,213800LBPT1H9WO9ZL78
TRX-00000340,GB00B0MYJG27,63619.04,4815.435,EUR,XMAD,2026-10-07T13:26:08.435670,5493006B1YHUQ7ZX5L88,DEAL,BUY,213800LBPT1H9WO9ZL78
TRX-00000341,US5949181045,25666.54,541.065,GBP,XLON,2026-10-07T01:26:08.435674,549300JSX0Z4CY0V0P21,ANYOTC,SELL,213800LBPT1H9WO9ZL78
TRX-00000342,DE0007164600,49308.71,1894.1842,JPY,XMIL,2026-10-07T10:26:08.435679,549300JSX0Z4CY0V0P21,ANYOTC,BUY,213800LBPT1H9WO9ZL78
TRX-00000343,GB00B03MLX29,79919.66,168.0305,GBP,XFRA,2026-10-07T05:26:08.435684,213800LBPT1H9WO9ZL78,DEAL,SELL,213800LBPT1H9WO9ZL78
TRX-00000344,DE0007164600,16091.29,375.9371,GBP,XFRA,2026-10-06T18:26:08.435689,529900D6BHCL8WQ7R898,MATCH,BUY,213800LBPT1H9WO9ZL78
TRX-00000345,GB00B0MYJG27,60732.16,2171.5677,GBP,XNYS,2026-10-07T03:26:08.435694,5493001ZABYZPD63HV28,DEAL,SELL,213800LBPT1H9WO9ZL78
TRX-00000346,NL0010273215,26527.21,1408.3338,USD,XNYS,2026-10-07T12:26:08.435698,549300JSX0Z4CY0V0P21,ANYOTC,SELL,213800LBPT1H9WO9ZL78
TRX-00000347,US5949181045,382.55,439.0542,JPY,XMAD,2026-10-07T07:26:08.435703,213800LBPT1H9WO9ZL78,DEAL,BUY,213800LBPT1H9WO9ZL78
TRX-00000348,US02079K3059,97705.79,2368.3797,GBP,XAMS,2026-10-07T01:26:08.435709,549300JSX0Z4CY0V0P21,MATCH,SELL,213800LBPT1H9WO9ZL78
TRX-00000349,GB00B0MYJG27,37102.68,1907.8445,USD,XMAD,2026-10-07T12:26:08.435714,5493006B1YHUQ7ZX5L88,MATCH,SELL,213800LBPT1H9WO9ZL78
TRX-00000350,US02079K3059,56425.09,756.5022,GBP,XNYS,2026-10-06T16:26:08.435727,5493006B1YHUQ7ZX5L88,ANYOTC,SELL,213800LBPT1H9WO9ZL78
TRX-00000351,CH0012005267,22752.05,305.8577,CHF,XMIL,2026-10-06T20:26:08.435733,549300JSX0Z4CY0V0P21,ANYOTC,BUY,213800LBPT1H9WO9ZL78
TRX-00000352,GB00B03MLX29,39481.04,4269.8452,GBP,XNAS,2026-10-07T10:26:08.435738,549300JSX0Z4CY0V0P21,DEAL,BUY,213800LBPT1H9WO9ZL78
TRX-00000353,US0378331005,12619.47,2117.4511,CHF,XPAR,2026-10-06T17:26:08.435743,5493001ZABYZPD63HV28,ANYOTC,SELL,213800LBPT1H9WO9ZL78
TRX-00000354,GB00B03MLX29,8703.66,2782.2647,JPY,XFRA,2026-10-07T05:26:08.435750,529900D6BHCL8WQ7R898,MATCH,BUY,213800LBPT1H9WO9ZL78
TRX-00000355,CH0012005267,58758.02,3908.6466,GBP,XMIL,2026-10-07T09:26:08.435755,5493001ZABYZPD63HV28,ANYOTC,BUY,213800LBPT1H9WO9ZL78
TRX-00000356,CH0012005267,77954.69,3928.9424,JPY,XFRA,2026-10-07T00:26:08.435761,5493006B1YHUQ7ZX5L88,MATCH,SELL,213800LBPT1H9WO9ZL78
TRX-00000357,FR0000120271,3747.53,1377.7953,USD,XMIL,2026-10-07T12:26:08.435765,549300JSX0Z4CY0V0P21,MATCH,BUY,213800LBPT1H9WO9ZL78
TRX-00000358,US02079K3059,89703.24,102.1442,EUR,XAMS,2026-10-07T05:26:08.435770,549300JSX0Z4CY0V0P21,ANYOTC,BUY,213800LBPT1H9WO9ZL78
TRX-00000359,US0378331005,13439.42,4871.1229,CHF,XFRA,2026-10-07T05:26:08.435775,549300JSX0Z4CY0V0P21,ANYOTC,BUY,213800LBPT1H9WO9ZL78
TRX-00000360,US0378331005,91343.37,2036.4446,CHF,XFRA,2026-10-07T12:26:08.435781,529900D6BHCL8WQ7R898,DEAL,BUY,213800LBPT1H9WO9ZL78
TRX-00000361,NL0010273215,40339.11,3902.8016,JPY,XLON,2026-10-07T08:26:08.435786,5493001ZABYZPD63HV28,DEAL,BUY,213800LBPT1H9WO9ZL78
TRX-00000362,FR0000120271,5056.88,1802.515,USD,XAMS,2026-10-07T02:26:08.435791,549300JSX0Z4CY0V0P21,ANYOTC,SELL,213800LBPT1H9WO9ZL78
TRX-00000363,GB00B03MLX29,68117.75,1210.4485,CHF,XMAD,2026-10-07T08:26:08.435796,549300JSX0Z4CY0V0P21,ANYOTC,SELL,213800LBPT1H9WO9ZL78
TRX-00000364,US02079K3059,74896.36,3444.5638,EUR,XLON,2026-10-07T01:26:08.435801,213800LBPT1H9WO9ZL78,DEAL,BUY,213800LBPT1H9WO9ZL78
TRX-00000365,US0378331005,67769.85,1346.1488,CHF,XLON,2026-10-06T16:26:08.435807,213800LBPT1H9WO9ZL78,MATCH,BUY,213800LBPT1H9WO9ZL78
TRX-00000366,CH0012005267,80086.68,1119.6264,JPY,XAMS,2026-10-06T15:26:08.435812,5493006B1YHUQ7ZX5L88,MATCH,SELL,213800LBPT1H9WO9ZL78
TRX-00000367,FR0000120271,25200.62,2334.0234,JPY,XMIL,2026-10-06T19:26:08.435817,213800LBPT1H9WO9ZL78,DEAL,SELL,213800LBPT1H9WO9ZL78
TRX-00000368,CH0012005267,60905.4,1493.0812,GBP,XMAD,2026-10-07T11:26:08.435822,5493006B1YHUQ7ZX5L88,MATCH,SELL,213800LBPT1H9WO9ZL78
TRX-00000369,US02079K3059,65612.3,4760.9868,EUR,XPAR,2026-10-07T09:26:08.435827,529900D6BHCL8WQ7R898,DEAL,BUY,213800LBPT1H9WO9ZL78
TRX-00000370,CH0012005267,40410.44,1598.6091,USD,XLON,2026-10-06T17:26:08.435833,549300JSX0Z4CY0V0P21,MATCH,SELL,213800LBPT1H9WO9ZL78
TRX-00000371,DE0007164600,38828.1,177.5597,JPY,XPAR,2026-10-07T03:26:08.435838,5493001ZABYZPD63HV28,ANYOTC,SELL,213800LBPT1H9WO9ZL78
TRX-00000372,US5949181045,50731.98,4227.2508,JPY,XNAS,2026-10-07T04:26:08.435843,213800LBPT1H9WO9ZL78,MATCH,BUY,213800LBPT1H9WO9ZL78
TRX-00000373,NL0010273215,76292.06,916.1587,EUR,XNYS,2026-10-07T06:26:08.435848,5493006B1YHUQ7ZX5L88,DEAL,SELL,213800LBPT1H9WO9ZL78
TRX-00000374,US5949181045,37168.87,2928.2679,CHF,XNYS,2026-10-06T22:26:08.435852,213800LBPT1H9WO9ZL78,ANYOTC,BUY,213800LBPT1H9WO9ZL78
TRX-00000375,US0378331005,50048.24,4337.6213,CHF,XAMS,2026-10-07T00:26:08.435857,213800LBPT1H9WO9ZL78,DEAL,BUY,213800LBPT1H9WO9ZL78
TRX-00000376,US5949181045,40919.78,2847.4485,CHF,XNAS,2026-10-07T03:26:08.435862,5493001ZABYZPD63HV28,DEAL,SELL,213800LBPT1H9WO9ZL78
TRX-00000377,GB00B0MYJG27,31342.09,291.0099,CHF,XAMS,2026-10-07T07:26:08.435867,5493001ZABYZPD63HV28,ANYOTC,BUY,213800LBPT1H9WO9ZL78
TRX-00000378,GB00B03MLX29,12941.47,2169.1234,CHF,XMIL,2026-10-07T00:26:08.435872,549300JSX0Z4CY0V0P21,MATCH,BUY,213800LBPT1H9WO9ZL78
TRX-00000379,US5949181045,95006.91,4460.14,JPY,XPAR,2026-10-07T13:26:08.435877,213800LBPT1H9WO9ZL78,ANYOTC,BUY,213800LBPT1H9WO9ZL78
TRX-00000380,US5949181045,31209.91,514.4384,JPY,XAMS,2026-10-07T08:26:08.435883,213800LBPT1H9WO9ZL78,DEAL,SELL,213800LBPT1H9WO9ZL78
TRX-00000381,FR0000120271,72783.46,2982.2532,EUR,XMIL,2026-10-06T16:26:08.435888,5493001ZABYZPD63HV28,MATCH,SELL,213800LBPT1H9WO9ZL78
TRX-00000382,US0378331005,16489.19,4534.5643,CHF,XLON,2026-10-07T06:26:08.435892,5493001ZABYZPD63HV28,ANYOTC,BUY,213800LBPT1H9WO9ZL78
TRX-00000383,GB0002374006,58969.69,845.7547,EUR,XLON,2026-10-07T01:26:08.435897,5493006B1YHUQ7ZX5L88,ANYOTC,BUY,213800LBPT1H9WO9ZL78
TRX-00000384,GB0002374006,66197.33,3268.1845,GBP,XLON,2026-10-06T15:26:08.435902,213800LBPT1H9WO9ZL78,MATCH,SELL,213800LBPT1H9WO9ZL78
TRX-00000385,NL0010273215,25274.58,3509.6392,USD,XLON,2026-10-07T04:26:08.435907,549300JSX0Z4CY0V0P21,ANYOTC,BUY,213800LBPT1H9WO9ZL78
TRX-00000386,US02079K3059,62280.15,3503.931,CHF,XNYS,2026-10-06T21:26:08.435912,529900D6BHCL8WQ7R898,DEAL,SELL,213800LBPT1H9WO9ZL78
TRX-00000387,GB00B03MLX29,49774.41,3045.4,EUR,XPAR,2026-10-07T02:26:08.435917,549300JSX0Z4CY0V0P21,MATCH,BUY,213800LBPT1H9WO9ZL78
TRX-00000388,US0378331005,68820.7,2403.839,USD,XLON,2026-10-07T13:26:08.435921,213800LBPT1H9WO9ZL78,DEAL,SELL,213800LBPT1H9WO9ZL78
TRX-00000389,GB00B03MLX29,77952.84,376.166,GBP,XAMS,2026-10-06T17:26:08.435926,5493001ZABYZPD63HV28,MATCH,SELL,213800LBPT1H9WO9ZL78
TRX-00000390,GB0002374006,9981.79,874.3343,GBP,XAMS,2026-10-07T02:26:08.435932,5493006B1YHUQ7ZX5L88,MATCH,BUY,213800LBPT1H9WO9ZL78
TRX-00000391,GB0002374006,968.22,692.8338,USD,XFRA,2026-10-07T02:26:08.435938,549300JSX0Z4CY0V0P21,ANYOTC,SELL,213800LBPT1H9WO9ZL78
TRX-00000392,GB00B03MLX29,37262.84,1714.2709,GBP,XMIL,2026-10-07T01:26:08.435943,549300JSX0Z4CY0V0P21,MATCH,SELL,213800LBPT1H9WO9ZL78
TRX-00000393,FR0000120271,79990.11,3244.5836,USD,XNYS,2026-10-07T09:26:08.435947,213800LBPT1H9WO9ZL78,DEAL,BUY,213800LBPT1H9WO9ZL78
TRX-00000394,CH0012005267,48268.0,2845.1482,CHF,XNAS,2026-10-06T18:26:08.435952,549300JSX0Z4CY0V0P21,MATCH,BUY,213800LBPT1H9WO9ZL78
TRX-00000395,GB00B0MYJG27,48308.48,2441.1258,CHF,XMAD,2026-10-07T12:26:08.435957,213800LBPT1H9WO9ZL78,MATCH,SELL,213800LBPT1H9WO9ZL78
TRX-00000396,NL0010273215,76753.1,2883.6684,JPY,XPAR,2026-10-06T16:26:08.435962,5493006B1YHUQ7ZX5L88,ANYOTC,BUY,213800LBPT1H9WO9ZL78
TRX-00000397,US0378331005,48193.49,3318.8895,CHF,XNAS,2026-10-06T20:26:08.435969,529900D6BHCL8WQ7R898,DEAL,BUY,213800LBPT1H9WO9ZL78
TRX-00000398,GB00B0MYJG27,50557.25,2346.9754,CHF,XNAS,2026-10-07T11:26:08.435973,549300JSX0Z4CY0V0P21,MATCH,BUY,213800LBPT1H9WO9ZL78
TRX-00000399,US02079K3059,5036.02,1114.3099,CHF,XMIL,2026-10-07T06:26:08.435980,213800LBPT1H9WO9ZL78,MATCH,SELL,213800LBPT1H9WO9ZL78
TRX-00000400,FR0000120271,8802.9,2492.7823,EUR,XNYS,2026-10-06T22:26:08.435986,213800LBPT1H9WO9ZL78,DEAL,SELL,213800LBPT1H9WO9ZL78
TRX-00000401,NL0010273215,54910.33,4129.7179,JPY,XAMS,2026-10-06T21:26:08.435991,529900D6BHCL8WQ7R898,DEAL,SELL,213800LBPT1H9WO9ZL78
TRX-00000402,US5949181045,82531.27,4083.1268,CHF,XFRA,2026-10-06T20:26:08.435996,529900D6BHCL8WQ7R898,ANYOTC,SELL,213800LBPT1H9WO9ZL78
TRX-00000403,US5949181045,71591.63,571.0028,USD,XLON,2026-10-07T03:26:08.436000,5493006B1YHUQ7ZX5L88,ANYOTC,SELL,213800LBPT1H9WO9ZL78
TRX-00000404,US5949181045,70209.9,229.8448,USD,XMAD,2026-10-07T09:26:08.436005,549300JSX0Z4CY0V0P21,DEAL,SELL,213800LBPT1H9WO9ZL78
TRX-00000405,US0378331005,12075.46,4261.1197,USD,XMAD,2026-10-07T07:26:08.436010,5493006B1YHUQ7ZX5L88,DEAL,SELL,213800LBPT1H9WO9ZL78
TRX-00000406,CH0012005267,12322.8,4458.88,CHF,XNAS,2026-10-06T22:26:08.436015,213800LBPT1H9WO9ZL78,ANYOTC,BUY,213800LBPT1H9WO9ZL78
TRX-00000407,DE0007164600,83881.77,2415.1769,JPY,XNAS,2026-10-06T15:26:08.436020,529900D6BHCL8WQ7R898,DEAL,BUY,213800LBPT1H9WO9ZL78
TRX-00000408,CH0012005267,60616.47,1609.897,CHF,XMIL,2026-10-06T18:26:08.436025,5493001ZABYZPD63HV28,MATCH,SELL,213800LBPT1H9WO9ZL78
TRX-00000409,US02079K3059,45285.12,667.7258,CHF,XAMS,2026-10-06T15:26:08.436030,529900D6BHCL8WQ7R898,MATCH,BUY,213800LBPT1H9WO9ZL78
TRX-00000410,CH0012005267,71438.74,3433.3699,USD,XNAS,2026-10-06T21:26:08.436037,529900D6BHCL8WQ7R898,ANYOTC,SELL,213800LBPT1H9WO9ZL78
TRX-00000411,US5949181045,56228.46,2914.4485,CHF,XAMS,2026-10-07T00:26:08.436042,213800LBPT1H9WO9ZL78,ANYOTC,BUY,213800LBPT1H9WO9ZL78
TRX-00000412,GB0002374006,19991.04,3751.1749,USD,XAMS,2026-10-06T16:26:08.436047,5493006B1YHUQ7ZX5L88,DEAL,BUY,213800LBPT1H9WO9ZL78
TRX-00000413,US02079K3059,20400.89,2706.3193,EUR,XMAD,2026-10-07T10:26:08.436051,529900D6BHCL8WQ7R898,ANYOTC,BUY,213800LBPT1H9WO9ZL78
TRX-00000414,NL0010273215,38889.28,2555.1006,EUR,XLON,2026-10-07T01:26:08.436056,549300JSX0Z4CY0V0P21,MATCH,SELL,213800LBPT1H9WO9ZL78
TRX-00000415,GB0002374006,1297.51,1257.4543,JPY,XMAD,2026-10-07T06:26:08.436061,5493006B1YHUQ7ZX5L88,ANYOTC,BUY,213800LBPT1H9WO9ZL78
TRX-00000416,US0378331005,29418.48,887.9521,GBP,XNAS,2026-10-07T08:26:08.436067,529900D6BHCL8WQ7R898,DEAL,SELL,213800LBPT1H9WO9ZL78
TRX-00000417,US02079K3059,13007.52,2920.3463,EUR,XLON,2026-10-07T03:26:08.436071,549300JSX0Z4CY0V0P21,ANYOTC,BUY,213800LBPT1H9WO9ZL78
TRX-00000418,CH0012005267,5086.49,4661.9769,JPY,XAMS,2026-10-06T22:26:08.436078,529900D6BHCL8WQ7R898,ANYOTC,SELL,213800LBPT1H9WO9ZL78
TRX-00000419,NL0010273215,21996.98,920.1616,GBP,XNAS,2026-10-07T00:26:08.436083,529900D6BHCL8WQ7R898,ANYOTC,SELL,213800LBPT1H9WO9ZL78
TRX-00000420,US0378331005,66333.78,1656.0016,EUR,XPAR,2026-10-06T18:26:08.436089,529900D6BHCL8WQ7R898,MATCH,BUY,213800LBPT1H9WO9ZL78
TRX-00000421,US5949181045,44567.28,4522.5778,JPY,XPAR,2026-10-07T12:26:08.436094,5493006B1YHUQ7ZX5L88,MATCH,BUY,213800LBPT1H9WO9ZL78
TRX-00000422,NL0010273215,72397.84,124.5039,JPY,XFRA,2026-10-06T21:26:08.436099,529900D6BHCL8WQ7R898,MATCH,SELL,213800LBPT1H9WO9ZL78
TRX-00000423,US0378331005,32031.96,412.6449,GBP,XNAS,2026-10-06T20:26:08.436104,529900D6BHCL8WQ7R898,DEAL,BUY,213800LBPT1H9WO9ZL78
TRX-00000424,US0378331005,86495.22,2121.6231,GBP,XPAR,2026-10-06T20:26:08.436109,549300JSX0Z4CY0V0P21,ANYOTC,BUY,213800LBPT1H9WO9ZL78
TRX-00000425,GB00B0MYJG27,2376.27,3584.6246,GBP,XNYS,2026-10-07T11:26:08.436114,213800LBPT1H9WO9ZL78,DEAL,SELL,213800LBPT1H9WO9ZL78
TRX-00000426,CH0012005267,82162.11,4555.0219,CHF,XMIL,2026-10-06T23:26:08.436119,549300JSX0Z4CY0V0P21,MATCH,SELL,213800LBPT1H9WO9ZL78
TRX-00000427,NL0010273215,590.89,3601.7081,GBP,XLON,2026-10-06T15:26:08.436124,213800LBPT1H9WO9ZL78,MATCH,BUY,213800LBPT1H9WO9ZL78
TRX-00000428,US02079K3059,60656.98,1408.3057,CHF,XMIL,2026-10-07T01:26:08.436130,213800LBPT1H9WO9ZL78,MATCH,BUY,213800LBPT1H9WO9ZL78
TRX-00000429,GB00B0MYJG27,74675.64,3984.0554,JPY,XAMS,2026-10-06T17:26:08.436135,5493001ZABYZPD63HV28,MATCH,SELL,213800LBPT1H9WO9ZL78
TRX-00000430,GB0002374006,55352.87,2775.7937,GBP,XLON,2026-10-07T13:26:08.436142,529900D6BHCL8WQ7R898,ANYOTC,SELL,213800LBPT1H9WO9ZL78
TRX-00000431,GB00B03MLX29,30469.81,3741.7346,EUR,XPAR,2026-10-07T00:26:08.436146,529900D6BHCL8WQ7R898,DEAL,BUY,213800LBPT1H9WO9ZL78
TRX-00000432,CH0012005267,83475.0,972.4368,USD,XLON,2026-10-06T20:26:08.436151,549300JSX0Z4CY0V0P21,ANYOTC,BUY,213800LBPT1H9WO9ZL78
TRX-00000433,GB00B03MLX29,25069.51,987.8905,JPY,XMAD,2026-10-07T03:26:08.436156,5493006B1YHUQ7ZX5L88,DEAL,BUY,213800LBPT1H9WO9ZL78
TRX-00000434,CH0012005267,6981.82,968.2993,CHF,XMAD,2026-10-07T03:26:08.436161,529900D6BHCL8WQ7R898,ANYOTC,SELL,213800LBPT1H9WO9ZL78
TRX-00000435,GB00B0MYJG27,56555.64,1823.1027,EUR,XMIL,2026-10-07T08:26:08.436166,213800LBPT1H9WO9ZL78,MATCH,BUY,213800LBPT1H9WO9ZL78
TRX-00000436,DE0007164600,27668.71,1798.0705,EUR,XMAD,2026-10-06T23:26:08.436171,549300JSX0Z4CY0V0P21,MATCH,SELL,213800LBPT1H9WO9ZL78
TRX-00000437,GB00B03MLX29,17577.84,3033.5317,EUR,XNAS,2026-10-06T20:26:08.436176,5493001ZABYZPD63HV28,MATCH,BUY,213800LBPT1H9WO9ZL78
TRX-00000438,GB0002374006,84958.88,3158.5008,JPY,XMIL,2026-10-06T19:26:08.436181,5493001ZABYZPD63HV28,DEAL,SELL,213800LBPT1H9WO9ZL78
TRX-00000439,NL0010273215,47210.92,3876.211,EUR,XMIL,2026-10-07T06:26:08.436186,529900D6BHCL8WQ7R898,ANYOTC,SELL,213800LBPT1H9WO9ZL78
TRX-00000440,NL0010273215,51041.69,1984.529,JPY,XLON,2026-10-06T16:26:08.436192,5493001ZABYZPD63HV28,ANYOTC,BUY,213800LBPT1H9WO9ZL78
TRX-00000441,GB00B0MYJG27,44622.6,896.5468,JPY,XNAS,2026-10-06T14:26:08.436197,549300JSX0Z4CY0V0P21,MATCH,BUY,213800LBPT1H9WO9ZL78
TRX-00000442,FR0000120271,23175.76,1322.5212,USD,XLON,2026-10-06T16:26:08.436202,5493001ZABYZPD63HV28,ANYOTC,SELL,213800LBPT1H9WO9ZL78
TRX-00000443,FR0000120271,88155.32,200.4836,EUR,XNYS,2026-10-06T15:26:08.436207,529900D6BHCL8WQ7R898,ANYOTC,SELL,213800LBPT1H9WO9ZL78
TRX-00000444,US02079K3059,57863.56,2851.2306,CHF,XMIL,2026-10-07T02:26:08.436212,529900D6BHCL8WQ7R898,ANYOTC,BUY,213800LBPT1H9WO9ZL78
TRX-00000445,DE0007164600,97267.44,1115.2734,CHF,XFRA,2026-10-07T02:26:08.436217,549300JSX0Z4CY0V0P21,MATCH,BUY,213800LBPT1H9WO9ZL78
TRX-00000446,GB00B0MYJG27,43990.43,1150.7238,JPY,XAMS,2026-10-07T07:26:08.436222,5493001ZABYZPD63HV28,DEAL,BUY,213800LBPT1H9WO9ZL78
TRX-00000447,GB00B03MLX29,66111.3,2073.6538,EUR,XNYS,2026-10-06T22:26:08.436226,549300JSX0Z4CY0V0P21,MATCH,BUY,213800LBPT1H9WO9ZL78
TRX-00000448,DE0007164600,2245.58,216.6785,JPY,XNAS,2026-10-07T09:26:08.436231,529900D6BHCL8WQ7R898,DEAL,BUY,213800LBPT1H9WO9ZL78
TRX-00000449,GB00B0MYJG27,51664.55,2027.8761,JPY,XLON,2026-10-06T14:26:08.436236,5493006B1YHUQ7ZX5L88,DEAL,BUY,213800LBPT1H9WO9ZL78
TRX-00000450,FR0000120271,86730.37,853.6634,CHF,XNAS,2026-10-06T19:26:08.436245,5493001ZABYZPD63HV28,ANYOTC,SELL,213800LBPT1H9WO9ZL78
TRX-00000451,US5949181045,92235.27,2983.0703,GBP,XPAR,2026-10-07T01:26:08.436250,549300JSX0Z4CY0V0P21,DEAL,BUY,213800LBPT1H9WO9ZL78
TRX-00000452,NL0010273215,68437.1,4132.7444,JPY,XNYS,2026-10-07T08:26:08.436255,549300JSX0Z4CY0V0P21,ANYOTC,BUY,213800LBPT1H9WO9ZL78
TRX-00000453,NL0010273215,50333.42,588.4645,CHF,XNAS,2026-10-06T18:26:08.436259,529900D6BHCL8WQ7R898,DEAL,SELL,213800LBPT1H9WO9ZL78
TRX-00000454,US5949181045,87482.56,3488.5164,CHF,XPAR,2026-10-06T22:26:08.436264,549300JSX0Z4CY0V0P21,MATCH,BUY,213800LBPT1H9WO9ZL78
TRX-00000455,US02079K3059,47714.65,1163.3319,GBP,XAMS,2026-10-06T18:26:08.436270,529900D6BHCL8WQ7R898,MATCH,SELL,213800LBPT1H9WO9ZL78
TRX-00000456,GB0002374006,57799.14,590.0252,GBP,XMIL,2026-10-06T17:26:08.436274,5493001ZABYZPD63HV28,ANYOTC,SELL,213800LBPT1H9WO9ZL78
TRX-00000457,GB00B03MLX29,15478.7,3258.2281,EUR,XAMS,2026-10-06T20:26:08.436279,549300JSX0Z4CY0V0P21,ANYOTC,SELL,213800LBPT1H9WO9ZL78
TRX-00000458,DE0007164600,75497.44,2066.7276,JPY,XMAD,2026-10-07T08:26:08.436284,5493006B1YHUQ7ZX5L88,ANYOTC,SELL,213800LBPT1H9WO9ZL78
TRX-00000459,US02079K3059,57765.54,3871.1982,CHF,XNAS,2026-10-06T16:26:08.436289,213800LBPT1H9WO9ZL78,ANYOTC,BUY,213800LBPT1H9WO9ZL78
TRX-00000460,GB00B0MYJG27,10028.76,2542.2094,EUR,XLON,2026-10-07T08:26:08.436297,549300JSX0Z4CY0V0P21,ANYOTC,BUY,213800LBPT1H9WO9ZL78
TRX-00000461,GB00B0MYJG27,47167.39,3001.627,GBP,XNYS,2026-10-07T05:26:08.436302,5493001ZABYZPD63HV28,MATCH,BUY,213800LBPT1H9WO9ZL78
TRX-00000462,DE0007164600,93068.57,2003.8236,JPY,XAMS,2026-10-06T15:26:08.436306,529900D6BHCL8WQ7R898,DEAL,BUY,213800LBPT1H9WO9ZL78
TRX-00000463,FR0000120271,1072.03,4252.9876,JPY,XAMS,2026-10-07T07:26:08.436311,213800LBPT1H9WO9ZL78,ANYOTC,BUY,213800LBPT1H9WO9ZL78
TRX-00000464,GB0002374006,35974.64,3275.4406,USD,XNYS,2026-10-07T05:26:08.436316,549300JSX0Z4CY0V0P21,MATCH,SELL,213800LBPT1H9WO9ZL78
TRX-00000465,US0378331005,51774.75,3684.8908,GBP,XNYS,2026-10-06T20:26:08.436321,5493006B1YHUQ7ZX5L88,ANYOTC,SELL,213800LBPT1H9WO9ZL78
TRX-00000466,US02079K3059,22630.33,4815.3226,CHF,XMIL,2026-10-06T19:26:08.436326,213800LBPT1H9WO9ZL78,MATCH,BUY,213800LBPT1H9WO9ZL78
TRX-00000467,GB00B03MLX29,55863.51,2516.3427,EUR,XNYS,2026-10-06T21:26:08.436331,5493006B1YHUQ7ZX5L88,ANYOTC,SELL,213800LBPT1H9WO9ZL78
TRX-00000468,DE0007164600,56317.3,3850.066,EUR,XMAD,2026-10-06T16:26:08.436336,549300JSX0Z4CY0V0P21,ANYOTC,BUY,213800LBPT1H9WO9ZL78
TRX-00000469,US02079K3059,6756.36,3168.6753,USD,XPAR,2026-10-07T03:26:08.436341,549300JSX0Z4CY0V0P21,MATCH,BUY,213800LBPT1H9WO9ZL78
TRX-00000470,US02079K3059,24826.51,465.9541,EUR,XNYS,2026-10-06T20:26:08.436348,5493001ZABYZPD63HV28,MATCH,SELL,213800LBPT1H9WO9ZL78
TRX-00000471,CH0012005267,26908.31,4735.6434,USD,XMAD,2026-10-06T14:26:08.436352,5493001ZABYZPD63HV28,DEAL,BUY,213800LBPT1H9WO9ZL78
TRX-00000472,US0378331005,22921.52,4174.8675,JPY,XFRA,2026-10-07T09:26:08.436357,213800LBPT1H9WO9ZL78,DEAL,BUY,213800LBPT1H9WO9ZL78
TRX-00000473,FR0000120271,61383.08,3821.4568,JPY,XLON,2026-10-06T22:26:08.436362,5493006B1YHUQ7ZX5L88,ANYOTC,SELL,213800LBPT1H9WO9ZL78
TRX-00000474,CH0012005267,86877.01,2454.536,JPY,XAMS,2026-10-07T01:26:08.436367,5493001ZABYZPD63HV28,ANYOTC,BUY,213800LBPT1H9WO9ZL78
TRX-00000475,FR0000120271,93965.5,163.7807,EUR,XMIL,2026-10-06T16:26:08.436372,5493001ZABYZPD63HV28,MATCH,BUY,213800LBPT1H9WO9ZL78
TRX-00000476,FR0000120271,31565.81,43.0846,USD,XMIL,2026-10-06T19:26:08.436377,213800LBPT1H9WO9ZL78,MATCH,SELL,213800LBPT1H9WO9ZL78
TRX-00000477,US02079K3059,18716.06,1314.9823,EUR,XMAD,2026-10-06T18:26:08.436382,5493006B1YHUQ7ZX5L88,MATCH,BUY,213800LBPT1H9WO9ZL78
TRX-00000478,US0378331005,41909.88,3761.2266,EUR,XMIL,2026-10-07T05:26:08.436386,549300JSX0Z4CY0V0P21,DEAL,BUY,213800LBPT1H9WO9ZL78
TRX-00000479,US0378331005,81419.25,3604.3565,USD,XMIL,2026-10-07T01:26:08.436391,5493001ZABYZPD63HV28,DEAL,BUY,213800LBPT1H9WO9ZL78
TRX-00000480,GB0002374006,17661.55,2498.4895,JPY,XFRA,2026-10-06T22:26:08.436397,5493006B1YHUQ7ZX5L88,MATCH,BUY,213800LBPT1H9WO9ZL78
TRX-00000481,GB00B0MYJG27,6004.58,4069.2765,CHF,XNYS,2026-10-06T23:26:08.436404,5493006B1YHUQ7ZX5L88,MATCH,SELL,213800LBPT1H9WO9ZL78
TRX-00000482,NL0010273215,93184.53,1289.3164,GBP,XMIL,2026-10-07T10:26:08.436409,5493006B1YHUQ7ZX5L88,ANYOTC,BUY,213800LBPT1H9WO9ZL78
TRX-00000483,NL0010273215,17454.71,3901.7652,EUR,XFRA,2026-10-06T16:26:08.436413,529900D6BHCL8WQ7R898,MATCH,SELL,213800LBPT1H9WO9ZL78
TRX-00000484,DE0007164600,61366.76,2319.2967,USD,XNAS,2026-10-06T17:26:08.436418,5493006B1YHUQ7ZX5L88,MATCH,SELL,213800LBPT1H9WO9ZL78
TRX-00000485,GB00B03MLX29,7912.11,1718.7838,EUR,XFRA,2026-10-06T17:26:08.436423,5493006B1YHUQ7ZX5L88,ANYOTC,SELL,213800LBPT1H9WO9ZL78
TRX-00000486,DE0007164600,27125.54,2225.047,EUR,XMAD,2026-10-07T00:26:08.436428,5493001ZABYZPD63HV28,DEAL,BUY,213800LBPT1H9WO9ZL78
TRX-00000487,US0378331005,66202.59,4702.2462,GBP,XPAR,2026-10-07T08:26:08.436433,549300JSX0Z4CY0V0P21,DEAL,BUY,213800LBPT1H9WO9ZL78
TRX-00000488,NL0010273215,5383.49,3854.8976,JPY,XNYS,2026-10-07T10:26:08.436438,5493006B1YHUQ7ZX5L88,ANYOTC,BUY,213800LBPT1H9WO9ZL78
TRX-00000489,DE0007164600,30937.76,1237.7352,EUR,XMAD,2026-10-06T17:26:08.436443,5493001ZABYZPD63HV28,DEAL,BUY,213800LBPT1H9WO9ZL78
TRX-00000490,US5949181045,86424.25,2336.5002,JPY,XAMS,2026-10-06T20:26:08.436449,549300JSX0Z4CY0V0P21,DEAL,BUY,213800LBPT1H9WO9ZL78
TRX-00000491,FR0000120271,63105.12,3179.6198,JPY,XMIL,2026-10-06T21:26:08.436454,529900D6BHCL8WQ7R898,MATCH,SELL,213800LBPT1H9WO9ZL78
TRX-00000492,US0378331005,80470.97,2209.8597,EUR,XMIL,2026-10-07T05:26:08.436460,5493001ZABYZPD63HV28,MATCH,BUY,213800LBPT1H9WO9ZL78
TRX-00000493,GB00B0MYJG27,34389.15,2346.5206,GBP,XMAD,2026-10-06T22:26:08.436465,5493006B1YHUQ7ZX5L88,DEAL,SELL,213800LBPT1H9WO9ZL78
TRX-00000494,CH0012005267,23122.31,37.0827,EUR,XPAR,2026-10-07T00:26:08.436470,529900D6BHCL8WQ7R898,MATCH,SELL,213800LBPT1H9WO9ZL78
TRX-00000495,DE0007164600,82842.86,1103.7415,GBP,XMIL,2026-10-06T17:26:08.436475,5493001ZABYZPD63HV28,ANYOTC,SELL,213800LBPT1H9WO9ZL78
TRX-00000496,NL0010273215,80881.06,2065.1065,GBP,XNAS,2026-10-07T09:26:08.436480,5493006B1YHUQ7ZX5L88,DEAL,SELL,213800LBPT1H9WO9ZL78
TRX-00000497,US02079K3059,70047.56,2460.4881,EUR,XLON,2026-10-07T09:26:08.436485,213800LBPT1H9WO9ZL78,ANYOTC,BUY,213800LBPT1H9WO9ZL78
TRX-00000498,GB00B03MLX29,28212.17,626.071,CHF,XLON,2026-10-07T06:26:08.436490,213800LBPT1H9WO9ZL78,DEAL,BUY,213800LBPT1H9WO9ZL78
TRX-00000499,US5949181045,42024.88,3928.841,CHF,XFRA,2026-10-06T23:26:08.436494,213800LBPT1H9WO9ZL78,MATCH,BUY,213800LBPT1H9WO9ZL78
TRX-00000500,GB00B0MYJG27,5604.78,3878.4889,GBP,XMAD,2026-10-07T08:26:08.436500,5493001ZABYZPD63HV28,MATCH,SELL,213800LBPT1H9WO9ZL78
TRX-00000501,GB00B03MLX29,97459.88,3573.6979,CHF,XMAD,2026-10-07T06:26:08.436506,213800LBPT1H9WO9ZL78,DEAL,SELL,213800LBPT1H9WO9ZL78
TRX-00000502,GB00B03MLX29,52114.39,4910.5971,CHF,XMIL,2026-10-06T16:26:08.436513,5493006B1YHUQ7ZX5L88,MATCH,BUY,213800LBPT1H9WO9ZL78
TRX-00000503,GB0002374006,74472.71,2748.3501,GBP,XAMS,2026-10-06T22:26:08.436518,5493006B1YHUQ7ZX5L88,DEAL,SELL,213800LBPT1H9WO9ZL78
TRX-00000504,US0378331005,97327.43,1180.5932,CHF,XFRA,2026-10-07T13:26:08.436523,5493001ZABYZPD63HV28,MATCH,BUY,213800LBPT1H9WO9ZL78
TRX-00000505,US0378331005,893.98,210.9249,CHF,XNAS,2026-10-07T02:26:08.436567,213800LBPT1H9WO9ZL78,DEAL,BUY,213800LBPT1H9WO9ZL78
TRX-00000506,CH0012005267,33842.87,4848.2889,GBP,XLON,2026-10-07T02:26:08.436573,5493001ZABYZPD63HV28,ANYOTC,BUY,213800LBPT1H9WO9ZL78
TRX-00000507,US0378331005,31674.64,2792.1939,EUR,XMAD,2026-10-06T14:26:08.436578,5493001ZABYZPD63HV28,DEAL,SELL,213800LBPT1H9WO9ZL78
TRX-00000508,GB00B0MYJG27,25070.37,198.4032,CHF,XAMS,2026-10-06T20:26:08.436583,549300JSX0Z4CY0V0P21,DEAL,BUY,213800LBPT1H9WO9ZL78
TRX-00000509,US5949181045,73240.51,1377.347,JPY,XNAS,2026-10-07T11:26:08.436588,529900D6BHCL8WQ7R898,DEAL,SELL,213800LBPT1H9WO9ZL78
TRX-00000510,US02079K3059,54161.05,2270.9408,JPY,XMIL,2026-10-06T14:26:08.436594,5493001ZABYZPD63HV28,DEAL,SELL,213800LBPT1H9WO9ZL78
TRX-00000511,US0378331005,32070.09,317.6454,JPY,XMIL,2026-10-07T07:26:08.436599,529900D6BHCL8WQ7R898,ANYOTC,SELL,213800LBPT1H9WO9ZL78
TRX-00000512,GB00B0MYJG27,61304.31,1613.6776,EUR,XNYS,2026-10-07T10:26:08.436604,529900D6BHCL8WQ7R898,ANYOTC,BUY,213800LBPT1H9WO9ZL78
TRX-00000513,GB00B0MYJG27,87349.4,1011.1931,CHF,XPAR,2026-10-07T10:26:08.436609,213800LBPT1H9WO9ZL78,ANYOTC,SELL,213800LBPT1H9WO9ZL78
TRX-00000514,NL0010273215,62397.42,2951.9143,GBP,XFRA,2026-10-07T06:26:08.436614,529900D6BHCL8WQ7R898,ANYOTC,BUY,213800LBPT1H9WO9ZL78
TRX-00000515,FR0000120271,92840.44,4160.5564,CHF,XLON,2026-10-07T02:26:08.436618,529900D6BHCL8WQ7R898,ANYOTC,SELL,213800LBPT1H9WO9ZL78
TRX-00000516,GB0002374006,82364.47,1329.8124,GBP,XNYS,2026-10-07T04:26:08.436623,213800LBPT1H9WO9ZL78,DEAL,BUY,213800LBPT1H9WO9ZL78
TRX-00000517,US0378331005,53166.57,948.1126,JPY,XPAR,2026-10-06T19:26:08.436628,5493001ZABYZPD63HV28,ANYOTC,SELL,213800LBPT1H9WO9ZL78
TRX-00000518,CH0012005267,35796.98,2294.1442,CHF,XNYS,2026-10-07T08:26:08.436633,5493001ZABYZPD63HV28,ANYOTC,SELL,213800LBPT1H9WO9ZL78
TRX-00000519,GB00B0MYJG27,53390.51,2999.9787,EUR,XFRA,2026-10-06T20:26:08.436638,5493006B1YHUQ7ZX5L88,MATCH,SELL,213800LBPT1H9WO9ZL78
TRX-00000520,DE0007164600,82615.67,1617.9311,USD,XPAR,2026-10-07T01:26:08.436645,529900D6BHCL8WQ7R898,ANYOTC,SELL,213800LBPT1H9WO9ZL78
TRX-00000521,FR0000120271,44750.53,1986.0557,GBP,XAMS,2026-10-06T18:26:08.436650,213800LBPT1H9WO9ZL78,ANYOTC,BUY,213800LBPT1H9WO9ZL78
TRX-00000522,US02079K3059,657.88,4921.9877,USD,XFRA,2026-10-07T13:26:08.436655,5493006B1YHUQ7ZX5L88,ANYOTC,BUY,213800LBPT1H9WO9ZL78
TRX-00000523,GB00B0MYJG27,13841.68,1836.0474,JPY,XPAR,2026-10-07T06:26:08.436660,5493006B1YHUQ7ZX5L88,MATCH,BUY,213800LBPT1H9WO9ZL78
TRX-00000524,CH0012005267,91788.26,3671.5955,EUR,XMAD,2026-10-07T08:26:08.436673,549300JSX0Z4CY0V0P21,ANYOTC,BUY,213800LBPT1H9WO9ZL78
TRX-00000525,US02079K3059,3738.12,4041.8975,CHF,XNYS,2026-10-07T12:26:08.436678,5493006B1YHUQ7ZX5L88,MATCH,SELL,213800LBPT1H9WO9ZL78
TRX-00000526,GB00B03MLX29,86978.78,1134.3616,JPY,XLON,2026-10-06T17:26:08.436683,549300JSX0Z4CY0V0P21,DEAL,SELL,213800LBPT1H9WO9ZL78
TRX-00000527,US5949181045,53993.43,748.7505,JPY,XPAR,2026-10-07T09:26:08.436688,213800LBPT1H9WO9ZL78,ANYOTC,SELL,213800LBPT1H9WO9ZL78
TRX-00000528,CH0012005267,57525.91,451.3247,CHF,XAMS,2026-10-07T01:26:08.436693,5493001ZABYZPD63HV28,DEAL,SELL,213800LBPT1H9WO9ZL78
TRX-00000529,GB0002374006,54815.69,1313.5273,CHF,XMIL,2026-10-06T15:26:08.436697,5493001ZABYZPD63HV28,DEAL,SELL,213800LBPT1H9WO9ZL78
TRX-00000530,FR0000120271,39532.49,2857.0821,JPY,XPAR,2026-10-07T06:26:08.436704,213800LBPT1H9WO9ZL78,MATCH,SELL,213800LBPT1H9WO9ZL78
TRX-00000531,CH0012005267,8960.38,3359.066,CHF,XFRA,2026-10-07T02:26:08.436709,5493001ZABYZPD63HV28,MATCH,SELL,213800LBPT1H9WO9ZL78
TRX-00000532,GB0002374006,76968.36,847.1071,EUR,XMAD,2026-10-06T18:26:08.436714,5493001ZABYZPD63HV28,MATCH,BUY,213800LBPT1H9WO9ZL78
TRX-00000533,US0378331005,19969.32,1869.7301,GBP,XNYS,2026-10-06T14:26:08.436725,213800LBPT1H9WO9ZL78,DEAL,BUY,213800LBPT1H9WO9ZL78
TRX-00000534,US02079K3059,1374.32,3469.2823,GBP,XAMS,2026-10-06T23:26:08.436731,549300JSX0Z4CY0V0P21,DEAL,SELL,213800LBPT1H9WO9ZL78
TRX-00000535,NL0010273215,21188.32,2732.5746,EUR,XMAD,2026-10-06T18:26:08.436736,5493001ZABYZPD63HV28,ANYOTC,BUY,213800LBPT1H9WO9ZL78
TRX-00000536,NL0010273215,4349.16,852.4279,EUR,XPAR,2026-10-06T15:26:08.436741,529900D6BHCL8WQ7R898,MATCH,BUY,213800LBPT1H9WO9ZL78
TRX-00000537,GB0002374006,6660.71,3302.2038,EUR,XNYS,2026-10-07T13:26:08.436746,5493006B1YHUQ7ZX5L88,ANYOTC,SELL,213800LBPT1H9WO9ZL78
TRX-00000538,DE0007164600,50854.52,3548.7343,EUR,XMAD,2026-10-06T18:26:08.436751,529900D6BHCL8WQ7R898,DEAL,BUY,213800LBPT1H9WO9ZL78
TRX-00000539,FR0000120271,56069.19,3562.6335,GBP,XPAR,2026-10-06T21:26:08.436755,5493006B1YHUQ7ZX5L88,MATCH,SELL,213800LBPT1H9WO9ZL78
TRX-00000540,GB00B0MYJG27,1838.2,3421.8725,EUR,XAMS,2026-10-07T06:26:08.436762,529900D6BHCL8WQ7R898,MATCH,BUY,213800LBPT1H9WO9ZL78
TRX-00000541,DE0007164600,89040.32,4074.4783,GBP,XAMS,2026-10-07T06:26:08.436768,5493001ZABYZPD63HV28,MATCH,SELL,213800LBPT1H9WO9ZL78
TRX-00000542,GB00B03MLX29,72989.24,2604.0685,JPY,XPAR,2026-10-07T00:26:08.436772,5493001ZABYZPD63HV28,ANYOTC,BUY,213800LBPT1H9WO9ZL78
TRX-00000543,US02079K3059,90973.63,1647.0944,JPY,XNAS,2026-10-07T07:26:08.436777,5493001ZABYZPD63HV28,ANYOTC,BUY,213800LBPT1H9WO9ZL78
TRX-00000544,US02079K3059,68853.52,4493.3172,USD,XMIL,2026-10-07T09:26:08.436782,529900D6BHCL8WQ7R898,DEAL,SELL,213800LBPT1H9WO9ZL78
TRX-00000545,GB00B03MLX29,18414.34,4197.773,USD,XLON,2026-10-07T03:26:08.436788,549300JSX0Z4CY0V0P21,MATCH,SELL,213800LBPT1H9WO9ZL78
TRX-00000546,US02079K3059,15196.55,940.4801,USD,XNAS,2026-10-07T13:26:08.436794,529900D6BHCL8WQ7R898,ANYOTC,SELL,213800LBPT1H9WO9ZL78
TRX-00000547,CH0012005267,23091.9,1161.6805,GBP,XFRA,2026-10-07T11:26:08.436798,549300JSX0Z4CY0V0P21,DEAL,SELL,213800LBPT1H9WO9ZL78
TRX-00000548,US5949181045,18398.46,1937.914,CHF,XNAS,2026-10-07T08:26:08.436803,5493001ZABYZPD63HV28,DEAL,BUY,213800LBPT1H9WO9ZL78
TRX-00000549,GB0002374006,92543.58,4751.04,USD,XPAR,2026-10-07T07:26:08.436808,213800LBPT1H9WO9ZL78,DEAL,SELL,213800LBPT1H9WO9ZL78
TRX-00000550,FR0000120271,68786.58,4334.0078,USD,XMIL,2026-10-07T01:26:08.436814,213800LBPT1H9WO9ZL78,ANYOTC,SELL,213800LBPT1H9WO9ZL78
TRX-00000551,DE0007164600,61150.88,3712.5968,JPY,XLON,2026-10-06T21:26:08.436819,213800LBPT1H9WO9ZL78,MATCH,SELL,213800LBPT1H9WO9ZL78
TRX-00000552,GB0002374006,87778.12,1229.3625,JPY,XMIL,2026-10-06T14:26:08.436825,213800LBPT1H9WO9ZL78,ANYOTC,SELL,213800LBPT1H9WO9ZL78
TRX-00000553,GB0002374006,18985.84,2198.3298,EUR,XAMS,2026-10-06T23:26:08.436830,5493001ZABYZPD63HV28,MATCH,SELL,213800LBPT1H9WO9ZL78
TRX-00000554,GB0002374006,68995.61,4518.4746,CHF,XMAD,2026-10-07T11:26:08.436835,529900D6BHCL8WQ7R898,DEAL,BUY,213800LBPT1H9WO9ZL78
TRX-00000555,NL0010273215,13531.53,2068.383,CHF,XLON,2026-10-07T08:26:08.436840,549300JSX0Z4CY0V0P21,ANYOTC,BUY,213800LBPT1H9WO9ZL78
TRX-00000556,GB00B03MLX29,25008.98,3458.8954,USD,XNYS,2026-10-07T11:26:08.436846,213800LBPT1H9WO9ZL78,ANYOTC,SELL,213800LBPT1H9WO9ZL78
TRX-00000557,GB00B03MLX29,52382.21,1921.0528,JPY,XNAS,2026-10-07T01:26:08.436851,529900D6BHCL8WQ7R898,MATCH,BUY,213800LBPT1H9WO9ZL78
TRX-00000558,US5949181045,56549.59,3297.9922,USD,XNAS,2026-10-07T09:26:08.436856,5493001ZABYZPD63HV28,ANYOTC,BUY,213800LBPT1H9WO9ZL78
TRX-00000559,US02079K3059,73016.44,4804.8696,EUR,XNAS,2026-10-07T10:26:08.436861,5493001ZABYZPD63HV28,DEAL,BUY,213800LBPT1H9WO9ZL78
TRX-00000560,US02079K3059,1221.76,2488.6404,CHF,XLON,2026-10-06T18:26:08.436867,549300JSX0Z4CY0V0P21,DEAL,BUY,213800LBPT1H9WO9ZL78
TRX-00000561,FR0000120271,45374.39,2209.9349,JPY,XLON,2026-10-07T06:26:08.436872,529900D6BHCL8WQ7R898,MATCH,BUY,213800LBPT1H9WO9ZL78
TRX-00000562,US5949181045,3673.07,4269.2926,JPY,XAMS,2026-10-07T03:26:08.436877,213800LBPT1H9WO9ZL78,DEAL,BUY,213800LBPT1H9WO9ZL78
TRX-00000563,GB00B0MYJG27,16134.36,1422.6183,JPY,XNAS,2026-10-06T23:26:08.436882,529900D6BHCL8WQ7R898,MATCH,BUY,213800LBPT1H9WO9ZL78
TRX-00000564,US5949181045,89753.08,4101.5034,CHF,XNYS,2026-10-07T04:26:08.436887,549300JSX0Z4CY0V0P21,DEAL,BUY,213800LBPT1H9WO9ZL78
TRX-00000565,US02079K3059,32921.52,2069.3758,USD,XPAR,2026-10-06T18:26:08.436891,213800LBPT1H9WO9ZL78,DEAL,BUY,213800LBPT1H9WO9ZL78
TRX-00000566,CH0012005267,93389.23,4931.4059,EUR,XMIL,2026-10-06T18:26:08.436897,5493006B1YHUQ7ZX5L88,MATCH,SELL,213800LBPT1H9WO9ZL78
TRX-00000567,CH0012005267,56263.87,2599.0093,CHF,XMAD,2026-10-07T08:26:08.436902,529900D6BHCL8WQ7R898,DEAL,SELL,213800LBPT1H9WO9ZL78
TRX-00000568,GB0002374006,11821.6,2324.9633,GBP,XPAR,2026-10-06T18:26:08.436907,549300JSX0Z4CY0V0P21,MATCH,BUY,213800LBPT1H9WO9ZL78
TRX-00000569,NL0010273215,80604.55,1062.4773,USD,XAMS,2026-10-07T05:26:08.436912,213800LBPT1H9WO9ZL78,MATCH,SELL,213800LBPT1H9WO9ZL78
TRX-00000570,US5949181045,76703.49,570.07,EUR,XFRA,2026-10-07T01:26:08.436918,529900D6BHCL8WQ7R898,ANYOTC,BUY,213800LBPT1H9WO9ZL78
TRX-00000571,US0378331005,33052.15,1690.3463,CHF,XMAD,2026-10-07T12:26:08.436922,5493001ZABYZPD63HV28,MATCH,BUY,213800LBPT1H9WO9ZL78
TRX-00000572,NL0010273215,89592.96,2312.8879,CHF,XLON,2026-10-06T21:26:08.436927,5493006B1YHUQ7ZX5L88,ANYOTC,SELL,213800LBPT1H9WO9ZL78
TRX-00000573,GB0002374006,20827.04,3427.781,EUR,XNYS,2026-10-07T09:26:08.436932,5493006B1YHUQ7ZX5L88,DEAL,SELL,213800LBPT1H9WO9ZL78
TRX-00000574,NL0010273215,84240.74,2855.3372,CHF,XNAS,2026-10-06T18:26:08.436943,213800LBPT1H9WO9ZL78,MATCH,SELL,213800LBPT1H9WO9ZL78
TRX-00000575,US02079K3059,41387.54,2485.7751,USD,XFRA,2026-10-06T23:26:08.436949,5493006B1YHUQ7ZX5L88,DEAL,SELL,213800LBPT1H9WO9ZL78
TRX-00000576,US5949181045,78494.61,3889.1742,GBP,XMAD,2026-10-06T21:26:08.436954,213800LBPT1H9WO9ZL78,MATCH,BUY,213800LBPT1H9WO9ZL78
TRX-00000577,FR0000120271,73244.37,2618.6162,EUR,XNAS,2026-10-07T10:26:08.436959,529900D6BHCL8WQ7R898,ANYOTC,BUY,213800LBPT1H9WO9ZL78
TRX-00000578,GB0002374006,45937.38,3568.6733,JPY,XNYS,2026-10-07T13:26:08.436964,5493006B1YHUQ7ZX5L88,DEAL,BUY,213800LBPT1H9WO9ZL78
TRX-00000579,GB0002374006,10311.18,3831.1347,EUR,XLON,2026-10-06T19:26:08.436969,5493006B1YHUQ7ZX5L88,ANYOTC,BUY,213800LBPT1H9WO9ZL78
TRX-00000580,US0378331005,28657.45,2661.8468,CHF,XNYS,2026-10-07T05:26:08.436976,5493001ZABYZPD63HV28,DEAL,SELL,213800LBPT1H9WO9ZL78
TRX-00000581,CH0012005267,55963.02,512.7741,JPY,XFRA,2026-10-06T20:26:08.436980,5493006B1YHUQ7ZX5L88,MATCH,BUY,213800LBPT1H9WO9ZL78
TRX-00000582,US02079K3059,57408.72,857.2036,EUR,XFRA,2026-10-06T20:26:08.436985,549300JSX0Z4CY0V0P21,DEAL,BUY,213800LBPT1H9WO9ZL78
TRX-00000583,GB0002374006,10593.59,269.9456,CHF,XMIL,2026-10-07T08:26:08.436990,529900D6BHCL8WQ7R898,ANYOTC,SELL,213800LBPT1H9WO9ZL78
TRX-00000584,US02079K3059,33233.88,991.5375,JPY,XNYS,2026-10-06T23:26:08.436995,529900D6BHCL8WQ7R898,DEAL,BUY,213800LBPT1H9WO9ZL78
TRX-00000585,FR0000120271,9727.2,1552.648,CHF,XMAD,2026-10-07T06:26:08.437000,5493001ZABYZPD63HV28,DEAL,SELL,213800LBPT1H9WO9ZL78
TRX-00000586,DE0007164600,18336.12,4586.4048,EUR,XFRA,2026-10-06T23:26:08.437006,549300JSX0Z4CY0V0P21,DEAL,BUY,213800LBPT1H9WO9ZL78
TRX-00000587,US5949181045,47865.73,4228.9855,EUR,XFRA,2026-10-06T18:26:08.437010,529900D6BHCL8WQ7R898,DEAL,BUY,213800LBPT1H9WO9ZL78
TRX-00000588,GB00B03MLX29,32587.65,3247.6076,EUR,XMAD,2026-10-07T01:26:08.437016,529900D6BHCL8WQ7R898,MATCH,BUY,213800LBPT1H9WO9ZL78
TRX-00000589,NL0010273215,15902.87,2412.3909,GBP,XFRA,2026-10-07T07:26:08.437021,529900D6BHCL8WQ7R898,MATCH,SELL,213800LBPT1H9WO9ZL78
TRX-00000590,US5949181045,54453.14,1181.5354,GBP,XMAD,2026-10-07T10:26:08.437027,529900D6BHCL8WQ7R898,ANYOTC,SELL,213800LBPT1H9WO9ZL78
TRX-00000591,GB00B03MLX29,82202.48,881.6938,CHF,XNYS,2026-10-06T18:26:08.437032,213800LBPT1H9WO9ZL78,ANYOTC,SELL,213800LBPT1H9WO9ZL78
TRX-00000592,GB0002374006,9054.21,4085.3509,JPY,XLON,2026-10-07T09:26:08.437037,5493001ZABYZPD63HV28,MATCH,SELL,213800LBPT1H9WO9ZL78
TRX-00000593,CH0012005267,44716.53,1029.1027,EUR,XAMS,2026-10-06T19:26:08.437042,5493006B1YHUQ7ZX5L88,MATCH,SELL,213800LBPT1H9WO9ZL78
TRX-00000594,CH0012005267,812.92,4932.1218,CHF,XNAS,2026-10-07T04:26:08.437047,213800LBPT1H9WO9ZL78,MATCH,BUY,213800LBPT1H9WO9ZL78
TRX-00000595,US5949181045,10970.72,1411.764,GBP,XPAR,2026-10-07T00:26:08.437052,529900D6BHCL8WQ7R898,MATCH,SELL,213800LBPT1H9WO9ZL78
TRX-00000596,DE0007164600,38157.12,2726.0488,USD,XMAD,2026-10-07T09:26:08.437057,5493001ZABYZPD63HV28,ANYOTC,SELL,213800LBPT1H9WO9ZL78
TRX-00000597,US5949181045,83996.43,772.1822,USD,XNAS,2026-10-07T13:26:08.437063,213800LBPT1H9WO9ZL78,ANYOTC,BUY,213800LBPT1H9WO9ZL78
TRX-00000598,FR0000120271,65793.01,4874.9002,USD,XNYS,2026-10-07T09:26:08.437069,549300JSX0Z4CY0V0P21,MATCH,SELL,213800LBPT1H9WO9ZL78
TRX-00000599,FR0000120271,50941.98,2760.6981,CHF,XMIL,2026-10-07T02:26:08.437074,5493001ZABYZPD63HV28,DEAL,SELL,213800LBPT1H9WO9ZL78
TRX-00000600,CH0012005267,49816.2,3654.836,JPY,XAMS,2026-10-07T00:26:08.437080,529900D6BHCL8WQ7R898,ANYOTC,SELL,213800LBPT1H9WO9ZL78
TRX-00000601,US03783310050,70488.55,566.7087,GBPUSD,LONDON,2026-10-07T09:26:08.437086,INVALID,MATCH,BUY,213800LBPT1H9WO9ZL78
TRX-00000602,CH0012005267,8845.55,2362.7854,GBP,XAMS,2026-10-06T18:26:08.437091,213800LBPT1H9WO9ZL78,MATCH,BUY,213800LBPT1H9WO9ZL78
TRX-00000603,NL0010273215,90605.6,2870.2525,EUR,XMIL,2026-10-07T02:26:08.437098,5493006B1YHUQ7ZX5L88,MATCH,BUY,213800LBPT1H9WO9ZL78
TRX-00000604,US02079K3059,72697.44,2818.9677,GBP,XMAD,2026-10-06T19:26:08.437103,5493001ZABYZPD63HV28,ANYOTC,BUY,213800LBPT1H9WO9ZL78
TRX-00000605,US02079K3059,80889.77,3121.9607,EUR,XMAD,2026-10-07T11:26:08.437107,5493001ZABYZPD63HV28,ANYOTC,BUY,213800LBPT1H9WO9ZL78
TRX-00000606,US02079K3059,25205.85,3079.373,EUR,XAMS,2026-10-07T13:26:08.437112,213800LBPT1H9WO9ZL78,ANYOTC,BUY,213800LBPT1H9WO9ZL78
TRX-00000607,GB00B0MYJG27,65915.9,1849.4644,USD,XAMS,2026-10-06T15:26:08.437117,5493001ZABYZPD63HV28,MATCH,BUY,213800LBPT1H9WO9ZL78
TRX-00000608,GB0002374006,34285.46,422.9229,USD,XNAS,2026-10-06T22:26:08.437122,549300JSX0Z4CY0V0P21,MATCH,BUY,213800LBPT1H9WO9ZL78
TRX-00000609,GB00B0MYJG27,21086.46,3672.0712,EUR,XLON,2026-10-06T17:26:08.437128,5493006B1YHUQ7ZX5L88,DEAL,BUY,213800LBPT1H9WO9ZL78
TRX-00000610,DE0007164600,47623.72,2381.8549,JPY,XPAR,2026-10-07T01:26:08.437134,549300JSX0Z4CY0V0P21,MATCH,SELL,213800LBPT1H9WO9ZL78
TRX-00000611,DE0007164600,1187.29,4636.1854,CHF,XMIL,2026-10-06T16:26:08.437139,5493006B1YHUQ7ZX5L88,ANYOTC,BUY,213800LBPT1H9WO9ZL78
TRX-00000612,US5949181045,95618.41,2159.4976,EUR,XFRA,2026-10-07T05:26:08.437144,5493006B1YHUQ7ZX5L88,DEAL,SELL,213800LBPT1H9WO9ZL78
TRX-00000613,DE0007164600,46111.4,3376.7803,USD,XPAR,2026-10-06T21:26:08.437149,5493006B1YHUQ7ZX5L88,ANYOTC,BUY,213800LBPT1H9WO9ZL78
TRX-00000614,GB0002374006,67280.51,4158.6158,GBP,XMIL,2026-10-07T10:26:08.437154,529900D6BHCL8WQ7R898,DEAL,SELL,213800LBPT1H9WO9ZL78
TRX-00000615,US02079K3059,25190.36,171.1748,JPY,XNYS,2026-10-07T12:26:08.437159,529900D6BHCL8WQ7R898,ANYOTC,BUY,213800LBPT1H9WO9ZL78
TRX-00000616,GB00B03MLX29,70807.8,600.7656,JPY,XNAS,2026-10-07T01:26:08.437164,529900D6BHCL8WQ7R898,DEAL,BUY,213800LBPT1H9WO9ZL78
TRX-00000617,US02079K3059,29457.57,3302.7288,GBP,XMAD,2026-10-07T05:26:08.437169,549300JSX0Z4CY0V0P21,ANYOTC,SELL,213800LBPT1H9WO9ZL78
TRX-00000618,GB00B03MLX29,27729.47,312.8745,CHF,XFRA,2026-10-07T12:26:08.437175,5493006B1YHUQ7ZX5L88,MATCH,BUY,213800LBPT1H9WO9ZL78
TRX-00000619,FR0000120271,97942.22,1004.1449,CHF,XNAS,2026-10-06T17:26:08.437181,549300JSX0Z4CY0V0P21,DEAL,BUY,213800LBPT1H9WO9ZL78
TRX-00000620,DE0007164600,21839.43,3217.0475,CHF,XAMS,2026-10-07T10:26:08.437189,213800LBPT1H9WO9ZL78,DEAL,BUY,213800LBPT1H9WO9ZL78
TRX-00000621,US02079K3059,77723.94,94.8052,CHF,XNAS,2026-10-06T17:26:08.437194,213800LBPT1H9WO9ZL78,DEAL,SELL,213800LBPT1H9WO9ZL78
TRX-00000622,US5949181045,90461.85,2873.6266,JPY,XMAD,2026-10-06T22:26:08.437199,549300JSX0Z4CY0V0P21,MATCH,BUY,213800LBPT1H9WO9ZL78
TRX-00000623,GB0002374006,38443.0,3446.6173,CHF,XNYS,2026-10-06T19:26:08.437204,529900D6BHCL8WQ7R898,MATCH,SELL,213800LBPT1H9WO9ZL78
TRX-00000624,DE0007164600,5520.41,4985.082,GBP,XFRA,2026-10-06T20:26:08.437209,5493006B1YHUQ7ZX5L88,DEAL,SELL,213800LBPT1H9WO9ZL78
TRX-00000625,US02079K3059,64779.61,883.9149,GBP,XMIL,2026-10-06T16:26:08.437214,5493001ZABYZPD63HV28,MATCH,SELL,213800LBPT1H9WO9ZL78
TRX-00000626,US5949181045,48650.87,4426.1856,CHF,XPAR,2026-10-07T09:26:08.437219,213800LBPT1H9WO9ZL78,DEAL,BUY,213800LBPT1H9WO9ZL78
TRX-00000627,CH0012005267,23849.27,1944.4489,JPY,XAMS,2026-10-06T22:26:08.437224,529900D6BHCL8WQ7R898,MATCH,BUY,213800LBPT1H9WO9ZL78
TRX-00000628,GB000237400,40551.38,1059.1792,GBPUSD,NYSE,2026-10-06T14:26:08.437229,,DEAL,BUY,213800LBPT1H9WO9ZL78
TRX-00000629,FR0000120271,65383.5,2356.627,JPY,XLON,2026-10-07T06:26:08.437234,5493001ZABYZPD63HV28,DEAL,BUY,213800LBPT1H9WO9ZL78
TRX-00000630,US02079K3059,82074.1,487.3639,JPY,XNAS,2026-10-06T19:26:08.437240,213800LBPT1H9WO9ZL78,DEAL,BUY,213800LBPT1H9WO9ZL78
TRX-00000631,CH0012005267,22058.03,4022.4632,CHF,XFRA,2026-10-06T14:26:08.437245,549300JSX0Z4CY0V0P21,MATCH,BUY,213800LBPT1H9WO9ZL78
TRX-00000632,CH0012005267,54588.93,1608.6278,USD,XLON,2026-10-06T19:26:08.437250,5493001ZABYZPD63HV28,MATCH,BUY,213800LBPT1H9WO9ZL78
TRX-00000633,GB00B0MYJG27,75755.25,841.0862,EUR,XNAS,2026-10-06T23:26:08.437255,5493001ZABYZPD63HV28,ANYOTC,BUY,213800LBPT1H9WO9ZL78
TRX-00000634,CH0012005267,37613.73,789.6106,CHF,XNYS,2026-10-07T13:26:08.437260,213800LBPT1H9WO9ZL78,DEAL,BUY,213800LBPT1H9WO9ZL78
TRX-00000635,CH0012005267,88691.63,2081.695,CHF,XNAS,2026-10-07T07:26:08.437265,5493001ZABYZPD63HV28,ANYOTC,SELL,213800LBPT1H9WO9ZL78
TRX-00000636,DE0007164600,23926.14,873.5701,GBP,XNAS,2026-10-06T15:26:08.437270,549300JSX0Z4CY0V0P21,ANYOTC,BUY,213800LBPT1H9WO9ZL78
TRX-00000637,US02079K3059,34786.01,23.8456,USD,XPAR,2026-10-07T10:26:08.437275,529900D6BHCL8WQ7R898,DEAL,SELL,213800LBPT1H9WO9ZL78
TRX-00000638,NL0010273215,50754.57,2321.6158,USD,XAMS,2026-10-07T12:26:08.437280,5493001ZABYZPD63HV28,DEAL,BUY,213800LBPT1H9WO9ZL78
TRX-00000639,FR0000120271,49751.99,799.6382,GBP,XLON,2026-10-06T17:26:08.437285,5493006B1YHUQ7ZX5L88,MATCH,BUY,213800LBPT1H9WO9ZL78
TRX-00000640,US5949181045,61682.32,4450.5079,CHF,XLON,2026-10-07T10:26:08.437291,213800LBPT1H9WO9ZL78,ANYOTC,BUY,213800LBPT1H9WO9ZL78
TRX-00000641,GB0002374006,48506.65,581.2094,USD,XMAD,2026-10-06T19:26:08.437296,529900D6BHCL8WQ7R898,MATCH,SELL,213800LBPT1H9WO9ZL78
TRX-00000642,US5949181045,23007.09,551.5542,USD,XNYS,2026-10-07T06:26:08.437301,549300JSX0Z4CY0V0P21,DEAL,SELL,213800LBPT1H9WO9ZL78
TRX-00000643,GB00B03MLX29,47099.55,2422.5542,CHF,XNAS,2026-10-07T07:26:08.437306,529900D6BHCL8WQ7R898,MATCH,BUY,213800LBPT1H9WO9ZL78
TRX-00000644,GB00B0MYJG27,45774.56,971.5805,EUR,XAMS,2026-10-07T07:26:08.437310,5493006B1YHUQ7ZX5L88,DEAL,BUY,213800LBPT1H9WO9ZL78
TRX-00000645,GB0002374006,28061.13,556.4352,CHF,XMAD,2026-10-07T00:26:08.437315,5493001ZABYZPD63HV28,MATCH,BUY,213800LBPT1H9WO9ZL78
TRX-00000646,CH0012005267,15679.66,3973.0324,JPY,XNAS,2026-10-06T19:26:08.437320,529900D6BHCL8WQ7R898,DEAL,BUY,213800LBPT1H9WO9ZL78
TRX-00000647,NL0010273215,48921.85,4978.326,JPY,XMAD,2026-10-06T23:26:08.437325,5493006B1YHUQ7ZX5L88,DEAL,SELL,213800LBPT1H9WO9ZL78
TRX-00000648,US0378331005,24783.9,2171.8094,USD,XNAS,2026-10-06T19:26:08.437330,213800LBPT1H9WO9ZL78,MATCH,BUY,213800LBPT1H9WO9ZL78
TRX-00000649,NL0010273215,3363.02,2656.0775,CHF,XNYS,2026-10-06T23:26:08.437335,549300JSX0Z4CY0V0P21,DEAL,BUY,213800LBPT1H9WO9ZL78
TRX-00000650,GB0002374006,69316.29,2033.6838,USD,XNAS,2026-10-07T02:26:08.437341,5493006B1YHUQ7ZX5L88,DEAL,BUY,213800LBPT1H9WO9ZL78
TRX-00000651,GB00B0MYJG27,70330.75,4289.7526,JPY,XLON,2026-10-06T23:26:08.437346,549300JSX0Z4CY0V0P21,DEAL,SELL,213800LBPT1H9WO9ZL78
TRX-00000652,US5949181045,62681.47,3519.8064,GBP,XNYS,2026-10-07T01:26:08.437353,5493006B1YHUQ7ZX5L88,ANYOTC,BUY,213800LBPT1H9WO9ZL78
TRX-00000653,US02079K3059,69805.8,3062.8937,JPY,XPAR,2026-10-06T16:26:08.437358,213800LBPT1H9WO9ZL78,ANYOTC,SELL,213800LBPT1H9WO9ZL78
TRX-00000654,GB0002374006,51474.13,4550.1106,EUR,XLON,2026-10-07T10:26:08.437364,549300JSX0Z4CY0V0P21,MATCH,SELL,213800LBPT1H9WO9ZL78
TRX-00000655,US5949181045,36643.93,3241.2151,GBP,XPAR,2026-10-07T09:26:08.437368,5493006B1YHUQ7ZX5L88,DEAL,BUY,213800LBPT1H9WO9ZL78
TRX-00000656,CH0012005267,87113.27,3514.5152,USD,XFRA,2026-10-07T02:26:08.437373,5493006B1YHUQ7ZX5L88,ANYOTC,SELL,213800LBPT1H9WO9ZL78
TRX-00000657,GB00B03MLX29,37282.01,2262.6008,JPY,XNYS,2026-10-06T22:26:08.437378,529900D6BHCL8WQ7R898,ANYOTC,SELL,213800LBPT1H9WO9ZL78
TRX-00000658,US5949181045,79990.59,4726.8812,GBP,XPAR,2026-10-06T23:26:08.437383,213800LBPT1H9WO9ZL78,DEAL,SELL,213800LBPT1H9WO9ZL78
TRX-00000659,US02079K3059,95825.69,385.6596,USD,XAMS,2026-10-07T10:26:08.437388,5493001ZABYZPD63HV28,MATCH,BUY,213800LBPT1H9WO9ZL78
TRX-00000660,NL0010273215,95210.52,114.4287,CHF,XNAS,2026-10-06T22:26:08.437395,5493006B1YHUQ7ZX5L88,MATCH,SELL,213800LBPT1H9WO9ZL78
TRX-00000661,GB0002374006,29152.39,315.6846,USD,XFRA,2026-10-07T00:26:08.437400,529900D6BHCL8WQ7R898,MATCH,SELL,213800LBPT1H9WO9ZL78
TRX-00000662,NL0010273215,84190.95,2226.8363,EUR,XNAS,2026-10-07T04:26:08.437404,5493001ZABYZPD63HV28,MATCH,BUY,213800LBPT1H9WO9ZL78
TRX-00000663,US02079K3059,76975.2,237.5474,EUR,XAMS,2026-10-06T23:26:08.437409,5493001ZABYZPD63HV28,ANYOTC,BUY,213800LBPT1H9WO9ZL78
TRX-00000664,US02079K3059,18228.87,877.6214,USD,XNAS,2026-10-07T06:26:08.437414,213800LBPT1H9WO9ZL78,DEAL,SELL,213800LBPT1H9WO9ZL78
TRX-00000665,FR0000120271,26041.46,923.2984,JPY,XLON,2026-10-06T16:26:08.437419,5493006B1YHUQ7ZX5L88,MATCH,BUY,213800LBPT1H9WO9ZL78
TRX-00000666,NL0010273215,97546.59,2668.6811,GBP,XLON,2026-10-07T01:26:08.437424,549300JSX0Z4CY0V0P21,DEAL,SELL,213800LBPT1H9WO9ZL78
TRX-00000667,GB00B0MYJG27,430.43,3692.7364,JPY,XFRA,2026-10-06T17:26:08.437429,5493006B1YHUQ7ZX5L88,MATCH,SELL,213800LBPT1H9WO9ZL78
TRX-00000668,CH0012005267,66689.11,3998.0813,CHF,XFRA,2026-10-06T15:26:08.437434,213800LBPT1H9WO9ZL78,ANYOTC,SELL,213800LBPT1H9WO9ZL78
TRX-00000669,GB00B0MYJG27,67801.16,585.2636,GBP,XMIL,2026-10-06T18:26:08.437439,5493001ZABYZPD63HV28,MATCH,SELL,213800LBPT1H9WO9ZL78
TRX-00000670,INVALID123,58343.56,1111.4971,,NYSE,2026-10-07T13:26:08.437445,213800LBPT1H9WO,ANYOTC,SELL,213800LBPT1H9WO9ZL78
TRX-00000671,GB00B03MLX29,97583.97,1972.7236,CHF,XFRA,2026-10-06T18:26:08.437449,529900D6BHCL8WQ7R898,ANYOTC,BUY,213800LBPT1H9WO9ZL78
TRX-00000672,US5949181045,39756.4,3580.1029,CHF,XFRA,2026-10-07T01:26:08.437454,5493006B1YHUQ7ZX5L88,DEAL,SELL,213800LBPT1H9WO9ZL78
TRX-00000673,US02079K3059,97752.39,4371.6344,GBP,XPAR,2026-10-06T14:26:08.437468,549300JSX0Z4CY0V0P21,ANYOTC,SELL,213800LBPT1H9WO9ZL78
TRX-00000674,US02079K3059,16379.87,3640.2754,CHF,XMIL,2026-10-07T09:26:08.437473,529900D6BHCL8WQ7R898,ANYOTC,BUY,213800LBPT1H9WO9ZL78
TRX-00000675,US02079K3059,47461.84,4337.7616,EUR,XNYS,2026-10-06T19:26:08.437478,549300JSX0Z4CY0V0P21,DEAL,BUY,213800LBPT1H9WO9ZL78
TRX-00000676,US02079K3059,41451.99,2779.5134,JPY,XNAS,2026-10-07T07:26:08.437483,5493001ZABYZPD63HV28,MATCH,SELL,213800LBPT1H9WO9ZL78
TRX-00000677,GB0002374006,82280.1,1510.6625,JPY,XAMS,2026-10-06T22:26:08.437488,529900D6BHCL8WQ7R898,ANYOTC,SELL,213800LBPT1H9WO9ZL78
TRX-00000678,GB0002374006,15403.24,1501.5469,CHF,XNYS,2026-10-06T17:26:08.437493,5493006B1YHUQ7ZX5L88,MATCH,BUY,213800LBPT1H9WO9ZL78
TRX-00000679,US0378331005,2845.23,3823.8271,CHF,XNYS,2026-10-06T18:26:08.437498,5493006B1YHUQ7ZX5L88,ANYOTC,SELL,213800LBPT1H9WO9ZL78
TRX-00000680,US02079K3059,62799.98,2380.7275,GBP,XFRA,2026-10-06T21:26:08.437504,529900D6BHCL8WQ7R898,DEAL,SELL,213800LBPT1H9WO9ZL78
TRX-00000681,GB0002374006,14614.57,2305.7588,USD,XFRA,2026-10-07T08:26:08.437509,213800LBPT1H9WO9ZL78,MATCH,SELL,213800LBPT1H9WO9ZL78
TRX-00000682,US5949181045,4872.44,1459.0288,GBP,XPAR,2026-10-06T17:26:08.437514,5493001ZABYZPD63HV28,DEAL,BUY,213800LBPT1H9WO9ZL78
TRX-00000683,US5949181045,82682.37,3425.1508,EUR,XAMS,2026-10-06T16:26:08.437520,5493006B1YHUQ7ZX5L88,DEAL,SELL,213800LBPT1H9WO9ZL78
TRX-00000684,GB0002374006,13695.81,1407.8074,CHF,XMIL,2026-10-07T03:26:08.437525,5493001ZABYZPD63HV28,DEAL,BUY,213800LBPT1H9WO9ZL78
TRX-00000685,US0378331005,83157.52,3975.7386,JPY,XNYS,2026-10-07T00:26:08.437530,549300JSX0Z4CY0V0P21,DEAL,BUY,213800LBPT1H9WO9ZL78
TRX-00000686,GB0002374006,47952.34,1558.5558,EUR,XNAS,2026-10-06T23:26:08.437535,529900D6BHCL8WQ7R898,ANYOTC,SELL,213800LBPT1H9WO9ZL78
TRX-00000687,US02079K3059,2876.92,4073.056,USD,XNAS,2026-10-06T15:26:08.437540,5493001ZABYZPD63HV28,ANYOTC,BUY,213800LBPT1H9WO9ZL78
TRX-00000688,US0378331005,13022.7,393.9462,GBP,XNYS,2026-10-07T13:26:08.437545,549300JSX0Z4CY0V0P21,MATCH,BUY,213800LBPT1H9WO9ZL78
TRX-00000689,GB0002374006,79305.73,2567.8825,GBP,XMAD,2026-10-07T10:26:08.437549,5493006B1YHUQ7ZX5L88,DEAL,BUY,213800LBPT1H9WO9ZL78
TRX-00000690,GB0002374006,75455.27,3912.0717,JPY,XPAR,2026-10-06T19:26:08.437555,5493001ZABYZPD63HV28,DEAL,SELL,213800LBPT1H9WO9ZL78
TRX-00000691,US02079K3059,94879.21,1739.8349,USD,XPAR,2026-10-06T21:26:08.437568,529900D6BHCL8WQ7R898,DEAL,BUY,213800LBPT1H9WO9ZL78
TRX-00000692,GB0002374006,52884.35,3579.3424,EUR,XNAS,2026-10-06T20:26:08.437573,213800LBPT1H9WO9ZL78,ANYOTC,BUY,213800LBPT1H9WO9ZL78
TRX-00000693,NL0010273215,85129.83,2374.1028,JPY,XNAS,2026-10-06T23:26:08.437578,213800LBPT1H9WO9ZL78,DEAL,SELL,213800LBPT1H9WO9ZL78
TRX-00000694,DE0007164600,21428.19,1138.5435,GBP,XFRA,2026-10-07T10:26:08.437583,549300JSX0Z4CY0V0P21,DEAL,BUY,213800LBPT1H9WO9ZL78
TRX-00000695,US5949181045,70473.39,2786.1035,GBP,XNYS,2026-10-07T03:26:08.437588,549300JSX0Z4CY0V0P21,DEAL,SELL,213800LBPT1H9WO9ZL78
TRX-00000696,CH0012005267,73617.71,3435.5457,CHF,XPAR,2026-10-06T20:26:08.437592,549300JSX0Z4CY0V0P21,MATCH,SELL,213800LBPT1H9WO9ZL78
TRX-00000697,GB00B03MLX29,89475.57,4012.3796,EUR,XNAS,2026-10-07T13:26:08.437597,549300JSX0Z4CY0V0P21,ANYOTC,BUY,213800LBPT1H9WO9ZL78
TRX-00000698,NL0010273215,65855.17,425.9445,USD,XMIL,2026-10-07T01:26:08.437603,529900D6BHCL8WQ7R898,DEAL,BUY,213800LBPT1H9WO9ZL78
TRX-00000699,US5949181045,20027.15,4220.3035,CHF,XNYS,2026-10-07T06:26:08.437609,549300JSX0Z4CY0V0P21,ANYOTC,SELL,213800LBPT1H9WO9ZL78
TRX-00000700,CH0012005267,59365.4,3781.7584,CHF,XFRA,2026-10-06T22:26:08.437616,529900D6BHCL8WQ7R898,MATCH,SELL,213800LBPT1H9WO9ZL78
TRX-00000701,GB00B0MYJG27,76800.19,541.0753,EUR,XMAD,2026-10-06T22:26:08.437622,5493001ZABYZPD63HV28,ANYOTC,BUY,213800LBPT1H9WO9ZL78
TRX-00000702,GB00B03MLX29,49813.99,134.7177,USD,XMIL,2026-10-06T18:26:08.437628,5493006B1YHUQ7ZX5L88,DEAL,SELL,213800LBPT1H9WO9ZL78
TRX-00000703,GB00B03MLX29,76017.38,3305.7419,JPY,XMAD,2026-10-06T23:26:08.437634,5493001ZABYZPD63HV28,MATCH,SELL,213800LBPT1H9WO9ZL78
TRX-00000704,US02079K3059,54244.27,4047.5985,JPY,XLON,2026-10-07T12:26:08.437639,549300JSX0Z4CY0V0P21,DEAL,SELL,213800LBPT1H9WO9ZL78
TRX-00000705,DE0007164600,44256.17,180.8696,USD,XAMS,2026-10-06T15:26:08.437645,5493001ZABYZPD63HV28,MATCH,SELL,213800LBPT1H9WO9ZL78
TRX-00000706,DE0007164600,48746.01,547.8006,CHF,XMAD,2026-10-06T22:26:08.437653,529900D6BHCL8WQ7R898,DEAL,BUY,213800LBPT1H9WO9ZL78
TRX-00000707,FR0000120271,59104.92,1889.6107,EUR,XAMS,2026-10-07T03:26:08.437659,213800LBPT1H9WO9ZL78,DEAL,BUY,213800LBPT1H9WO9ZL78
TRX-00000708,US5949181045,34888.33,3710.5436,GBP,XFRA,2026-10-07T01:26:08.437665,213800LBPT1H9WO9ZL78,MATCH,SELL,213800LBPT1H9WO9ZL78
TRX-00000709,DE0007164600,35127.57,3306.5388,USD,XPAR,2026-10-06T17:26:08.437671,5493006B1YHUQ7ZX5L88,ANYOTC,BUY,213800LBPT1H9WO9ZL78
TRX-00000710,GB00B03MLX29,86894.13,573.242,USD,XLON,2026-10-06T20:26:08.437679,5493006B1YHUQ7ZX5L88,DEAL,SELL,213800LBPT1H9WO9ZL78
TRX-00000711,DE0007164600,56805.37,4507.1478,EUR,XLON,2026-10-06T15:26:08.437685,549300JSX0Z4CY0V0P21,ANYOTC,BUY,213800LBPT1H9WO9ZL78
TRX-00000712,DE0007164600,57035.78,1612.7844,GBP,XMAD,2026-10-07T10:26:08.437690,5493001ZABYZPD63HV28,MATCH,SELL,213800LBPT1H9WO9ZL78
TRX-00000713,US5949181045,16663.56,1498.305,CHF,XPAR,2026-10-06T22:26:08.437696,213800LBPT1H9WO9ZL78,ANYOTC,BUY,213800LBPT1H9WO9ZL78
TRX-00000714,GB0002374006,29732.73,2868.0299,USD,XNYS,2026-10-06T15:26:08.437702,529900D6BHCL8WQ7R898,DEAL,SELL,213800LBPT1H9WO9ZL78
TRX-00000715,CH0012005267,80118.77,2376.8666,USD,XFRA,2026-10-07T11:26:08.437711,5493006B1YHUQ7ZX5L88,ANYOTC,SELL,213800LBPT1H9WO9ZL78
TRX-00000716,NL0010273215,31335.98,2072.1569,EUR,XMAD,2026-10-06T16:26:08.437736,529900D6BHCL8WQ7R898,DEAL,BUY,213800LBPT1H9WO9ZL78
TRX-00000717,NL0010273215,86271.12,2884.6396,USD,XMAD,2026-10-07T05:26:08.437742,529900D6BHCL8WQ7R898,ANYOTC,SELL,213800LBPT1H9WO9ZL78
TRX-00000718,GB0002374006,52227.44,1822.0091,USD,XPAR,2026-10-07T09:26:08.437747,5493006B1YHUQ7ZX5L88,MATCH,SELL,213800LBPT1H9WO9ZL78
TRX-00000719,GB00B03MLX29,63393.11,4229.9889,EUR,XAMS,2026-10-06T17:26:08.437752,5493001ZABYZPD63HV28,MATCH,BUY,213800LBPT1H9WO9ZL78
TRX-00000720,GB00B03MLX29,14997.07,139.4932,EUR,XMAD,2026-10-06T22:26:08.437759,529900D6BHCL8WQ7R898,MATCH,SELL,213800LBPT1H9WO9ZL78
TRX-00000721,GB0002374006,20199.85,1364.2871,GBP,XAMS,2026-10-07T05:26:08.437764,529900D6BHCL8WQ7R898,DEAL,BUY,213800LBPT1H9WO9ZL78
TRX-00000722,FR0000120271,78223.59,277.581,GBP,XFRA,2026-10-06T18:26:08.437769,5493006B1YHUQ7ZX5L88,DEAL,SELL,213800LBPT1H9WO9ZL78
TRX-00000723,GB00B03MLX29,39690.11,4199.2126,USD,XPAR,2026-10-07T10:26:08.437774,529900D6BHCL8WQ7R898,ANYOTC,BUY,213800LBPT1H9WO9ZL78
TRX-00000724,CH0012005267,94967.5,4657.8466,EUR,XMAD,2026-10-07T11:26:08.437779,5493001ZABYZPD63HV28,ANYOTC,BUY,213800LBPT1H9WO9ZL78
TRX-00000725,US5949181045,32929.26,2922.0468,CHF,XPAR,2026-10-07T00:26:08.437784,5493001ZABYZPD63HV28,DEAL,BUY,213800LBPT1H9WO9ZL78
TRX-00000726,US02079K3059,43948.1,1272.2753,JPY,XLON,2026-10-06T22:26:08.437789,529900D6BHCL8WQ7R898,MATCH,BUY,213800LBPT1H9WO9ZL78
TRX-00000727,DE0007164600,47485.94,1232.4871,EUR,XNAS,2026-10-07T02:26:08.437793,549300JSX0Z4CY0V0P21,ANYOTC,SELL,213800LBPT1H9WO9ZL78
TRX-00000728,GB0002374006,64540.11,4526.2419,GBP,XLON,2026-10-06T15:26:08.437798,5493001ZABYZPD63HV28,MATCH,SELL,213800LBPT1H9WO9ZL78
TRX-00000729,US5949181045,90315.81,3426.5564,JPY,XPAR,2026-10-06T23:26:08.437803,549300JSX0Z4CY0V0P21,DEAL,SELL,213800LBPT1H9WO9ZL78
TRX-00000730,US02079K3059,30089.51,4681.6757,USD,XAMS,2026-10-07T07:26:08.437809,5493001ZABYZPD63HV28,MATCH,SELL,213800LBPT1H9WO9ZL78
TRX-00000731,DE0007164600,78931.95,1370.9086,GBP,XMAD,2026-10-06T22:26:08.437814,549300JSX0Z4CY0V0P21,MATCH,SELL,213800LBPT1H9WO9ZL78
TRX-00000732,GB00B03MLX29,82440.26,3492.7125,JPY,XNYS,2026-10-07T02:26:08.437819,549300JSX0Z4CY0V0P21,ANYOTC,SELL,213800LBPT1H9WO9ZL78
TRX-00000733,GB0002374006,76197.78,3207.2226,USD,XMAD,2026-10-06T17:26:08.437824,5493001ZABYZPD63HV28,DEAL,SELL,213800LBPT1H9WO9ZL78
TRX-00000734,US02079K3059,31372.87,412.078,USD,XPAR,2026-10-06T21:26:08.437829,5493001ZABYZPD63HV28,ANYOTC,SELL,213800LBPT1H9WO9ZL78
TRX-00000735,US5949181045,45149.54,4367.6557,USD,XAMS,2026-10-07T08:26:08.437834,529900D6BHCL8WQ7R898,MATCH,SELL,213800LBPT1H9WO9ZL78
TRX-00000736,DE0007164600,36760.59,1968.0774,CHF,XPAR,2026-10-07T13:26:08.437840,213800LBPT1H9WO9ZL78,ANYOTC,BUY,213800LBPT1H9WO9ZL78
TRX-00000737,FR0000120271,19827.42,3506.6045,USD,XLON,2026-10-07T01:26:08.437845,529900D6BHCL8WQ7R898,MATCH,SELL,213800LBPT1H9WO9ZL78
TRX-00000738,US5949181045,17013.12,2836.6473,GBP,XMIL,2026-10-06T23:26:08.437850,549300JSX0Z4CY0V0P21,DEAL,BUY,213800LBPT1H9WO9ZL78
TRX-00000739,US0378331005,94605.29,4067.2487,EUR,XAMS,2026-10-06T14:26:08.437855,549300JSX0Z4CY0V0P21,MATCH,BUY,213800LBPT1H9WO9ZL78
TRX-00000740,US0378331005,60008.68,4976.042,EUR,XPAR,2026-10-07T00:26:08.437861,5493001ZABYZPD63HV28,MATCH,BUY,213800LBPT1H9WO9ZL78
TRX-00000741,US0378331005,61768.41,4536.7338,EUR,XMAD,2026-10-07T11:26:08.437866,213800LBPT1H9WO9ZL78,MATCH,BUY,213800LBPT1H9WO9ZL78
TRX-00000742,DE0007164600,68685.56,3566.9664,CHF,XAMS,2026-10-07T11:26:08.437871,213800LBPT1H9WO9ZL78,ANYOTC,BUY,213800LBPT1H9WO9ZL78
TRX-00000743,FR0000120271,90822.75,4983.7004,JPY,XLON,2026-10-07T13:26:08.437876,5493006B1YHUQ7ZX5L88,ANYOTC,SELL,213800LBPT1H9WO9ZL78
TRX-00000744,DE0007164600,67126.53,662.059,JPY,XLON,2026-10-06T19:26:08.437881,5493001ZABYZPD63HV28,MATCH,BUY,213800LBPT1H9WO9ZL78
TRX-00000745,US5949181045,87789.8,660.4657,EUR,XMIL,2026-10-07T09:26:08.437886,5493006B1YHUQ7ZX5L88,DEAL,SELL,213800LBPT1H9WO9ZL78
TRX-00000746,US02079K3059,74782.59,4631.259,EUR,XAMS,2026-10-06T18:26:08.437891,5493006B1YHUQ7ZX5L88,ANYOTC,SELL,213800LBPT1H9WO9ZL78
TRX-00000747,GB00B0MYJG27,31554.98,4972.8308,USD,XMAD,2026-10-07T12:26:08.437897,5493001ZABYZPD63HV28,DEAL,BUY,213800LBPT1H9WO9ZL78
TRX-00000748,GB0002374006,47025.28,818.6112,CHF,XMIL,2026-10-07T10:26:08.437902,549300JSX0Z4CY0V0P21,DEAL,SELL,213800LBPT1H9WO9ZL78
TRX-00000749,NL0010273215,48520.47,2465.4498,USD,XNYS,2026-10-07T02:26:08.437907,213800LBPT1H9WO9ZL78,DEAL,SELL,213800LBPT1H9WO9ZL78
TRX-00000750,GB00B0MYJG27,74993.92,4113.0362,JPY,XPAR,2026-10-06T19:26:08.437913,213800LBPT1H9WO9ZL78,ANYOTC,BUY,213800LBPT1H9WO9ZL78
TRX-00000751,GB00B03MLX29,24616.5,2491.0558,GBP,XFRA,2026-10-07T13:26:08.437918,5493006B1YHUQ7ZX5L88,ANYOTC,BUY,213800LBPT1H9WO9ZL78
TRX-00000752,CH0012005267,92914.92,531.2435,EUR,XNAS,2026-10-07T13:26:08.437923,213800LBPT1H9WO9ZL78,MATCH,SELL,213800LBPT1H9WO9ZL78
TRX-00000753,US02079K3059,59420.83,30.021,GBP,XMAD,2026-10-07T03:26:08.437928,529900D6BHCL8WQ7R898,DEAL,BUY,213800LBPT1H9WO9ZL78
TRX-00000754,US02079K3059,32317.76,278.6196,GBP,XMIL,2026-10-07T11:26:08.437933,549300JSX0Z4CY0V0P21,MATCH,BUY,213800LBPT1H9WO9ZL78
TRX-00000755,DE0007164600,8919.74,4261.8768,USD,XMIL,2026-10-07T01:26:08.437938,5493006B1YHUQ7ZX5L88,ANYOTC,BUY,213800LBPT1H9WO9ZL78
TRX-00000756,FR0000120271,80110.24,3679.7105,EUR,XNAS,2026-10-07T02:26:08.437944,213800LBPT1H9WO9ZL78,MATCH,BUY,213800LBPT1H9WO9ZL78
TRX-00000757,DE0007164600,47644.49,2815.7223,CHF,XNYS,2026-10-07T00:26:08.437949,5493006B1YHUQ7ZX5L88,ANYOTC,BUY,213800LBPT1H9WO9ZL78
TRX-00000758,DE0007164600,9295.65,2567.194,CHF,XPAR,2026-10-06T17:26:08.437954,5493001ZABYZPD63HV28,MATCH,BUY,213800LBPT1H9WO9ZL78
TRX-00000759,DE0007164600,7919.23,4007.9219,EUR,XNAS,2026-10-07T09:26:08.437959,5493006B1YHUQ7ZX5L88,DEAL,SELL,213800LBPT1H9WO9ZL78
TRX-00000760,GB0002374006,55099.88,4586.5928,JPY,XNYS,2026-10-06T21:26:08.437965,549300JSX0Z4CY0V0P21,MATCH,BUY,213800LBPT1H9WO9ZL78
TRX-00000761,CH0012005267,81282.66,1777.9327,JPY,XNYS,2026-10-06T21:26:08.437970,213800LBPT1H9WO9ZL78,DEAL,SELL,213800LBPT1H9WO9ZL78
TRX-00000762,GB00B0MYJG27,84291.14,227.2483,CHF,XAMS,2026-10-07T03:26:08.437975,529900D6BHCL8WQ7R898,ANYOTC,SELL,213800LBPT1H9WO9ZL78
TRX-00000763,FR0000120271,62381.42,1326.1069,USD,XPAR,2026-10-07T08:26:08.437980,213800LBPT1H9WO9ZL78,ANYOTC,SELL,213800LBPT1H9WO9ZL78
TRX-00000764,GB00B03MLX29,43380.46,90.5582,CHF,XNYS,2026-10-07T13:26:08.437984,5493001ZABYZPD63HV28,ANYOTC,SELL,213800LBPT1H9WO9ZL78
TRX-00000765,DE0007164600,86878.18,4829.0532,JPY,XMAD,2026-10-07T04:26:08.437989,529900D6BHCL8WQ7R898,ANYOTC,SELL,213800LBPT1H9WO9ZL78
TRX-00000766,DE0007164600,80464.27,439.088,USD,XLON,2026-10-07T07:26:08.437994,213800LBPT1H9WO9ZL78,DEAL,BUY,213800LBPT1H9WO9ZL78
TRX-00000767,US0378331005,48112.24,726.6258,USD,XMIL,2026-10-06T17:26:08.437998,529900D6BHCL8WQ7R898,DEAL,BUY,213800LBPT1H9WO9ZL78
TRX-00000768,FR0000120271,14817.42,2109.9742,GBP,XNAS,2026-10-07T09:26:08.438003,549300JSX0Z4CY0V0P21,MATCH,SELL,213800LBPT1H9WO9ZL78
TRX-00000769,US0378331005,20134.64,2847.5829,CHF,XLON,2026-10-07T03:26:08.438008,213800LBPT1H9WO9ZL78,DEAL,SELL,213800LBPT1H9WO9ZL78
TRX-00000770,FR0000120271,73708.09,2979.6019,JPY,XAMS,2026-10-07T12:26:08.438015,549300JSX0Z4CY0V0P21,MATCH,SELL,213800LBPT1H9WO9ZL78
TRX-00000771,CH0012005267,93528.16,4525.4606,CHF,XPAR,2026-10-06T15:26:08.438019,213800LBPT1H9WO9ZL78,ANYOTC,BUY,213800LBPT1H9WO9ZL78
TRX-00000772,US5949181045,55326.02,1339.9765,CHF,XMAD,2026-10-07T10:26:08.438024,549300JSX0Z4CY0V0P21,ANYOTC,SELL,213800LBPT1H9WO9ZL78
TRX-00000773,DE0007164600,2081.67,1440.7659,USD,XMAD,2026-10-07T02:26:08.438029,549300JSX0Z4CY0V0P21,DEAL,BUY,213800LBPT1H9WO9ZL78
TRX-00000774,US5949181045,92173.64,4267.4155,CHF,XNAS,2026-10-07T04:26:08.438033,549300JSX0Z4CY0V0P21,MATCH,SELL,213800LBPT1H9WO9ZL78
TRX-00000775,GB00B0MYJG27,62184.62,1413.0036,GBP,XMAD,2026-10-07T09:26:08.438039,5493001ZABYZPD63HV28,DEAL,BUY,213800LBPT1H9WO9ZL78
TRX-00000776,GB00B03MLX29,79348.45,4715.3304,CHF,XAMS,2026-10-07T06:26:08.438043,5493001ZABYZPD63HV28,ANYOTC,BUY,213800LBPT1H9WO9ZL78
TRX-00000777,US5949181045,88090.73,1785.8623,USD,XNAS,2026-10-06T21:26:08.438048,213800LBPT1H9WO9ZL78,DEAL,SELL,213800LBPT1H9WO9ZL78
TRX-00000778,CH0012005267,22669.8,2810.3453,CHF,XAMS,2026-10-07T03:26:08.438053,5493006B1YHUQ7ZX5L88,DEAL,SELL,213800LBPT1H9WO9ZL78
TRX-00000779,NL0010273215,60429.34,521.606,GBP,XMAD,2026-10-06T23:26:08.438060,213800LBPT1H9WO9ZL78,DEAL,BUY,213800LBPT1H9WO9ZL78
TRX-00000780,GB0002374006,50731.07,836.0644,GBP,XPAR,2026-10-07T02:26:08.438066,5493001ZABYZPD63HV28,ANYOTC,SELL,213800LBPT1H9WO9ZL78
TRX-00000781,NL0010273215,49839.6,4352.5931,USD,XFRA,2026-10-07T03:26:08.438071,5493001ZABYZPD63HV28,DEAL,BUY,213800LBPT1H9WO9ZL78
TRX-00000782,DE0007164600,76922.16,33.9313,CHF,XFRA,2026-10-07T04:26:08.438076,529900D6BHCL8WQ7R898,DEAL,BUY,213800LBPT1H9WO9ZL78
TRX-00000783,DE0007164600,36064.98,3325.3113,USD,XMIL,2026-10-07T06:26:08.438081,5493001ZABYZPD63HV28,MATCH,SELL,213800LBPT1H9WO9ZL78
TRX-00000784,FR0000120271,95184.1,2581.2603,EUR,XLON,2026-10-06T23:26:08.438085,5493001ZABYZPD63HV28,DEAL,BUY,213800LBPT1H9WO9ZL78
TRX-00000785,GB00B0MYJG27,43407.79,1966.9381,GBP,XNAS,2026-10-06T19:26:08.438090,213800LBPT1H9WO9ZL78,ANYOTC,SELL,213800LBPT1H9WO9ZL78
TRX-00000786,NL0010273215,87354.76,3608.0337,EUR,XFRA,2026-10-07T13:26:08.438096,5493006B1YHUQ7ZX5L88,ANYOTC,BUY,213800LBPT1H9WO9ZL78
TRX-00000787,FR0000120271,64388.29,4438.0112,JPY,XMAD,2026-10-06T15:26:08.438100,5493006B1YHUQ7ZX5L88,ANYOTC,SELL,213800LBPT1H9WO9ZL78
TRX-00000788,US02079K3059,8429.01,2687.63,CHF,XNAS,2026-10-06T21:26:08.438106,529900D6BHCL8WQ7R898,MATCH,BUY,213800LBPT1H9WO9ZL78
TRX-00000789,NL0010273215,34071.55,3178.7918,GBP,XLON,2026-10-06T20:26:08.438110,529900D6BHCL8WQ7R898,MATCH,BUY,213800LBPT1H9WO9ZL78
TRX-00000790,US02079K3059,72651.2,4934.7865,GBP,XLON,2026-10-07T02:26:08.438116,5493006B1YHUQ7ZX5L88,ANYOTC,SELL,213800LBPT1H9WO9ZL78
TRX-00000791,GB00B03MLX29,44874.24,2862.604,GBP,XMAD,2026-10-07T03:26:08.438121,5493001ZABYZPD63HV28,ANYOTC,BUY,213800LBPT1H9WO9ZL78
TRX-00000792,US02079K3059,66692.57,4075.5811,JPY,XNAS,2026-10-06T15:26:08.438126,549300JSX0Z4CY0V0P21,ANYOTC,BUY,213800LBPT1H9WO9ZL78
TRX-00000793,NL0010273215,58237.32,4114.3908,EUR,XMAD,2026-10-07T10:26:08.438131,5493001ZABYZPD63HV28,ANYOTC,SELL,213800LBPT1H9WO9ZL78
TRX-00000794,GB00B03MLX29,9225.77,2125.0088,USD,XMAD,2026-10-07T07:26:08.438136,549300JSX0Z4CY0V0P21,DEAL,SELL,213800LBPT1H9WO9ZL78
TRX-00000795,DE0007164600,58824.36,2595.2061,CHF,XAMS,2026-10-06T19:26:08.438140,549300JSX0Z4CY0V0P21,ANYOTC,SELL,213800LBPT1H9WO9ZL78
TRX-00000796,FR0000120271,73171.96,2085.1948,USD,XNAS,2026-10-06T21:26:08.438145,5493001ZABYZPD63HV28,MATCH,SELL,213800LBPT1H9WO9ZL78
TRX-00000797,NL0010273215,86327.3,591.1727,USD,XMAD,2026-10-06T22:26:08.438150,213800LBPT1H9WO9ZL78,ANYOTC,BUY,213800LBPT1H9WO9ZL78
TRX-00000798,US5949181045,92169.81,594.7115,CHF,XNYS,2026-10-07T10:26:08.438155,5493006B1YHUQ7ZX5L88,ANYOTC,SELL,213800LBPT1H9WO9ZL78
TRX-00000799,US5949181045,30493.15,1872.9243,EUR,XMAD,2026-10-07T13:26:08.438159,5493001ZABYZPD63HV28,DEAL,SELL,213800LBPT1H9WO9ZL78
TRX-00000800,US02079K3059,21558.93,4095.8062,CHF,XLON,2026-10-07T10:26:08.438167,529900D6BHCL8WQ7R898,MATCH,BUY,213800LBPT1H9WO9ZL78
TRX-00000801,DE0007164600,48118.16,1549.1997,CHF,XFRA,2026-10-07T01:26:08.438172,549300JSX0Z4CY0V0P21,ANYOTC,BUY,213800LBPT1H9WO9ZL78
TRX-00000802,NL0010273215,63646.39,3808.6322,CHF,XNAS,2026-10-06T14:26:08.438176,5493006B1YHUQ7ZX5L88,DEAL,SELL,213800LBPT1H9WO9ZL78
TRX-00000803,DE0007164600,33900.45,230.0528,CHF,XAMS,2026-10-06T17:26:08.438181,213800LBPT1H9WO9ZL78,DEAL,BUY,213800LBPT1H9WO9ZL78
TRX-00000804,US02079K3059,56104.87,619.7843,JPY,XNYS,2026-10-07T07:26:08.438186,529900D6BHCL8WQ7R898,ANYOTC,BUY,213800LBPT1H9WO9ZL78
TRX-00000805,NL0010273215,18940.4,2379.7026,GBP,XNYS,2026-10-06T16:26:08.438191,529900D6BHCL8WQ7R898,DEAL,BUY,213800LBPT1H9WO9ZL78
TRX-00000806,US0378331005,24529.42,3528.3829,JPY,XMAD,2026-10-07T11:26:08.438196,529900D6BHCL8WQ7R898,ANYOTC,SELL,213800LBPT1H9WO9ZL78
TRX-00000807,GB0002374006,49147.81,4669.3101,EUR,XMIL,2026-10-07T08:26:08.438203,549300JSX0Z4CY0V0P21,DEAL,SELL,213800LBPT1H9WO9ZL78
TRX-00000808,GB00B03MLX29,11465.35,497.5688,USD,XAMS,2026-10-07T09:26:08.438208,5493001ZABYZPD63HV28,MATCH,BUY,213800LBPT1H9WO9ZL78
TRX-00000809,DE0007164600,67861.18,295.5098,EUR,XNAS,2026-10-07T13:26:08.438213,213800LBPT1H9WO9ZL78,MATCH,SELL,213800LBPT1H9WO9ZL78
TRX-00000810,US5949181045,25794.17,4707.946,GBP,XLON,2026-10-07T07:26:08.438219,5493001ZABYZPD63HV28,ANYOTC,BUY,213800LBPT1H9WO9ZL78
TRX-00000811,NL0010273215,38505.48,576.2918,GBP,XFRA,2026-10-06T23:26:08.438225,529900D6BHCL8WQ7R898,MATCH,BUY,213800LBPT1H9WO9ZL78
TRX-00000812,DE0007164600,63354.5,4568.7618,GBP,XAMS,2026-10-06T20:26:08.438229,529900D6BHCL8WQ7R898,ANYOTC,BUY,213800LBPT1H9WO9ZL78
TRX-00000813,NL0010273215,65155.44,628.7311,JPY,XMIL,2026-10-06T23:26:08.438234,213800LBPT1H9WO9ZL78,ANYOTC,BUY,213800LBPT1H9WO9ZL78
TRX-00000814,GB00B0MYJG27,37331.15,4926.5583,USD,XMIL,2026-10-06T20:26:08.438239,549300JSX0Z4CY0V0P21,DEAL,BUY,213800LBPT1H9WO9ZL78
TRX-00000815,CH0012005267,28925.66,4860.4369,GBP,XLON,2026-10-06T22:26:08.438244,5493006B1YHUQ7ZX5L88,ANYOTC,SELL,213800LBPT1H9WO9ZL78
TRX-00000816,DE0007164600,99924.19,4212.3509,USD,XAMS,2026-10-07T12:26:08.438249,5493001ZABYZPD63HV28,ANYOTC,BUY,213800LBPT1H9WO9ZL78
TRX-00000817,DE0007164600,69843.23,4152.66,JPY,XAMS,2026-10-07T00:26:08.438254,5493001ZABYZPD63HV28,ANYOTC,SELL,213800LBPT1H9WO9ZL78
TRX-00000818,US5949181045,63517.35,4898.2221,CHF,XAMS,2026-10-07T06:26:08.438259,5493006B1YHUQ7ZX5L88,MATCH,BUY,213800LBPT1H9WO9ZL78
TRX-00000819,CH0012005267,32846.4,4570.1772,USD,XLON,2026-10-06T18:26:08.438263,549300JSX0Z4CY0V0P21,DEAL,BUY,213800LBPT1H9WO9ZL78
TRX-00000820,DE0007164600,55579.51,3482.7532,CHF,XMIL,2026-10-06T20:26:08.438269,213800LBPT1H9WO9ZL78,ANYOTC,BUY,213800LBPT1H9WO9ZL78
TRX-00000821,FR0000120271,67224.92,1765.6207,CHF,XFRA,2026-10-07T01:26:08.438274,5493001ZABYZPD63HV28,ANYOTC,BUY,213800LBPT1H9WO9ZL78
TRX-00000822,US5949181045,93624.85,2223.4437,USD,XLON,2026-10-07T05:26:08.438279,5493006B1YHUQ7ZX5L88,DEAL,BUY,213800LBPT1H9WO9ZL78
TRX-00000823,US02079K3059,80841.64,1106.5173,CHF,XFRA,2026-10-07T12:26:08.438284,5493006B1YHUQ7ZX5L88,MATCH,BUY,213800LBPT1H9WO9ZL78
TRX-00000824,DE0007164600,11095.54,1387.4604,JPY,XMAD,2026-10-07T08:26:08.438289,529900D6BHCL8WQ7R898,DEAL,BUY,213800LBPT1H9WO9ZL78
TRX-00000825,GB00B03MLX29,12743.96,4667.8834,USD,XAMS,2026-10-07T07:26:08.438294,213800LBPT1H9WO9ZL78,ANYOTC,SELL,213800LBPT1H9WO9ZL78
TRX-00000826,FR0000120271,196.49,2136.1453,GBP,XFRA,2026-10-07T00:26:08.438300,549300JSX0Z4CY0V0P21,MATCH,BUY,213800LBPT1H9WO9ZL78
TRX-00000827,FR0000120271,49557.98,2586.7673,GBP,XPAR,2026-10-07T12:26:08.438305,5493006B1YHUQ7ZX5L88,MATCH,SELL,213800LBPT1H9WO9ZL78
TRX-00000828,DE0007164600,19461.62,409.9627,JPY,XLON,2026-10-06T14:26:08.438309,5493001ZABYZPD63HV28,ANYOTC,SELL,213800LBPT1H9WO9ZL78
TRX-00000829,US0378331005,19688.48,1646.7939,GBP,XNYS,2026-10-07T13:26:08.438314,549300JSX0Z4CY0V0P21,MATCH,BUY,213800LBPT1H9WO9ZL78
TRX-00000830,US5949181045,84050.92,1236.5207,CHF,XPAR,2026-10-07T03:26:08.438320,213800LBPT1H9WO9ZL78,MATCH,BUY,213800LBPT1H9WO9ZL78
TRX-00000831,CH0012005267,61957.04,3820.7288,CHF,XNYS,2026-10-07T11:26:08.438325,213800LBPT1H9WO9ZL78,DEAL,SELL,213800LBPT1H9WO9ZL78
TRX-00000832,GB00B03MLX29,78264.84,310.9492,CHF,XLON,2026-10-07T04:26:08.438330,529900D6BHCL8WQ7R898,ANYOTC,SELL,213800LBPT1H9WO9ZL78
TRX-00000833,NL0010273215,5221.26,4249.7966,CHF,XNYS,2026-10-06T18:26:08.438335,549300JSX0Z4CY0V0P21,DEAL,BUY,213800LBPT1H9WO9ZL78
TRX-00000834,FR0000120271,79516.67,4399.8109,JPY,XNYS,2026-10-07T03:26:08.438340,213800LBPT1H9WO9ZL78,MATCH,SELL,213800LBPT1H9WO9ZL78
TRX-00000835,GB00B03MLX29,10269.86,2976.2804,GBP,XPAR,2026-10-06T19:26:08.438345,5493001ZABYZPD63HV28,ANYOTC,SELL,213800LBPT1H9WO9ZL78
TRX-00000836,FR0000120271,72462.58,2223.6769,USD,XNAS,2026-10-07T12:26:08.438349,213800LBPT1H9WO9ZL78,DEAL,SELL,213800LBPT1H9WO9ZL78
TRX-00000837,NL0010273215,95974.18,3772.1138,EUR,XNAS,2026-10-07T09:26:08.438354,549300JSX0Z4CY0V0P21,MATCH,SELL,213800LBPT1H9WO9ZL78
TRX-00000838,GB0002374006,51768.54,3288.7264,USD,XLON,2026-10-07T06:26:08.438359,529900D6BHCL8WQ7R898,ANYOTC,BUY,213800LBPT1H9WO9ZL78
TRX-00000839,US0378331005,97651.1,3203.1334,USD,XNYS,2026-10-07T03:26:08.438364,5493001ZABYZPD63HV28,ANYOTC,SELL,213800LBPT1H9WO9ZL78
TRX-00000840,FR0000120271,59976.63,1656.396,JPY,XFRA,2026-10-06T18:26:08.438370,5493006B1YHUQ7ZX5L88,MATCH,SELL,213800LBPT1H9WO9ZL78
TRX-00000841,FR0000120271,87610.67,4552.8046,CHF,XPAR,2026-10-07T13:26:08.438375,5493001ZABYZPD63HV28,ANYOTC,BUY,213800LBPT1H9WO9ZL78
TRX-00000842,US0378331005,23902.66,3673.1963,EUR,XMIL,2026-10-07T07:26:08.438379,549300JSX0Z4CY0V0P21,DEAL,BUY,213800LBPT1H9WO9ZL78
TRX-00000843,GB00B03MLX29,35789.31,2773.9033,USD,XAMS,2026-10-06T23:26:08.438386,5493001ZABYZPD63HV28,ANYOTC,SELL,213800LBPT1H9WO9ZL78
TRX-00000844,INVALID123,28410.8,1095.5063,,NYSE,2026-10-07T03:26:08.438391,,DEAL,BUY,213800LBPT1H9WO9ZL78
TRX-00000845,GB00B03MLX29,2100.36,3387.5844,CHF,XNYS,2026-10-07T03:26:08.438396,5493001ZABYZPD63HV28,MATCH,SELL,213800LBPT1H9WO9ZL78
TRX-00000846,US5949181045,66091.21,4705.8676,JPY,XMIL,2026-10-06T15:26:08.438401,213800LBPT1H9WO9ZL78,DEAL,BUY,213800LBPT1H9WO9ZL78
TRX-00000847,GB00B0MYJG27,79490.02,959.2148,CHF,XFRA,2026-10-07T03:26:08.438405,529900D6BHCL8WQ7R898,MATCH,BUY,213800LBPT1H9WO9ZL78
TRX-00000848,CH0012005267,58733.0,4272.3227,EUR,XNAS,2026-10-07T03:26:08.438410,5493001ZABYZPD63HV28,DEAL,SELL,213800LBPT1H9WO9ZL78
TRX-00000849,NL0010273215,96838.46,4429.2856,USD,XNYS,2026-10-06T22:26:08.438415,529900D6BHCL8WQ7R898,DEAL,BUY,213800LBPT1H9WO9ZL78
TRX-00000850,NL0010273215,37427.23,2594.9429,USD,XFRA,2026-10-06T15:26:08.438421,5493006B1YHUQ7ZX5L88,ANYOTC,SELL,213800LBPT1H9WO9ZL78
TRX-00000851,FR0000120271,47376.34,2906.3522,JPY,XLON,2026-10-07T07:26:08.438426,5493001ZABYZPD63HV28,DEAL,SELL,213800LBPT1H9WO9ZL78
TRX-00000852,DE0007164600,21860.15,2125.6893,CHF,XNAS,2026-10-07T02:26:08.438431,5493006B1YHUQ7ZX5L88,ANYOTC,BUY,213800LBPT1H9WO9ZL78
TRX-00000853,GB00B03MLX29,29505.51,2594.5848,USD,XLON,2026-10-06T23:26:08.438436,529900D6BHCL8WQ7R898,ANYOTC,SELL,213800LBPT1H9WO9ZL78
TRX-00000854,FR0000120271,43251.13,1838.1922,CHF,XFRA,2026-10-07T05:26:08.438440,549300JSX0Z4CY0V0P21,DEAL,BUY,213800LBPT1H9WO9ZL78
TRX-00000855,US02079K3059,64535.84,1796.1056,GBP,XAMS,2026-10-06T21:26:08.438445,529900D6BHCL8WQ7R898,ANYOTC,BUY,213800LBPT1H9WO9ZL78
TRX-00000856,US0378331005,9841.81,357.672,GBP,XPAR,2026-10-07T03:26:08.438450,5493001ZABYZPD63HV28,ANYOTC,SELL,213800LBPT1H9WO9ZL78
TRX-00000857,US02079K3059,19065.05,3020.5662,USD,XAMS,2026-10-07T13:26:08.438455,5493006B1YHUQ7ZX5L88,MATCH,SELL,213800LBPT1H9WO9ZL78
TRX-00000858,DE0007164600,94581.55,4109.4847,GBP,XMAD,2026-10-06T17:26:08.438461,529900D6BHCL8WQ7R898,DEAL,SELL,213800LBPT1H9WO9ZL78
TRX-00000859,US0378331005,47444.35,2579.6109,JPY,XMAD,2026-10-06T14:26:08.438466,549300JSX0Z4CY0V0P21,MATCH,BUY,213800LBPT1H9WO9ZL78
TRX-00000860,US0378331005,42879.87,4709.707,CHF,XPAR,2026-10-06T23:26:08.438472,549300JSX0Z4CY0V0P21,ANYOTC,BUY,213800LBPT1H9WO9ZL78
TRX-00000861,CH0012005267,87375.15,1528.5541,GBP,XMAD,2026-10-06T16:26:08.438477,5493006B1YHUQ7ZX5L88,MATCH,BUY,213800LBPT1H9WO9ZL78
TRX-00000862,DE0007164600,76284.4,3452.9025,EUR,XFRA,2026-10-06T19:26:08.438482,213800LBPT1H9WO9ZL78,ANYOTC,BUY,213800LBPT1H9WO9ZL78
TRX-00000863,GB00B0MYJG27,97724.36,4971.2926,JPY,XMIL,2026-10-07T01:26:08.438487,5493001ZABYZPD63HV28,MATCH,BUY,213800LBPT1H9WO9ZL78
TRX-00000864,US0378331005,47478.29,1644.878,CHF,XAMS,2026-10-07T11:26:08.438493,5493001ZABYZPD63HV28,DEAL,BUY,213800LBPT1H9WO9ZL78
TRX-00000865,FR0000120271,2684.82,995.7947,CHF,XAMS,2026-10-07T07:26:08.438498,5493001ZABYZPD63HV28,MATCH,BUY,213800LBPT1H9WO9ZL78
TRX-00000866,US5949181045,51853.65,859.9568,CHF,XMIL,2026-10-07T08:26:08.438503,213800LBPT1H9WO9ZL78,DEAL,SELL,213800LBPT1H9WO9ZL78
TRX-00000867,GB00B03MLX29,38899.9,4518.0339,USD,XNAS,2026-10-07T07:26:08.438508,5493006B1YHUQ7ZX5L88,MATCH,SELL,213800LBPT1H9WO9ZL78
TRX-00000868,CH0012005267,93915.49,2937.8723,JPY,XMAD,2026-10-07T05:26:08.438513,5493001ZABYZPD63HV28,DEAL,BUY,213800LBPT1H9WO9ZL78
TRX-00000869,DE0007164600,60485.26,1234.9538,EUR,XMAD,2026-10-06T23:26:08.438518,549300JSX0Z4CY0V0P21,ANYOTC,BUY,213800LBPT1H9WO9ZL78
TRX-00000870,US02079K3059,64630.27,4594.5604,EUR,XAMS,2026-10-07T01:26:08.438523,529900D6BHCL8WQ7R898,DEAL,SELL,213800LBPT1H9WO9ZL78
TRX-00000871,CH0012005267,73324.66,2289.6829,USD,XNYS,2026-10-07T01:26:08.438528,213800LBPT1H9WO9ZL78,DEAL,BUY,213800LBPT1H9WO9ZL78
TRX-00000872,NL0010273215,29189.67,4581.5654,USD,XMAD,2026-10-07T00:26:08.438533,529900D6BHCL8WQ7R898,DEAL,SELL,213800LBPT1H9WO9ZL78
TRX-00000873,US5949181045,41010.2,825.0307,USD,XLON,2026-10-06T23:26:08.438539,213800LBPT1H9WO9ZL78,DEAL,SELL,213800LBPT1H9WO9ZL78
TRX-00000874,DE0007164600,85577.46,1983.975,GBP,XAMS,2026-10-07T10:26:08.438543,5493001ZABYZPD63HV28,MATCH,SELL,213800LBPT1H9WO9ZL78
TRX-00000875,GB00B03MLX29,8255.78,3285.456,CHF,XNAS,2026-10-06T22:26:08.438550,5493006B1YHUQ7ZX5L88,DEAL,BUY,213800LBPT1H9WO9ZL78
TRX-00000876,CH0012005267,10052.41,1471.4291,JPY,XMIL,2026-10-07T08:26:08.438555,213800LBPT1H9WO9ZL78,ANYOTC,BUY,213800LBPT1H9WO9ZL78
TRX-00000877,GB00B0MYJG27,44066.36,890.5232,GBP,XPAR,2026-10-06T23:26:08.438566,213800LBPT1H9WO9ZL78,ANYOTC,BUY,213800LBPT1H9WO9ZL78
TRX-00000878,US02079K3059,44399.22,2991.4285,GBP,XMIL,2026-10-07T07:26:08.438572,5493001ZABYZPD63HV28,MATCH,BUY,213800LBPT1H9WO9ZL78
TRX-00000879,GB0002374006,42168.85,4946.4638,EUR,XPAR,2026-10-06T16:26:08.438577,213800LBPT1H9WO9ZL78,DEAL,BUY,213800LBPT1H9WO9ZL78
TRX-00000880,GB00B0MYJG27,72401.43,221.0185,JPY,XNYS,2026-10-07T03:26:08.438583,5493006B1YHUQ7ZX5L88,ANYOTC,BUY,213800LBPT1H9WO9ZL78
TRX-00000881,NL0010273215,39507.0,2139.9736,USD,XPAR,2026-10-07T10:26:08.438588,5493006B1YHUQ7ZX5L88,MATCH,BUY,213800LBPT1H9WO9ZL78
TRX-00000882,GB0002374006,38919.28,2294.4209,GBP,XAMS,2026-10-06T17:26:08.438593,529900D6BHCL8WQ7R898,MATCH,BUY,213800LBPT1H9WO9ZL78
TRX-00000883,US02079K3059,76754.75,2498.3805,GBP,XNAS,2026-10-07T05:26:08.438598,213800LBPT1H9WO9ZL78,ANYOTC,SELL,213800LBPT1H9WO9ZL78
TRX-00000884,DE0007164600,67790.37,4861.8619,USD,XFRA,2026-10-07T08:26:08.438603,5493006B1YHUQ7ZX5L88,ANYOTC,SELL,213800LBPT1H9WO9ZL78
TRX-00000885,US03783310050,38237.76,3203.3192,Dollar,LONDON,2026-10-07T06:26:08.438609,213800LBPT1H9WO,ANYOTC,BUY,213800LBPT1H9WO9ZL78
TRX-00000886,DE0007164600,75724.82,3099.2114,GBP,XNAS,2026-10-07T02:26:08.438614,549300JSX0Z4CY0V0P21,MATCH,BUY,213800LBPT1H9WO9ZL78
TRX-00000887,US0378331005,64204.25,1191.0818,JPY,XMAD,2026-10-06T14:26:08.438618,5493006B1YHUQ7ZX5L88,DEAL,SELL,213800LBPT1H9WO9ZL78
TRX-00000888,GB0002374006,52087.77,4887.86,EUR,XLON,2026-10-07T06:26:08.438623,5493006B1YHUQ7ZX5L88,MATCH,BUY,213800LBPT1H9WO9ZL78
TRX-00000889,GB0002374006,90663.3,3325.3651,USD,XPAR,2026-10-06T18:26:08.438628,549300JSX0Z4CY0V0P21,ANYOTC,SELL,213800LBPT1H9WO9ZL78
TRX-00000890,GB0002374006,6462.62,2458.7198,USD,XLON,2026-10-06T17:26:08.438634,5493001ZABYZPD63HV28,DEAL,BUY,213800LBPT1H9WO9ZL78
TRX-00000891,US0378331005,23631.78,391.7444,CHF,XAMS,2026-10-07T08:26:08.438639,5493001ZABYZPD63HV28,DEAL,SELL,213800LBPT1H9WO9ZL78
TRX-00000892,US0378331005,30310.77,2882.5327,USD,XAMS,2026-10-06T22:26:08.438644,213800LBPT1H9WO9ZL78,MATCH,SELL,213800LBPT1H9WO9ZL78
TRX-00000893,FR0000120271,44138.17,2526.9575,CHF,XNAS,2026-10-06T22:26:08.438649,213800LBPT1H9WO9ZL78,MATCH,SELL,213800LBPT1H9WO9ZL78
TRX-00000894,US02079K3059,59518.74,764.8407,USD,XAMS,2026-10-07T01:26:08.438654,549300JSX0Z4CY0V0P21,MATCH,SELL,213800LBPT1H9WO9ZL78
TRX-00000895,NL0010273215,60602.93,360.6263,USD,XMAD,2026-10-07T07:26:08.438659,5493001ZABYZPD63HV28,DEAL,BUY,213800LBPT1H9WO9ZL78
TRX-00000896,US5949181045,49145.88,4628.5297,CHF,XFRA,2026-10-07T01:26:08.438664,549300JSX0Z4CY0V0P21,MATCH,BUY,213800LBPT1H9WO9ZL78
TRX-00000897,GB0002374006,99247.25,623.2631,JPY,XNAS,2026-10-07T07:26:08.438668,549300JSX0Z4CY0V0P21,MATCH,SELL,213800LBPT1H9WO9ZL78
TRX-00000898,FR0000120271,63498.34,1841.5345,GBP,XMIL,2026-10-07T00:26:08.438673,5493001ZABYZPD63HV28,DEAL,SELL,213800LBPT1H9WO9ZL78
TRX-00000899,GB0002374006,69747.44,3227.0224,EUR,XMAD,2026-10-06T16:26:08.438678,5493001ZABYZPD63HV28,MATCH,BUY,213800LBPT1H9WO9ZL78
TRX-00000900,GB00B0MYJG27,1234.73,3855.09,CHF,XMIL,2026-10-06T15:26:08.438685,529900D6BHCL8WQ7R898,DEAL,BUY,213800LBPT1H9WO9ZL78
TRX-00000901,GB00B0MYJG27,82975.13,1265.1033,EUR,XMIL,2026-10-06T19:26:08.438690,5493006B1YHUQ7ZX5L88,ANYOTC,SELL,213800LBPT1H9WO9ZL78
TRX-00000902,GB00B03MLX29,10928.3,2863.4859,EUR,XNAS,2026-10-07T05:26:08.438695,5493001ZABYZPD63HV28,ANYOTC,SELL,213800LBPT1H9WO9ZL78
TRX-00000903,GB0002374006,98702.56,4082.1305,GBP,XNYS,2026-10-07T11:26:08.438700,549300JSX0Z4CY0V0P21,ANYOTC,SELL,213800LBPT1H9WO9ZL78
TRX-00000904,DE0007164600,17064.25,1873.8823,USD,XPAR,2026-10-06T22:26:08.438705,5493001ZABYZPD63HV28,ANYOTC,BUY,213800LBPT1H9WO9ZL78
TRX-00000905,US0378331005,18564.62,295.8513,USD,XPAR,2026-10-07T05:26:08.438710,549300JSX0Z4CY0V0P21,MATCH,BUY,213800LBPT1H9WO9ZL78
TRX-00000906,GB00B0MYJG27,7981.9,429.4496,GBP,XAMS,2026-10-07T11:26:08.438714,5493006B1YHUQ7ZX5L88,DEAL,BUY,213800LBPT1H9WO9ZL78
TRX-00000907,GB00B03MLX29,951.65,1331.1377,GBP,XLON,2026-10-07T10:26:08.438733,5493001ZABYZPD63HV28,ANYOTC,BUY,213800LBPT1H9WO9ZL78
TRX-00000908,NL0010273215,98689.7,3807.0585,CHF,XMAD,2026-10-07T03:26:08.438738,529900D6BHCL8WQ7R898,MATCH,SELL,213800LBPT1H9WO9ZL78
TRX-00000909,US5949181045,99944.51,4084.4191,EUR,XMIL,2026-10-07T01:26:08.438743,529900D6BHCL8WQ7R898,DEAL,SELL,213800LBPT1H9WO9ZL78
TRX-00000910,GB00B03MLX29,309.46,4352.837,CHF,XNAS,2026-10-07T13:26:08.438751,529900D6BHCL8WQ7R898,DEAL,SELL,213800LBPT1H9WO9ZL78
TRX-00000911,US0378331005,36843.62,3092.1401,CHF,XMIL,2026-10-06T16:26:08.438756,5493001ZABYZPD63HV28,DEAL,SELL,213800LBPT1H9WO9ZL78
TRX-00000912,GB0002374006,96959.79,3679.3293,CHF,XPAR,2026-10-06T18:26:08.438761,549300JSX0Z4CY0V0P21,MATCH,BUY,213800LBPT1H9WO9ZL78
TRX-00000913,FR0000120271,98687.16,4285.6429,GBP,XMIL,2026-10-07T04:26:08.438766,529900D6BHCL8WQ7R898,DEAL,BUY,213800LBPT1H9WO9ZL78
TRX-00000914,CH0012005267,78486.41,3583.6115,GBP,XNAS,2026-10-06T22:26:08.438771,213800LBPT1H9WO9ZL78,MATCH,SELL,213800LBPT1H9WO9ZL78
TRX-00000915,FR0000120271,95505.17,2411.3606,JPY,XPAR,2026-10-07T06:26:08.438776,5493001ZABYZPD63HV28,DEAL,BUY,213800LBPT1H9WO9ZL78
TRX-00000916,GB0002374006,16024.37,4644.9078,CHF,XAMS,2026-10-07T06:26:08.438781,5493006B1YHUQ7ZX5L88,ANYOTC,SELL,213800LBPT1H9WO9ZL78
TRX-00000917,GB00B03MLX29,66547.97,4613.7582,CHF,XNYS,2026-10-06T15:26:08.438786,5493006B1YHUQ7ZX5L88,DEAL,BUY,213800LBPT1H9WO9ZL78
TRX-00000918,DE0007164600,91016.8,3715.0961,CHF,XMIL,2026-10-07T06:26:08.438792,5493001ZABYZPD63HV28,MATCH,BUY,213800LBPT1H9WO9ZL78
TRX-00000919,GB00B03MLX29,8914.85,3703.1655,USD,XNYS,2026-10-06T19:26:08.438796,5493006B1YHUQ7ZX5L88,DEAL,SELL,213800LBPT1H9WO9ZL78
TRX-00000920,CH0012005267,73692.05,1554.6838,JPY,XPAR,2026-10-07T01:26:08.438802,549300JSX0Z4CY0V0P21,MATCH,SELL,213800LBPT1H9WO9ZL78
TRX-00000921,GB00B0MYJG27,51975.62,3008.4866,USD,XNYS,2026-10-07T01:26:08.438807,213800LBPT1H9WO9ZL78,ANYOTC,SELL,213800LBPT1H9WO9ZL78
TRX-00000922,US02079K3059,83721.83,2499.6635,CHF,XNAS,2026-10-06T18:26:08.438812,5493006B1YHUQ7ZX5L88,DEAL,BUY,213800LBPT1H9WO9ZL78
TRX-00000923,US02079K3059,50238.3,3443.3114,EUR,XMAD,2026-10-06T17:26:08.438817,5493001ZABYZPD63HV28,MATCH,SELL,213800LBPT1H9WO9ZL78
TRX-00000924,DE0007164600,5882.2,4051.2407,USD,XPAR,2026-10-06T14:26:08.438822,5493001ZABYZPD63HV28,ANYOTC,BUY,213800LBPT1H9WO9ZL78
TRX-00000925,GB00B0MYJG27,85678.02,3637.2499,EUR,XNAS,2026-10-07T13:26:08.438827,529900D6BHCL8WQ7R898,MATCH,SELL,213800LBPT1H9WO9ZL78
TRX-00000926,FR0000120271,99031.44,3788.8132,CHF,XNYS,2026-10-06T21:26:08.438832,5493006B1YHUQ7ZX5L88,MATCH,BUY,213800LBPT1H9WO9ZL78
TRX-00000927,NL0010273215,39377.85,655.3725,JPY,XLON,2026-10-06T15:26:08.438837,5493006B1YHUQ7ZX5L88,MATCH,BUY,213800LBPT1H9WO9ZL78
TRX-00000928,FR0000120271,69595.86,1456.1168,USD,XPAR,2026-10-07T07:26:08.438843,5493001ZABYZPD63HV28,ANYOTC,BUY,213800LBPT1H9WO9ZL78
TRX-00000929,CH0012005267,10195.68,3927.7108,USD,XMIL,2026-10-07T00:26:08.438848,5493001ZABYZPD63HV28,DEAL,BUY,213800LBPT1H9WO9ZL78
TRX-00000930,FR0000120271,17964.11,263.3081,JPY,XFRA,2026-10-06T19:26:08.438854,549300JSX0Z4CY0V0P21,DEAL,SELL,213800LBPT1H9WO9ZL78
TRX-00000931,GB00B03MLX29,24086.3,2443.6408,JPY,XNAS,2026-10-06T17:26:08.438859,549300JSX0Z4CY0V0P21,ANYOTC,BUY,213800LBPT1H9WO9ZL78
TRX-00000932,DE0007164600,27522.33,3266.3242,EUR,XLON,2026-10-07T10:26:08.438864,213800LBPT1H9WO9ZL78,DEAL,BUY,213800LBPT1H9WO9ZL78
TRX-00000933,NL0010273215,22494.28,2934.6656,JPY,XMAD,2026-10-07T05:26:08.438869,213800LBPT1H9WO9ZL78,ANYOTC,BUY,213800LBPT1H9WO9ZL78
TRX-00000934,DE0007164600,29837.04,627.057,EUR,XNYS,2026-10-06T15:26:08.438874,529900D6BHCL8WQ7R898,DEAL,SELL,213800LBPT1H9WO9ZL78
TRX-00000935,GB0002374006,39380.26,4087.4968,JPY,XMAD,2026-10-07T11:26:08.438878,529900D6BHCL8WQ7R898,ANYOTC,BUY,213800LBPT1H9WO9ZL78
TRX-00000936,US0378331005,96568.14,4488.1139,USD,XNAS,2026-10-07T13:26:08.438883,529900D6BHCL8WQ7R898,MATCH,SELL,213800LBPT1H9WO9ZL78
TRX-00000937,GB00B0MYJG27,57508.53,3263.5499,GBP,XAMS,2026-10-07T12:26:08.438888,213800LBPT1H9WO9ZL78,DEAL,SELL,213800LBPT1H9WO9ZL78
TRX-00000938,NL0010273215,17161.15,4885.5384,GBP,XPAR,2026-10-07T04:26:08.438894,213800LBPT1H9WO9ZL78,ANYOTC,SELL,213800LBPT1H9WO9ZL78
TRX-00000939,FR0000120271,13986.36,2452.7237,EUR,XFRA,2026-10-06T18:26:08.438899,529900D6BHCL8WQ7R898,ANYOTC,BUY,213800LBPT1H9WO9ZL78
TRX-00000940,GB0002374006,23710.8,941.1802,EUR,XPAR,2026-10-07T09:26:08.438906,529900D6BHCL8WQ7R898,ANYOTC,BUY,213800LBPT1H9WO9ZL78
TRX-00000941,US02079K3059,12850.08,3111.9414,GBP,XAMS,2026-10-07T05:26:08.438910,549300JSX0Z4CY0V0P21,ANYOTC,BUY,213800LBPT1H9WO9ZL78
TRX-00000942,GB00B03MLX29,94474.1,3382.9518,USD,XPAR,2026-10-07T11:26:08.438915,5493006B1YHUQ7ZX5L88,ANYOTC,BUY,213800LBPT1H9WO9ZL78
TRX-00000943,CH0012005267,65732.15,4102.7205,JPY,XNAS,2026-10-07T00:26:08.438920,5493001ZABYZPD63HV28,MATCH,SELL,213800LBPT1H9WO9ZL78
TRX-00000944,CH0012005267,24750.52,1351.356,JPY,XNYS,2026-10-06T16:26:08.438925,529900D6BHCL8WQ7R898,MATCH,BUY,213800LBPT1H9WO9ZL78
TRX-00000945,GB00B03MLX29,36282.59,1668.2532,EUR,XNAS,2026-10-07T06:26:08.438930,5493006B1YHUQ7ZX5L88,DEAL,BUY,213800LBPT1H9WO9ZL78
TRX-00000946,US0378331005,37863.86,525.9086,GBP,XNAS,2026-10-06T21:26:08.438935,5493006B1YHUQ7ZX5L88,ANYOTC,SELL,213800LBPT1H9WO9ZL78
TRX-00000947,CH0012005267,86539.97,2758.1596,JPY,XNYS,2026-10-07T12:26:08.438939,5493001ZABYZPD63HV28,MATCH,SELL,213800LBPT1H9WO9ZL78
TRX-00000948,NL0010273215,55167.62,4410.2237,CHF,XMAD,2026-10-06T19:26:08.438944,5493001ZABYZPD63HV28,MATCH,BUY,213800LBPT1H9WO9ZL78
TRX-00000949,GB00B0MYJG27,65756.64,714.208,JPY,XAMS,2026-10-07T12:26:08.438949,5493006B1YHUQ7ZX5L88,ANYOTC,BUY,213800LBPT1H9WO9ZL78
TRX-00000950,DE0007164600,70678.97,916.3395,EUR,XMAD,2026-10-06T21:26:08.438956,5493006B1YHUQ7ZX5L88,MATCH,SELL,213800LBPT1H9WO9ZL78
TRX-00000951,US0378331005,30519.44,4289.7495,EUR,XMIL,2026-10-07T03:26:08.438960,213800LBPT1H9WO9ZL78,ANYOTC,BUY,213800LBPT1H9WO9ZL78
TRX-00000952,GB00B03MLX29,16512.15,288.0002,EUR,XMAD,2026-10-07T13:26:08.438966,549300JSX0Z4CY0V0P21,ANYOTC,BUY,213800LBPT1H9WO9ZL78
TRX-00000953,NL0010273215,68512.5,3384.1941,JPY,XNYS,2026-10-07T01:26:08.438971,213800LBPT1H9WO9ZL78,ANYOTC,BUY,213800LBPT1H9WO9ZL78
TRX-00000954,GB0002374006,71416.29,3513.256,EUR,XPAR,2026-10-06T14:26:08.438976,529900D6BHCL8WQ7R898,ANYOTC,BUY,213800LBPT1H9WO9ZL78
TRX-00000955,GB00B0MYJG27,67452.54,4409.7709,JPY,XPAR,2026-10-07T08:26:08.438981,213800LBPT1H9WO9ZL78,MATCH,BUY,213800LBPT1H9WO9ZL78
TRX-00000956,GB0002374006,42272.8,1896.0947,EUR,XNYS,2026-10-07T03:26:08.438985,5493001ZABYZPD63HV28,ANYOTC,BUY,213800LBPT1H9WO9ZL78
TRX-00000957,FR0000120271,29355.21,1066.1167,JPY,XMIL,2026-10-07T07:26:08.438990,5493006B1YHUQ7ZX5L88,ANYOTC,BUY,213800LBPT1H9WO9ZL78
TRX-00000958,CH0012005267,84835.33,288.4261,GBP,XMAD,2026-10-07T03:26:08.438995,5493006B1YHUQ7ZX5L88,MATCH,BUY,213800LBPT1H9WO9ZL78
TRX-00000959,GB00B0MYJG27,40207.41,45.3098,CHF,XMAD,2026-10-07T07:26:08.439000,213800LBPT1H9WO9ZL78,ANYOTC,BUY,213800LBPT1H9WO9ZL78
TRX-00000960,FR0000120271,692.04,3847.4686,EUR,XPAR,2026-10-06T22:26:08.439008,549300JSX0Z4CY0V0P21,MATCH,SELL,213800LBPT1H9WO9ZL78
TRX-00000961,GB00B0MYJG27,53643.2,1348.1389,CHF,XMAD,2026-10-07T08:26:08.439013,5493001ZABYZPD63HV28,MATCH,SELL,213800LBPT1H9WO9ZL78
TRX-00000962,US0378331005,11067.45,1425.2139,USD,XMIL,2026-10-07T00:26:08.439017,5493006B1YHUQ7ZX5L88,DEAL,BUY,213800LBPT1H9WO9ZL78
TRX-00000963,FR0000120271,95969.93,4914.6606,GBP,XMIL,2026-10-06T22:26:08.439022,529900D6BHCL8WQ7R898,MATCH,BUY,213800LBPT1H9WO9ZL78
TRX-00000964,DE0007164600,50186.36,4617.8827,CHF,XNAS,2026-10-07T10:26:08.439027,213800LBPT1H9WO9ZL78,DEAL,BUY,213800LBPT1H9WO9ZL78
TRX-00000965,NL0010273215,1365.88,3422.5039,GBP,XFRA,2026-10-07T00:26:08.439032,529900D6BHCL8WQ7R898,ANYOTC,BUY,213800LBPT1H9WO9ZL78
TRX-00000966,US02079K3059,28223.05,413.9919,CHF,XPAR,2026-10-06T18:26:08.439037,5493001ZABYZPD63HV28,ANYOTC,BUY,213800LBPT1H9WO9ZL78
TRX-00000967,GB00B03MLX29,86416.82,4971.291,USD,XMIL,2026-10-07T07:26:08.439042,549300JSX0Z4CY0V0P21,ANYOTC,BUY,213800LBPT1H9WO9ZL78
TRX-00000968,NL0010273215,61110.43,944.1563,JPY,XNAS,2026-10-07T06:26:08.439047,213800LBPT1H9WO9ZL78,DEAL,SELL,213800LBPT1H9WO9ZL78
TRX-00000969,GB00B0MYJG27,42630.87,3082.7203,GBP,XLON,2026-10-07T01:26:08.439051,549300JSX0Z4CY0V0P21,ANYOTC,SELL,213800LBPT1H9WO9ZL78
TRX-00000970,US0378331005,22178.3,2130.9532,GBP,XMIL,2026-10-06T17:26:08.439059,213800LBPT1H9WO9ZL78,MATCH,BUY,213800LBPT1H9WO9ZL78
TRX-00000971,US02079K3059,94299.93,3558.2164,USD,XFRA,2026-10-07T12:26:08.439063,5493001ZABYZPD63HV28,DEAL,BUY,213800LBPT1H9WO9ZL78
TRX-00000972,US0378331005,28532.41,1401.5166,JPY,XNYS,2026-10-07T00:26:08.439068,5493001ZABYZPD63HV28,MATCH,SELL,213800LBPT1H9WO9ZL78
TRX-00000973,US02079K3059,11153.75,3345.0688,JPY,XNAS,2026-10-07T03:26:08.439073,5493006B1YHUQ7ZX5L88,ANYOTC,SELL,213800LBPT1H9WO9ZL78
TRX-00000974,CH0012005267,52886.68,1858.5898,EUR,XPAR,2026-10-06T19:26:08.439078,549300JSX0Z4CY0V0P21,DEAL,BUY,213800LBPT1H9WO9ZL78
TRX-00000975,CH0012005267,12036.31,2933.2207,USD,XPAR,2026-10-06T15:26:08.439083,549300JSX0Z4CY0V0P21,DEAL,BUY,213800LBPT1H9WO9ZL78
TRX-00000976,CH0012005267,34290.45,3627.0279,USD,XNAS,2026-10-07T12:26:08.439088,5493001ZABYZPD63HV28,DEAL,SELL,213800LBPT1H9WO9ZL78
TRX-00000977,US02079K3059,89158.77,3797.0164,JPY,XFRA,2026-10-07T02:26:08.439093,549300JSX0Z4CY0V0P21,ANYOTC,BUY,213800LBPT1H9WO9ZL78
TRX-00000978,GB00B03MLX29,48282.58,2619.29,JPY,XLON,2026-10-07T08:26:08.439098,529900D6BHCL8WQ7R898,MATCH,BUY,213800LBPT1H9WO9ZL78
TRX-00000979,CH0012005267,6080.28,4862.3975,USD,XMIL,2026-10-06T22:26:08.439103,529900D6BHCL8WQ7R898,ANYOTC,BUY,213800LBPT1H9WO9ZL78
TRX-00000980,NL0010273215,38415.66,3897.0815,CHF,XAMS,2026-10-07T07:26:08.439109,5493001ZABYZPD63HV28,DEAL,BUY,213800LBPT1H9WO9ZL78
TRX-00000981,CH0012005267,69672.48,4395.8959,JPY,XMAD,2026-10-06T21:26:08.439113,529900D6BHCL8WQ7R898,MATCH,SELL,213800LBPT1H9WO9ZL78
TRX-00000982,US02079K3059,70825.76,2761.2025,USD,XPAR,2026-10-07T12:26:08.439118,529900D6BHCL8WQ7R898,DEAL,SELL,213800LBPT1H9WO9ZL78
TRX-00000983,US02079K3059,92724.87,1352.9038,GBP,XPAR,2026-10-07T07:26:08.439123,529900D6BHCL8WQ7R898,DEAL,BUY,213800LBPT1H9WO9ZL78
TRX-00000984,CH0012005267,97221.89,1623.4848,JPY,XAMS,2026-10-06T14:26:08.439128,5493001ZABYZPD63HV28,MATCH,SELL,213800LBPT1H9WO9ZL78
TRX-00000985,GB0002374006,62595.9,53.0305,EUR,XPAR,2026-10-06T14:26:08.439133,5493006B1YHUQ7ZX5L88,DEAL,SELL,213800LBPT1H9WO9ZL78
TRX-00000986,NL0010273215,65732.1,4340.0417,JPY,XNYS,2026-10-06T14:26:08.439138,549300JSX0Z4CY0V0P21,ANYOTC,SELL,213800LBPT1H9WO9ZL78
TRX-00000987,CH0012005267,55088.23,4084.4183,USD,XFRA,2026-10-07T05:26:08.439143,5493001ZABYZPD63HV28,ANYOTC,SELL,213800LBPT1H9WO9ZL78
TRX-00000988,US0378331005,72981.46,2170.0839,USD,XMAD,2026-10-07T11:26:08.439148,549300JSX0Z4CY0V0P21,DEAL,SELL,213800LBPT1H9WO9ZL78
TRX-00000989,GB00B0MYJG27,18886.8,2453.1014,USD,XAMS,2026-10-07T13:26:08.439153,5493006B1YHUQ7ZX5L88,DEAL,BUY,213800LBPT1H9WO9ZL78
TRX-00000990,CH0012005267,18785.61,718.4683,CHF,XPAR,2026-10-06T23:26:08.439160,549300JSX0Z4CY0V0P21,DEAL,BUY,213800LBPT1H9WO9ZL78
TRX-00000991,GB0002374006,60329.75,1889.9978,GBP,XNYS,2026-10-07T13:26:08.439166,213800LBPT1H9WO9ZL78,DEAL,BUY,213800LBPT1H9WO9ZL78
TRX-00000992,US02079K3059,14264.42,3137.2945,GBP,XLON,2026-10-07T10:26:08.439171,529900D6BHCL8WQ7R898,ANYOTC,SELL,213800LBPT1H9WO9ZL78
TRX-00000993,GB00B03MLX29,20232.96,2402.6467,JPY,XMAD,2026-10-07T08:26:08.439176,5493006B1YHUQ7ZX5L88,MATCH,SELL,213800LBPT1H9WO9ZL78
TRX-00000994,GB0002374006,54353.1,1338.0157,JPY,XNYS,2026-10-07T13:26:08.439181,213800LBPT1H9WO9ZL78,DEAL,SELL,213800LBPT1H9WO9ZL78
TRX-00000995,DE0007164600,14184.36,4560.9226,GBP,XPAR,2026-10-07T00:26:08.439185,549300JSX0Z4CY0V0P21,DEAL,SELL,213800LBPT1H9WO9ZL78
TRX-00000996,US0378331005,92169.17,3422.403,GBP,XMAD,2026-10-07T08:26:08.439190,213800LBPT1H9WO9ZL78,DEAL,BUY,213800LBPT1H9WO9ZL78
TRX-00000997,US02079K3059,35731.43,3078.8681,GBP,XFRA,2026-10-07T11:26:08.439195,213800LBPT1H9WO9ZL78,ANYOTC,BUY,213800LBPT1H9WO9ZL78
TRX-00000998,NL0010273215,33485.07,907.6461,CHF,XNAS,2026-10-06T16:26:08.439200,5493006B1YHUQ7ZX5L88,ANYOTC,SELL,213800LBPT1H9WO9ZL78
TRX-00000999,GB00B03MLX29,27110.06,2496.7547,EUR,XAMS,2026-10-06T15:26:08.439205,213800LBPT1H9WO9ZL78,DEAL,BUY,213800LBPT1H9WO9ZL78
