transaction_id,isin,quantity,price,currency,venue,execution_timestamp,counterparty_lei,trading_capacity,side,reporting_entity_lei,report_id
TRX-00000001,CH0012005267,42192.76,149.9563,USD,XPAR,2026-10-06T21:26:08.481402,529900D6BHCL8WQ7R898,DEAL,BUY,213800LBPT1H9WO9ZL78,TRX-00000001
TRX-00000002,NL0010273215,41952.56,2246.596,EUR,XLON,2026-10-07T08:26:08.481411,549300JSX0Z4CY0V0P21,MATCH,SELL,213800LBPT1H9WO9ZL78,TRX-00000002
TRX-00000003,GB00B0MYJG27,21532.16,3817.7072,GBP,XNYS,2026-10-07T01:26:08.481417,213800LBPT1H9WO9ZL78,MATCH,SELL,213800LBPT1H9WO9ZL78,TRX-00000003
TRX-00000004,CH0012005267,26452.82,218.2088,CHF,XNYS,2026-10-07T01:26:08.481423,213800LBPT1H9WO9ZL78,ANYOTC,SELL,213800LBPT1H9WO9ZL78,TRX-00000004
TRX-00000005,CH0012005267,88545.29,1808.8135,USD,XNYS,2026-10-07T12:26:08.481428,5493001ZABYZPD63HV28,MATCH,BUY,213800LBPT1H9WO9ZL78,TRX-00000005
TRX-00000006,US0378331005,86648.5,1901.251,CHF,XFRA,2026-10-07T08:26:08.481434,5493006B1YHUQ7ZX5L88,MATCH,BUY,213800LBPT1H9WO9ZL78,TRX-00000006
TRX-00000007,US02079K3059,70182.33,3418.0548,GBP,XNAS,2026-10-06T20:26:08.481438,5493001ZABYZPD63HV28,DEAL,SELL,213800LBPT1H9WO9ZL78,TRX-00000007
TRX-00000008,DE0007164600,26995.51,4627.0305,JPY,XPAR,2026-10-06T16:26:08.481443,5493006B1YHUQ7ZX5L88,DEAL,BUY,213800LBPT1H9WO9ZL78,TRX-00000008
TRX-00000009,GB0002374006,80504.78,2006.4228,GBP,XPAR,2026-10-06T19:26:08.481448,5493006B1YHUQ7ZX5L88,DEAL,SELL,213800LBPT1H9WO9ZL78,TRX-00000009
TRX-00000010,DE0007164600,88468.43,3214.6165,USD,XAMS,2026-10-07T09:26:08.481455,5493001ZABYZPD63HV28,ANYOTC,SELL,213800LBPT1H9WO9ZL78,TRX-00000010
TRX-00000011,CH0012005267,42843.95,2918.0811,EUR,XPAR,2026-10-07T09:26:08.481460,529900D6BHCL8WQ7R898,MATCH,BUY,213800LBPT1H9WO9ZL78,TRX-00000011
TRX-00000012,GB0002374006,86110.43,765.0538,USD,XMIL,2026-10-06T18:26:08.481465,213800LBPT1H9WO9ZL78,MATCH,SELL,213800LBPT1H9WO9ZL78,TRX-00000012
TRX-00000013,CH0012005267,99612.14,2646.0426,JPY,XLON,2026-10-06T16:26:08.481470,213800LBPT1H9WO9ZL78,ANYOTC,SELL,213800LBPT1H9WO9ZL78,TRX-00000013
TRX-00000014,US5949181045,11156.11,2174.3915,CHF,XLON,2026-10-06T14:26:08.481475,5493006B1YHUQ7ZX5L88,ANYOTC,BUY,213800LBPT1H9WO9ZL78,TRX-00000014
TRX-00000015,NL0010273215,91262.87,4352.7223,EUR,XPAR,2026-10-07T09:26:08.481480,5493006B1YHUQ7ZX5L88,DEAL,BUY,213800LBPT1H9WO9ZL78,TRX-00000015
TRX-00000016,CH0012005267,32416.28,98.3642,EUR,XAMS,2026-10-07T06:26:08.481485,213800LBPT1H9WO9ZL78,DEAL,BUY,213800LBPT1H9WO9ZL78,TRX-00000016
TRX-00000017,GB00B03MLX29,73191.03,4080.3002,JPY,XNAS,2026-10-07T09:26:08.481490,549300JSX0Z4CY0V0P21,ANYOTC,BUY,213800LBPT1H9WO9ZL78,TRX-00000017
TRX-00000018,US02079K3059,52767.85,3033.363,USD,XPAR,2026-10-06T15:26:08.481495,5493006B1YHUQ7ZX5L88,MATCH,SELL,213800LBPT1H9WO9ZL78,TRX-00000018
TRX-00000019,FR0000120271,89961.51,2257.9792,USD,XPAR,2026-10-07T11:26:08.481500,5493006B1YHUQ7ZX5L88,DEAL,BUY,213800LBPT1H9WO9ZL78,TRX-00000019
TRX-00000020,CH0012005267,22022.52,355.8944,GBP,XPAR,2026-10-07T11:26:08.481508,213800LBPT1H9WO9ZL78,MATCH,BUY,213800LBPT1H9WO9ZL78,TRX-00000020
TRX-00000021,NL0010273215,23801.23,3345.2199,USD,XNAS,2026-10-06T14:26:08.481513,529900D6BHCL8WQ7R898,ANYOTC,SELL,213800LBPT1H9WO9ZL78,TRX-00000021
TRX-00000022,US0378331005,78462.16,4037.6775,USD,XNYS,2026-10-07T10:26:08.481518,549300JSX0Z4CY0V0P21,MATCH,SELL,213800LBPT1H9WO9ZL78,TRX-00000022
TRX-00000023,DE0007164600,46703.0,3645.6502,GBP,XLON,2026-10-07T01:26:08.481523,5493006B1YHUQ7ZX5L88,DEAL,BUY,213800LBPT1H9WO9ZL78,TRX-00000023
TRX-00000024,US0378331005,19021.7,2243.6191,CHF,XNAS,2026-10-07T05:26:08.481528,549300JSX0Z4CY0V0P21,DEAL,BUY,213800LBPT1H9WO9ZL78,TRX-00000024
TRX-00000025,FR0000120271,80802.42,4279.9785,GBP,XLON,2026-10-06T17:26:08.481533,529900D6BHCL8WQ7R898,DEAL,BUY,213800LBPT1H9WO9ZL78,TRX-00000025
TRX-00000026,US0378331005,16631.94,2428.72,USD,XMIL,2026-10-07T12:26:08.481538,5493001ZABYZPD63HV28,MATCH,BUY,213800LBPT1H9WO9ZL78,TRX-00000026
TRX-00000027,DE0007164600,26521.04,3920.5689,CHF,XAMS,2026-10-07T00:26:08.481543,529900D6BHCL8WQ7R898,ANYOTC,SELL,213800LBPT1H9WO9ZL78,TRX-00000027
TRX-00000028,GB00B0MYJG27,18990.6,1089.2868,GBP,XLON,2026-10-06T14:26:08.481549,5493006B1YHUQ7ZX5L88,DEAL,BUY,213800LBPT1H9WO9ZL78,TRX-00000028
TRX-00000029,CH0012005267,47679.37,4597.0163,JPY,XNAS,2026-10-07T12:26:08.481553,529900D6BHCL8WQ7R898,DEAL,BUY,213800LBPT1H9WO9ZL78,TRX-00000029
TRX-00000030,GB00B03MLX29,59503.92,3410.1515,USD,XMIL,2026-10-07T10:26:08.481571,529900D6BHCL8WQ7R898,DEAL,BUY,213800LBPT1H9WO9ZL78,TRX-00000030
TRX-00000031,CH0012005267,8199.26,3287.2084,JPY,XFRA,2026-10-07T05:26:08.481577,5493001ZABYZPD63HV28,ANYOTC,SELL,213800LBPT1H9WO9ZL78,TRX-00000031
TRX-00000032,US0378331005,26562.19,655.2605,EUR,XMAD,2026-10-07T03:26:08.481582,213800LBPT1H9WO9ZL78,DEAL,SELL,213800LBPT1H9WO9ZL78,TRX-00000032
TRX-00000033,CH0012005267,99845.45,4980.4861,GBP,XPAR,2026-10-06T21:26:08.481587,5493006B1YHUQ7ZX5L88,DEAL,SELL,213800LBPT1H9WO9ZL78,TRX-00000033
TRX-00000034,GB00B03MLX29,87927.14,1848.2659,USD,XMAD,2026-10-06T20:26:08.481591,5493006B1YHUQ7ZX5L88,ANYOTC,BUY,213800LBPT1H9WO9ZL78,TRX-00000034
TRX-00000035,NL0010273215,29938.58,3317.2802,USD,XAMS,2026-10-07T10:26:08.481597,213800LBPT1H9WO9ZL78,ANYOTC,BUY,213800LBPT1H9WO9ZL78,TRX-00000035
TRX-00000036,US02079K3059,28176.35,1053.9376,EUR,XPAR,2026-10-06T16:26:08.481603,5493006B1YHUQ7ZX5L88,ANYOTC,SELL,213800LBPT1H9WO9ZL78,TRX-00000036
TRX-00000037,US02079K3059,90533.74,4230.6725,GBP,XMIL,2026-10-07T05:26:08.481608,213800LBPT1H9WO9ZL78,DEAL,SELL,213800LBPT1H9WO9ZL78,TRX-00000037
TRX-00000038,GB00B0MYJG27,63711.7,1310.5144,CHF,XMIL,2026-10-06T20:26:08.481613,213800LBPT1H9WO9ZL78,DEAL,BUY,213800LBPT1H9WO9ZL78,TRX-00000038
TRX-00000039,GB00B0MYJG27,54559.48,4173.1405,JPY,XNAS,2026-10-07T00:26:08.481619,5493001ZABYZPD63HV28,DEAL,SELL,213800LBPT1H9WO9ZL78,TRX-00000039
TRX-00000040,US5949181045,89898.25,3980.8154,GBP,XFRA,2026-10-07T07:26:08.481625,5493001ZABYZPD63HV28,ANYOTC,BUY,213800LBPT1H9WO9ZL78,TRX-00000040
TRX-00000041,US5949181045,78011.84,4420.7894,CHF,XNAS,2026-10-07T06:26:08.481631,5493001ZABYZPD63HV28,DEAL,SELL,213800LBPT1H9WO9ZL78,TRX-00000041
TRX-00000042,GB0002374006,17936.89,4622.512,CHF,XPAR,2026-10-07T05:26:08.481636,5493001ZABYZPD63HV28,ANYOTC,BUY,213800LBPT1H9WO9ZL78,TRX-00000042
TRX-00000043,DE0007164600,87216.81,4293.1077,USD,XPAR,2026-10-06T23:26:08.481640,5493006B1YHUQ7ZX5L88,MATCH,BUY,213800LBPT1H9WO9ZL78,TRX-00000043
TRX-00000044,US0378331005,2367.42,966.4558,EUR,XAMS,2026-10-07T11:26:08.481645,5493006B1YHUQ7ZX5L88,MATCH,SELL,213800LBPT1H9WO9ZL78,TRX-00000044
TRX-00000045,NL0010273215,33115.66,138.9751,EUR,XNAS,2026-10-06T19:26:08.481650,5493006B1YHUQ7ZX5L88,DEAL,BUY,213800LBPT1H9WO9ZL78,TRX-00000045
TRX-00000046,CH0012005267,43456.94,3642.9968,EUR,XMIL,2026-10-06T18:26:08.481655,529900D6BHCL8WQ7R898,DEAL,SELL,213800LBPT1H9WO9ZL78,TRX-00000046
TRX-00000047,CH0012005267,19008.69,222.8883,CHF,XLON,2026-10-06T21:26:08.481661,529900D6BHCL8WQ7R898,ANYOTC,BUY,213800LBPT1H9WO9ZL78,TRX-00000047
TRX-00000048,US5949181045,43130.31,4744.4236,EUR,XFRA,2026-10-06T16:26:08.481666,213800LBPT1H9WO9ZL78,ANYOTC,SELL,213800LBPT1H9WO9ZL78,TRX-00000048
TRX-00000049,NL0010273215,30929.16,2042.5562,CHF,XAMS,2026-10-06T20:26:08.481671,5493001ZABYZPD63HV28,DEAL,SELL,213800LBPT1H9WO9ZL78,TRX-00000049
TRX-00000051,US02079K3059,21019.06,3929.0084,JPY,XFRA,2026-10-06T23:26:08.481682,549300JSX0Z4CY0V0P21,MATCH,BUY,213800LBPT1H9WO9ZL78,TRX-00000051
TRX-00000052,NL0010273215,47319.15,4506.0029,USD,XNYS,2026-10-07T04:26:08.481687,529900D6BHCL8WQ7R898,ANYOTC,SELL,213800LBPT1H9WO9ZL78,TRX-00000052
TRX-00000053,GB00B03MLX29,81842.53,3755.9395,EUR,XPAR,2026-10-07T07:26:08.481692,5493001ZABYZPD63HV28,DEAL,BUY,213800LBPT1H9WO9ZL78,TRX-00000053
TRX-00000054,US0378331005,98393.62,3056.7586,GBP,XMAD,2026-10-07T00:26:08.481696,529900D6BHCL8WQ7R898,DEAL,SELL,213800LBPT1H9WO9ZL78,TRX-00000054
TRX-00000055,FR0000120271,39965.89,738.7092,GBP,XNYS,2026-10-07T00:26:08.481702,5493001ZABYZPD63HV28,DEAL,SELL,213800LBPT1H9WO9ZL78,TRX-00000055
TRX-00000056,GB0002374006,55741.02,4587.4326,GBP,XMAD,2026-10-07T09:26:08.481706,549300JSX0Z4CY0V0P21,ANYOTC,SELL,213800LBPT1H9WO9ZL78,TRX-00000056
TRX-00000057,FR0000120271,61265.62,3596.6505,JPY,XMIL,2026-10-06T20:26:08.481711,549300JSX0Z4CY0V0P21,DEAL,SELL,213800LBPT1H9WO9ZL78,TRX-00000057
TRX-00000058,FR0000120271,25919.9,1236.9514,EUR,XMAD,2026-10-06T17:26:08.481729,5493001ZABYZPD63HV28,MATCH,SELL,213800LBPT1H9WO9ZL78,TRX-00000058
TRX-00000059,GB00B03MLX29,71354.77,1173.2334,EUR,XFRA,2026-10-06T20:26:08.481735,213800LBPT1H9WO9ZL78,DEAL,BUY,213800LBPT1H9WO9ZL78,TRX-00000059
TRX-00000060,US0378331005,38304.15,772.5222,USD,XNYS,2026-10-07T00:26:08.481741,549300JSX0Z4CY0V0P21,MATCH,SELL,213800LBPT1H9WO9ZL78,TRX-00000060
TRX-00000061,DE0007164600,6227.51,4164.623,CHF,XLON,2026-10-06T19:26:08.481746,549300JSX0Z4CY0V0P21,MATCH,BUY,213800LBPT1H9WO9ZL78,TRX-00000061
TRX-00000062,US5949181045,29861.97,1950.5433,CHF,XPAR,2026-10-06T22:26:08.481751,5493001ZABYZPD63HV28,MATCH,SELL,213800LBPT1H9WO9ZL78,TRX-00000062
TRX-00000063,FR0000120271,2903.45,1681.3116,CHF,XNAS,2026-10-06T23:26:08.481756,5493001ZABYZPD63HV28,ANYOTC,BUY,213800LBPT1H9WO9ZL78,TRX-00000063
TRX-00000064,DE0007164600,59189.69,3315.3358,GBP,XMIL,2026-10-07T09:26:08.481761,549300JSX0Z4CY0V0P21,DEAL,BUY,213800LBPT1H9WO9ZL78,TRX-00000064
TRX-00000065,US02079K3059,37911.01,1059.0898,EUR,XFRA,2026-10-07T01:26:08.481766,5493006B1YHUQ7ZX5L88,MATCH,SELL,213800LBPT1H9WO9ZL78,TRX-00000065
TRX-00000066,GB00B03MLX29,47031.21,3745.3723,GBP,XFRA,2026-10-07T06:26:08.481771,213800LBPT1H9WO9ZL78,ANYOTC,BUY,213800LBPT1H9WO9ZL78,TRX-00000066
TRX-00000067,GB0002374006,94961.22,997.6041,GBP,XNAS,2026-10-07T06:26:08.481776,5493001ZABYZPD63HV28,MATCH,BUY,213800LBPT1H9WO9ZL78,TRX-00000067
TRX-00000068,CH0012005267,94775.75,2325.7049,EUR,XFRA,2026-10-07T08:26:08.481781,529900D6BHCL8WQ7R898,ANYOTC,BUY,213800LBPT1H9WO9ZL78,TRX-00000068
TRX-00000069,GB00B0MYJG27,96472.11,541.3856,GBP,XAMS,2026-10-06T19:26:08.481785,549300JSX0Z4CY0V0P21,MATCH,BUY,213800LBPT1H9WO9ZL78,TRX-00000069
TRX-00000070,GB00B03MLX29,59210.19,4153.0276,USD,XNYS,2026-10-06T15:26:08.481792,5493006B1YHUQ7ZX5L88,ANYOTC,BUY,213800LBPT1H9WO9ZL78,TRX-00000070
TRX-00000071,CH0012005267,78263.75,1736.6716,CHF,XFRA,2026-10-07T11:26:08.481797,529900D6BHCL8WQ7R898,ANYOTC,SELL,213800LBPT1H9WO9ZL78,TRX-00000071
TRX-00000072,GB0002374006,84957.71,4111.8323,GBP,XMIL,2026-10-07T02:26:08.481802,549300JSX0Z4CY0V0P21,ANYOTC,BUY,213800LBPT1H9WO9ZL78,TRX-00000072
TRX-00000073,DE0007164600,17614.52,2609.212,EUR,XMAD,2026-10-06T23:26:08.481807,549300JSX0Z4CY0V0P21,ANYOTC,SELL,213800LBPT1H9WO9ZL78,TRX-00000073
TRX-00000074,US5949181045,85171.46,4153.8244,GBP,XAMS,2026-10-06T23:26:08.481811,5493001ZABYZPD63HV28,MATCH,SELL,213800LBPT1H9WO9ZL78,TRX-00000074
TRX-00000075,US5949181045,2870.97,4254.9132,USD,XMAD,2026-10-07T07:26:08.481817,5493006B1YHUQ7ZX5L88,MATCH,SELL,213800LBPT1H9WO9ZL78,TRX-00000075
TRX-00000076,US02079K3059,88032.12,3506.2176,EUR,XLON,2026-10-06T21:26:08.481823,5493001ZABYZPD63HV28,DEAL,BUY,213800LBPT1H9WO9ZL78,TRX-00000076
TRX-00000077,DE0007164600,48858.3,3791.0651,CHF,XMAD,2026-10-06T23:26:08.481829,213800LBPT1H9WO9ZL78,DEAL,SELL,213800LBPT1H9WO9ZL78,TRX-00000077
TRX-00000078,US0378331005,40440.71,1217.2825,JPY,XFRA,2026-10-06T22:26:08.481835,529900D6BHCL8WQ7R898,ANYOTC,SELL,213800LBPT1H9WO9ZL78,TRX-00000078
TRX-00000079,DE0007164600,99663.15,2752.392,EUR,XMAD,2026-10-07T05:26:08.481841,5493006B1YHUQ7ZX5L88,MATCH,BUY,213800LBPT1H9WO9ZL78,TRX-00000079
TRX-00000080,GB00B03MLX29,72128.71,1578.4242,JPY,XNAS,2026-10-07T07:26:08.481848,5493001ZABYZPD63HV28,ANYOTC,SELL,213800LBPT1H9WO9ZL78,TRX-00000080
TRX-00000081,US02079K3059,72458.78,4883.0585,JPY,XAMS,2026-10-07T10:26:08.481853,5493001ZABYZPD63HV28,MATCH,BUY,213800LBPT1H9WO9ZL78,TRX-00000081
TRX-00000082,US5949181045,17944.97,71.7277,JPY,XNAS,2026-10-07T05:26:08.481857,213800LBPT1H9WO9ZL78,DEAL,SELL,213800LBPT1H9WO9ZL78,TRX-00000082
TRX-00000083,GB00B0MYJG27,63787.33,3764.2081,GBP,XLON,2026-10-06T19:26:08.481862,5493006B1YHUQ7ZX5L88,MATCH,SELL,213800LBPT1H9WO9ZL78,TRX-00000083
TRX-00000084,FR0000120271,34071.25,4827.5227,EUR,XMAD,2026-10-07T10:26:08.481867,213800LBPT1H9WO9ZL78,MATCH,SELL,213800LBPT1H9WO9ZL78,TRX-00000084
TRX-00000085,GB00B03MLX29,57702.54,3432.5686,USD,XNAS,2026-10-06T19:26:08.481871,5493006B1YHUQ7ZX5L88,DEAL,BUY,213800LBPT1H9WO9ZL78,TRX-00000085
TRX-00000086,GB00B03MLX29,55807.75,2081.4539,JPY,XPAR,2026-10-06T21:26:08.481876,549300JSX0Z4CY0V0P21,MATCH,SELL,213800LBPT1H9WO9ZL78,TRX-00000086
TRX-00000087,US02079K3059,86016.81,4950.1663,EUR,XLON,2026-10-06T18:26:08.481881,213800LBPT1H9WO9ZL78,DEAL,BUY,213800LBPT1H9WO9ZL78,TRX-00000087
TRX-00000088,US02079K3059,66043.15,786.1284,USD,XNYS,2026-10-07T08:26:08.481886,213800LBPT1H9WO9ZL78,MATCH,SELL,213800LBPT1H9WO9ZL78,TRX-00000088
TRX-00000089,CH0012005267,46991.78,164.1666,EUR,XAMS,2026-10-06T15:26:08.481891,549300JSX0Z4CY0V0P21,DEAL,BUY,213800LBPT1H9WO9ZL78,TRX-00000089
TRX-00000090,US02079K3059,78783.01,3156.9216,USD,XMIL,2026-10-07T10:26:08.481897,529900D6BHCL8WQ7R898,DEAL,BUY,213800LBPT1H9WO9ZL78,TRX-00000090
TRX-00000091,US02079K3059,82663.29,357.9778,USD,XAMS,2026-10-06T18:26:08.481904,529900D6BHCL8WQ7R898,MATCH,SELL,213800LBPT1H9WO9ZL78,TRX-00000091
TRX-00000092,GB00B03MLX29,46870.33,1521.1519,CHF,XAMS,2026-10-06T21:26:08.481910,529900D6BHCL8WQ7R898,MATCH,SELL,213800LBPT1H9WO9ZL78,TRX-00000092
TRX-00000093,GB00B03MLX29,59804.07,4447.225,EUR,XAMS,2026-10-07T13:26:08.481915,213800LBPT1H9WO9ZL78,DEAL,BUY,213800LBPT1H9WO9ZL78,TRX-00000093
TRX-00000094,US02079K3059,57625.12,3815.7819,USD,XMAD,2026-10-06T21:26:08.481920,549300JSX0Z4CY0V0P21,MATCH,BUY,213800LBPT1H9WO9ZL78,TRX-00000094
TRX-00000095,CH0012005267,43589.06,4071.4105,GBP,XMAD,2026-10-07T02:26:08.481925,549300JSX0Z4CY0V0P21,MATCH,SELL,213800LBPT1H9WO9ZL78,TRX-00000095
TRX-00000096,GB00B03MLX29,85773.45,1649.6885,CHF,XAMS,2026-10-06T16:26:08.481930,549300JSX0Z4CY0V0P21,ANYOTC,BUY,213800LBPT1H9WO9ZL78,TRX-00000096
TRX-00000097,FR0000120271,8806.89,1262.7419,GBP,XMIL,2026-10-06T21:26:08.481935,213800LBPT1H9WO9ZL78,ANYOTC,SELL,213800LBPT1H9WO9ZL78,TRX-00000097
TRX-00000098,DE0007164600,5421.35,2592.6785,JPY,XMAD,2026-10-06T17:26:08.481940,549300JSX0Z4CY0V0P21,DEAL,BUY,213800LBPT1H9WO9ZL78,TRX-00000098
TRX-00000099,US02079K3059,54922.41,4638.4361,CHF,XMAD,2026-10-07T10:26:08.481944,213800LBPT1H9WO9ZL78,ANYOTC,BUY,213800LBPT1H9WO9ZL78,TRX-00000099
TRX-00000101,GB00B0MYJG27,49838.05,3583.3,JPY,XAMS,2026-10-07T00:26:08.481957,549300JSX0Z4CY0V0P21,MATCH,BUY,213800LBPT1H9WO9ZL78,TRX-00000101
TRX-00000102,FR0000120271,55126.96,1918.5465,JPY,XNAS,2026-10-07T11:26:08.481962,5493006B1YHUQ7ZX5L88,MATCH,SELL,213800LBPT1H9WO9ZL78,TRX-00000102
TRX-00000103,NL0010273215,26718.0,13.8237,EUR,XMAD,2026-10-07T09:26:08.481967,549300JSX0Z4CY0V0P21,ANYOTC,SELL,213800LBPT1H9WO9ZL78,TRX-00000103
TRX-00000104,US5949181045,33244.66,3814.6005,CHF,XMAD,2026-10-07T03:26:08.481972,5493001ZABYZPD63HV28,ANYOTC,BUY,213800LBPT1H9WO9ZL78,TRX-00000104
TRX-00000105,CH0012005267,38297.7,4280.2089,CHF,XLON,2026-10-07T03:26:08.481977,549300JSX0Z4CY0V0P21,ANYOTC,SELL,213800LBPT1H9WO9ZL78,TRX-00000105
TRX-00000106,DE0007164600,98841.41,3962.1759,USD,XMAD,2026-10-07T12:26:08.481982,5493001ZABYZPD63HV28,ANYOTC,SELL,213800LBPT1H9WO9ZL78,TRX-00000106
TRX-00000107,GB00B03MLX29,87419.16,2202.0907,JPY,XMAD,2026-10-07T13:26:08.481986,5493001ZABYZPD63HV28,MATCH,BUY,213800LBPT1H9WO9ZL78,TRX-00000107
TRX-00000108,GB00B03MLX29,46949.59,4846.0489,EUR,XMIL,2026-10-06T17:26:08.481991,213800LBPT1H9WO9ZL78,MATCH,SELL,213800LBPT1H9WO9ZL78,TRX-00000108
TRX-00000109,US5949181045,62680.29,4437.306,CHF,XLON,2026-10-06T18:26:08.481996,213800LBPT1H9WO9ZL78,DEAL,SELL,213800LBPT1H9WO9ZL78,TRX-00000109
TRX-00000110,US0378331005,74676.89,2170.4234,GBP,XNYS,2026-10-06T23:26:08.482005,5493001ZABYZPD63HV28,ANYOTC,SELL,213800LBPT1H9WO9ZL78,TRX-00000110
TRX-00000111,GB0002374006,4600.05,3980.9212,EUR,XFRA,2026-10-07T02:26:08.482011,549300JSX0Z4CY0V0P21,DEAL,BUY,213800LBPT1H9WO9ZL78,TRX-00000111
TRX-00000112,NL0010273215,41205.76,3409.3201,USD,XNAS,2026-10-07T08:26:08.482016,213800LBPT1H9WO9ZL78,ANYOTC,SELL,213800LBPT1H9WO9ZL78,TRX-00000112
TRX-00000113,CH0012005267,68313.77,2488.8386,JPY,XNAS,2026-10-07T06:26:08.482020,549300JSX0Z4CY0V0P21,ANYOTC,SELL,213800LBPT1H9WO9ZL78,TRX-00000113
TRX-00000114,FR0000120271,25533.42,47.9778,CHF,XAMS,2026-10-06T16:26:08.482025,529900D6BHCL8WQ7R898,DEAL,BUY,213800LBPT1H9WO9ZL78,TRX-00000114
TRX-00000115,FR0000120271,94523.62,4938.2708,EUR,XMIL,2026-10-06T15:26:08.482030,5493006B1YHUQ7ZX5L88,MATCH,SELL,213800LBPT1H9WO9ZL78,TRX-00000115
TRX-00000116,US0378331005,99937.36,4266.824,GBP,XPAR,2026-10-07T01:26:08.482034,529900D6BHCL8WQ7R898,MATCH,SELL,213800LBPT1H9WO9ZL78,TRX-00000116
TRX-00000117,US02079K3059,2194.94,4150.3578,CHF,XAMS,2026-10-07T13:26:08.482039,529900D6BHCL8WQ7R898,ANYOTC,BUY,213800LBPT1H9WO9ZL78,TRX-00000117
TRX-00000118,CH0012005267,74517.47,4164.3617,EUR,XPAR,2026-10-06T18:26:08.482044,5493006B1YHUQ7ZX5L88,DEAL,BUY,213800LBPT1H9WO9ZL78,TRX-00000118
TRX-00000119,CH0012005267,25063.43,3778.131,USD,XNYS,2026-10-06T17:26:08.482049,213800LBPT1H9WO9ZL78,MATCH,SELL,213800LBPT1H9WO9ZL78,TRX-00000119
TRX-00000120,GB0002374006,57957.8,3698.6872,GBP,XAMS,2026-10-07T03:26:08.482055,549300JSX0Z4CY0V0P21,DEAL,BUY,213800LBPT1H9WO9ZL78,TRX-00000120
TRX-00000121,GB00B0MYJG27,78651.49,4382.4265,EUR,XAMS,2026-10-07T08:26:08.482060,5493006B1YHUQ7ZX5L88,MATCH,SELL,213800LBPT1H9WO9ZL78,TRX-00000121
TRX-00000122,US5949181045,80423.45,2342.1886,GBP,XNAS,2026-10-07T06:26:08.482066,549300JSX0Z4CY0V0P21,ANYOTC,SELL,213800LBPT1H9WO9ZL78,TRX-00000122
TRX-00000123,GB00B03MLX29,79068.41,70.5794,JPY,XNYS,2026-10-06T23:26:08.482071,5493006B1YHUQ7ZX5L88,ANYOTC,SELL,213800LBPT1H9WO9ZL78,TRX-00000123
TRX-00000124,CH0012005267,38103.17,3193.1078,EUR,XNYS,2026-10-06T16:26:08.482075,5493001ZABYZPD63HV28,MATCH,BUY,213800LBPT1H9WO9ZL78,TRX-00000124
TRX-00000125,CH0012005267,88423.6,2807.4755,JPY,XPAR,2026-10-06T17:26:08.482080,213800LBPT1H9WO9ZL78,ANYOTC,SELL,213800LBPT1H9WO9ZL78,TRX-00000125
TRX-00000126,US02079K3059,64924.3,584.263,GBP,XLON,2026-10-07T04:26:08.482085,549300JSX0Z4CY0V0P21,DEAL,BUY,213800LBPT1H9WO9ZL78,TRX-00000126
TRX-00000127,US0378331005,88726.04,679.1846,CHF,XFRA,2026-10-06T16:26:08.482090,529900D6BHCL8WQ7R898,MATCH,BUY,213800LBPT1H9WO9ZL78,TRX-00000127
TRX-00000128,DE0007164600,65492.53,4168.6317,JPY,XMIL,2026-10-07T05:26:08.482095,213800LBPT1H9WO9ZL78,ANYOTC,SELL,213800LBPT1H9WO9ZL78,TRX-00000128
TRX-00000129,US0378331005,44338.87,4752.8253,EUR,XNYS,2026-10-06T16:26:08.482099,5493006B1YHUQ7ZX5L88,ANYOTC,SELL,213800LBPT1H9WO9ZL78,TRX-00000129
TRX-00000130,GB0002374006,39814.57,949.853,GBP,XMAD,2026-10-07T11:26:08.482105,5493001ZABYZPD63HV28,ANYOTC,BUY,213800LBPT1H9WO9ZL78,TRX-00000130
TRX-00000131,GB0002374006,78679.67,1218.6009,USD,XPAR,2026-10-07T11:26:08.482110,529900D6BHCL8WQ7R898,DEAL,BUY,213800LBPT1H9WO9ZL78,TRX-00000131
TRX-00000132,US0378331005,32856.63,738.6233,JPY,XLON,2026-10-07T05:26:08.482115,5493001ZABYZPD63HV28,DEAL,SELL,213800LBPT1H9WO9ZL78,TRX-00000132
TRX-00000133,GB00B0MYJG27,10993.52,4332.373,USD,XLON,2026-10-07T02:26:08.482120,5493001ZABYZPD63HV28,ANYOTC,SELL,213800LBPT1H9WO9ZL78,TRX-00000133
TRX-00000134,GB0002374006,17425.45,262.9427,CHF,XNYS,2026-10-06T14:26:08.482125,213800LBPT1H9WO9ZL78,MATCH,SELL,213800LBPT1H9WO9ZL78,TRX-00000134
TRX-00000135,US5949181045,51324.28,546.161,JPY,XPAR,2026-10-06T18:26:08.482130,213800LBPT1H9WO9ZL78,ANYOTC,SELL,213800LBPT1H9WO9ZL78,TRX-00000135
TRX-00000136,FR0000120271,64334.43,156.722,CHF,XMIL,2026-10-07T00:26:08.482135,213800LBPT1H9WO9ZL78,MATCH,SELL,213800LBPT1H9WO9ZL78,TRX-00000136
TRX-00000137,GB00B03MLX29,89926.78,1611.237,USD,XNYS,2026-10-07T09:26:08.482140,5493006B1YHUQ7ZX5L88,ANYOTC,SELL,213800LBPT1H9WO9ZL78,TRX-00000137
TRX-00000138,DE0007164600,99462.78,2653.2536,CHF,XMIL,2026-10-07T10:26:08.482144,213800LBPT1H9WO9ZL78,ANYOTC,BUY,213800LBPT1H9WO9ZL78,TRX-00000138
TRX-00000139,DE0007164600,45156.04,1143.2394,EUR,XMAD,2026-10-07T01:26:08.482149,549300JSX0Z4CY0V0P21,ANYOTC,BUY,213800LBPT1H9WO9ZL78,TRX-00000139
TRX-00000140,US5949181045,42676.97,3325.8742,EUR,XNAS,2026-10-06T16:26:08.482155,549300JSX0Z4CY0V0P21,DEAL,BUY,213800LBPT1H9WO9ZL78,TRX-00000140
TRX-00000141,GB00B03MLX29,9323.92,483.7256,EUR,XNAS,2026-10-06T20:26:08.482162,213800LBPT1H9WO9ZL78,ANYOTC,SELL,213800LBPT1H9WO9ZL78,TRX-00000141
TRX-00000142,GB00B03MLX29,41081.45,4368.1633,CHF,XLON,2026-10-07T04:26:08.482167,529900D6BHCL8WQ7R898,MATCH,SELL,213800LBPT1H9WO9ZL78,TRX-00000142
TRX-00000143,GB00B03MLX29,57792.27,1064.4813,CHF,XPAR,2026-10-07T10:26:08.482173,5493006B1YHUQ7ZX5L88,ANYOTC,SELL,213800LBPT1H9WO9ZL78,TRX-00000143
TRX-00000144,GB00B03MLX29,76260.8,2870.9259,CHF,XLON,2026-10-06T18:26:08.482178,5493006B1YHUQ7ZX5L88,DEAL,BUY,213800LBPT1H9WO9ZL78,TRX-00000144
TRX-00000145,US02079K3059,70270.17,1545.6145,EUR,XFRA,2026-10-07T13:26:08.482183,5493001ZABYZPD63HV28,DEAL,SELL,213800LBPT1H9WO9ZL78,TRX-00000145
TRX-00000146,GB00B03MLX29,14188.32,3166.2269,GBP,XNYS,2026-10-06T14:26:08.482188,529900D6BHCL8WQ7R898,DEAL,SELL,213800LBPT1H9WO9ZL78,TRX-00000146
TRX-00000147,DE0007164600,45365.13,787.889,EUR,XFRA,2026-10-06T19:26:08.482192,529900D6BHCL8WQ7R898,DEAL,BUY,213800LBPT1H9WO9ZL78,TRX-00000147
TRX-00000148,GB00B0MYJG27,15741.83,3089.5731,GBP,XAMS,2026-10-06T23:26:08.482197,549300JSX0Z4CY0V0P21,MATCH,SELL,213800LBPT1H9WO9ZL78,TRX-00000148
TRX-00000149,DE0007164600,27317.41,3774.9608,GBP,XFRA,2026-10-07T00:26:08.482202,213800LBPT1H9WO9ZL78,MATCH,SELL,213800LBPT1H9WO9ZL78,TRX-00000149
TRX-00000151,GB00B0MYJG27,76416.33,1447.9462,GBP,XLON,2026-10-06T22:26:08.482213,549300JSX0Z4CY0V0P21,DEAL,BUY,213800LBPT1H9WO9ZL78,TRX-00000151
TRX-00000152,DE0007164600,53258.7,1151.3235,JPY,XFRA,2026-10-07T11:26:08.482218,549300JSX0Z4CY0V0P21,ANYOTC,BUY,213800LBPT1H9WO9ZL78,TRX-00000152
TRX-00000153,DE0007164600,1875.13,4605.891,EUR,XMIL,2026-10-06T19:26:08.482223,549300JSX0Z4CY0V0P21,ANYOTC,SELL,213800LBPT1H9WO9ZL78,TRX-00000153
TRX-00000154,US02079K3059,11518.22,105.2619,EUR,XNAS,2026-10-06T18:26:08.482227,549300JSX0Z4CY0V0P21,ANYOTC,SELL,213800LBPT1H9WO9ZL78,TRX-00000154
TRX-00000155,GB00B03MLX29,43671.74,530.2098,CHF,XMIL,2026-10-06T21:26:08.482232,213800LBPT1H9WO9ZL78,MATCH,SELL,213800LBPT1H9WO9ZL78,TRX-00000155
TRX-00000156,US5949181045,22157.98,3895.8102,GBP,XNYS,2026-10-06T21:26:08.482237,529900D6BHCL8WQ7R898,DEAL,SELL,213800LBPT1H9WO9ZL78,TRX-00000156
TRX-00000157,US5949181045,72738.18,4094.9241,USD,XPAR,2026-10-07T10:26:08.482241,5493001ZABYZPD63HV28,MATCH,BUY,213800LBPT1H9WO9ZL78,TRX-00000157
TRX-00000158,GB00B0MYJG27,60240.3,3801.3163,GBP,XNAS,2026-10-06T17:26:08.482246,549300JSX0Z4CY0V0P21,MATCH,SELL,213800LBPT1H9WO9ZL78,TRX-00000158
TRX-00000159,CH0012005267,64299.54,4932.6732,EUR,XFRA,2026-10-07T09:26:08.482251,549300JSX0Z4CY0V0P21,DEAL,SELL,213800LBPT1H9WO9ZL78,TRX-00000159
TRX-00000160,FR0000120271,63138.88,3981.8521,JPY,XLON,2026-10-07T02:26:08.482257,529900D6BHCL8WQ7R898,DEAL,SELL,213800LBPT1H9WO9ZL78,TRX-00000160
TRX-00000161,FR0000120271,45191.93,285.3934,EUR,XNYS,2026-10-06T17:26:08.482262,213800LBPT1H9WO9ZL78,ANYOTC,SELL,213800LBPT1H9WO9ZL78,TRX-00000161
TRX-00000162,FR0000120271,58033.36,4771.2032,GBP,XMAD,2026-10-06T19:26:08.482267,5493001ZABYZPD63HV28,MATCH,SELL,213800LBPT1H9WO9ZL78,TRX-00000162
TRX-00000163,NL0010273215,15086.96,310.3066,GBP,XFRA,2026-10-06T15:26:08.482272,213800LBPT1H9WO9ZL78,ANYOTC,BUY,213800LBPT1H9WO9ZL78,TRX-00000163
TRX-00000164,GB0002374006,24775.12,2189.3536,CHF,XNAS,2026-10-07T02:26:08.482278,5493006B1YHUQ7ZX5L88,MATCH,SELL,213800LBPT1H9WO9ZL78,TRX-00000164
TRX-00000165,DE0007164600,77446.7,3394.8097,GBP,XFRA,2026-10-07T11:26:08.482283,5493006B1YHUQ7ZX5L88,DEAL,SELL,213800LBPT1H9WO9ZL78,TRX-00000165
TRX-00000166,US02079K3059,25200.33,4257.9797,JPY,XNAS,2026-10-07T03:26:08.482288,213800LBPT1H9WO9ZL78,ANYOTC,BUY,213800LBPT1H9WO9ZL78,TRX-00000166
TRX-00000167,US5949181045,31023.86,3280.6175,CHF,XNAS,2026-10-06T18:26:08.482293,213800LBPT1H9WO9ZL78,MATCH,SELL,213800LBPT1H9WO9ZL78,TRX-00000167
TRX-00000168,US5949181045,81318.67,3350.9119,JPY,XNYS,2026-10-06T17:26:08.482298,549300JSX0Z4CY0V0P21,ANYOTC,SELL,213800LBPT1H9WO9ZL78,TRX-00000168
TRX-00000169,GB0002374006,36260.4,902.1344,USD,XFRA,2026-10-06T22:26:08.482303,5493001ZABYZPD63HV28,DEAL,BUY,213800LBPT1H9WO9ZL78,TRX-00000169
TRX-00000170,GB00B0MYJG27,7717.43,4222.2975,GBP,XLON,2026-10-06T16:26:08.482309,5493006B1YHUQ7ZX5L88,ANYOTC,BUY,213800LBPT1H9WO9ZL78,TRX-00000170
TRX-00000171,CH0012005267,37672.61,812.0738,JPY,XNAS,2026-10-06T14:26:08.482314,549300JSX0Z4CY0V0P21,DEAL,SELL,213800LBPT1H9WO9ZL78,TRX-00000171
TRX-00000172,US5949181045,67636.62,1188.4135,CHF,XAMS,2026-10-06T14:26:08.482319,549300JSX0Z4CY0V0P21,DEAL,BUY,213800LBPT1H9WO9ZL78,TRX-00000172
TRX-00000173,US02079K3059,96559.7,3922.0668,USD,XFRA,2026-10-06T16:26:08.482324,529900D6BHCL8WQ7R898,MATCH,SELL,213800LBPT1H9WO9ZL78,TRX-00000173
TRX-00000174,US02079K3059,77812.63,2515.0306,CHF,XNAS,2026-10-07T07:26:08.482328,529900D6BHCL8WQ7R898,DEAL,SELL,213800LBPT1H9WO9ZL78,TRX-00000174
TRX-00000175,GB0002374006,64118.26,4370.7106,JPY,XNYS,2026-10-06T15:26:08.482335,529900D6BHCL8WQ7R898,DEAL,SELL,213800LBPT1H9WO9ZL78,TRX-00000175
TRX-00000176,GB00B03MLX29,76311.92,1364.6837,JPY,XNAS,2026-10-07T00:26:08.482340,213800LBPT1H9WO9ZL78,DEAL,SELL,213800LBPT1H9WO9ZL78,TRX-00000176
TRX-00000177,US5949181045,93047.26,2075.0696,CHF,XFRA,2026-10-07T06:26:08.482344,549300JSX0Z4CY0V0P21,DEAL,SELL,213800LBPT1H9WO9ZL78,TRX-00000177
TRX-00000178,US0378331005,2819.73,4654.1987,EUR,XNAS,2026-10-07T09:26:08.482349,213800LBPT1H9WO9ZL78,MATCH,SELL,213800LBPT1H9WO9ZL78,TRX-00000178
TRX-00000179,GB00B0MYJG27,75884.36,2346.0815,JPY,XLON,2026-10-07T11:26:08.482354,213800LBPT1H9WO9ZL78,MATCH,BUY,213800LBPT1H9WO9ZL78,TRX-00000179
TRX-00000180,GB00B0MYJG27,54880.88,3672.8112,JPY,XMIL,2026-10-07T10:26:08.482360,5493006B1YHUQ7ZX5L88,DEAL,SELL,213800LBPT1H9WO9ZL78,TRX-00000180
TRX-00000181,GB00B03MLX29,4775.9,2099.7079,JPY,XMAD,2026-10-07T11:26:08.482365,213800LBPT1H9WO9ZL78,MATCH,BUY,213800LBPT1H9WO9ZL78,TRX-00000181
TRX-00000182,NL0010273215,57505.17,3593.0031,EUR,XMIL,2026-10-07T13:26:08.482370,529900D6BHCL8WQ7R898,MATCH,BUY,213800LBPT1H9WO9ZL78,TRX-00000182
TRX-00000183,CH0012005267,41657.34,3322.1921,GBP,XFRA,2026-10-07T11:26:08.482375,529900D6BHCL8WQ7R898,ANYOTC,BUY,213800LBPT1H9WO9ZL78,TRX-00000183
TRX-00000184,DE0007164600,87333.27,218.6286,CHF,XFRA,2026-10-07T05:26:08.482379,213800LBPT1H9WO9ZL78,MATCH,BUY,213800LBPT1H9WO9ZL78,TRX-00000184
TRX-00000185,US5949181045,24113.35,3285.8649,GBP,XFRA,2026-10-07T09:26:08.482384,213800LBPT1H9WO9ZL78,MATCH,SELL,213800LBPT1H9WO9ZL78,TRX-00000185
TRX-00000186,GB00B0MYJG27,83038.54,3423.7281,CHF,XNAS,2026-10-07T09:26:08.482389,213800LBPT1H9WO9ZL78,ANYOTC,SELL,213800LBPT1H9WO9ZL78,TRX-00000186
TRX-00000187,GB0002374006,29344.96,219.9876,USD,XLON,2026-10-07T03:26:08.482394,5493006B1YHUQ7ZX5L88,ANYOTC,SELL,213800LBPT1H9WO9ZL78,TRX-00000187
TRX-00000188,NL0010273215,47340.5,184.0672,USD,XAMS,2026-10-07T02:26:08.482399,213800LBPT1H9WO9ZL78,ANYOTC,SELL,213800LBPT1H9WO9ZL78,TRX-00000188
TRX-00000189,US02079K3059,12448.38,1840.7279,CHF,XMAD,2026-10-07T01:26:08.482403,5493006B1YHUQ7ZX5L88,DEAL,SELL,213800LBPT1H9WO9ZL78,TRX-00000189
TRX-00000190,FR0000120271,36735.33,3986.6571,EUR,XNYS,2026-10-06T14:26:08.482417,549300JSX0Z4CY0V0P21,DEAL,SELL,213800LBPT1H9WO9ZL78,TRX-00000190
TRX-00000191,CH0012005267,99509.82,903.102,EUR,XFRA,2026-10-07T10:26:08.482421,213800LBPT1H9WO9ZL78,MATCH,SELL,213800LBPT1H9WO9ZL78,TRX-00000191
TRX-00000192,US02079K3059,44592.13,3588.5969,USD,XMAD,2026-10-07T02:26:08.482427,549300JSX0Z4CY0V0P21,DEAL,SELL,213800LBPT1H9WO9ZL78,TRX-00000192
TRX-00000193,CH0012005267,99815.06,1373.5022,GBP,XNYS,2026-10-06T16:26:08.482432,549300JSX0Z4CY0V0P21,MATCH,BUY,213800LBPT1H9WO9ZL78,TRX-00000193
TRX-00000194,GB0002374006,14278.8,3038.2569,CHF,XLON,2026-10-07T09:26:08.482437,213800LBPT1H9WO9ZL78,DEAL,SELL,213800LBPT1H9WO9ZL78,TRX-00000194
TRX-00000195,US5949181045,38286.06,2836.656,JPY,XNAS,2026-10-06T16:26:08.482442,549300JSX0Z4CY0V0P21,MATCH,SELL,213800LBPT1H9WO9ZL78,TRX-00000195
TRX-00000196,FR0000120271,76308.68,2870.035,JPY,XFRA,2026-10-07T01:26:08.482446,5493006B1YHUQ7ZX5L88,ANYOTC,SELL,213800LBPT1H9WO9ZL78,TRX-00000196
TRX-00000197,US0378331005,96052.04,130.5408,USD,XMAD,2026-10-06T21:26:08.482451,549300JSX0Z4CY0V0P21,ANYOTC,BUY,213800LBPT1H9WO9ZL78,TRX-00000197
TRX-00000198,US02079K3059,77496.67,3520.485,USD,XAMS,2026-10-06T15:26:08.482456,549300JSX0Z4CY0V0P21,DEAL,BUY,213800LBPT1H9WO9ZL78,TRX-00000198
TRX-00000199,GB00B0MYJG27,85282.78,2260.7614,CHF,XNYS,2026-10-06T16:26:08.482461,5493006B1YHUQ7ZX5L88,ANYOTC,SELL,213800LBPT1H9WO9ZL78,TRX-00000199
TRX-00000201,GB00B03MLX29,98513.27,3960.5363,USD,XMAD,2026-10-07T13:26:08.482473,5493006B1YHUQ7ZX5L88,ANYOTC,SELL,213800LBPT1H9WO9ZL78,TRX-00000201
TRX-00000202,FR0000120271,80366.37,2758.683,JPY,XNYS,2026-10-07T11:26:08.482478,5493006B1YHUQ7ZX5L88,MATCH,SELL,213800LBPT1H9WO9ZL78,TRX-00000202
TRX-00000203,NL0010273215,41080.1,2047.7582,JPY,XNYS,2026-10-07T09:26:08.482483,5493006B1YHUQ7ZX5L88,ANYOTC,BUY,213800LBPT1H9WO9ZL78,TRX-00000203
TRX-00000204,FR0000120271,46583.85,2587.2827,USD,XNAS,2026-10-07T09:26:08.482488,549300JSX0Z4CY0V0P21,ANYOTC,BUY,213800LBPT1H9WO9ZL78,TRX-00000204
TRX-00000205,GB00B03MLX29,51810.7,1521.3186,USD,XFRA,2026-10-06T15:26:08.482493,5493001ZABYZPD63HV28,MATCH,SELL,213800LBPT1H9WO9ZL78,TRX-00000205
TRX-00000206,GB00B03MLX29,25061.28,3175.6504,JPY,XAMS,2026-10-07T09:26:08.482498,5493006B1YHUQ7ZX5L88,ANYOTC,BUY,213800LBPT1H9WO9ZL78,TRX-00000206
TRX-00000207,NL0010273215,64099.1,2959.4504,JPY,XNAS,2026-10-07T08:26:08.482504,529900D6BHCL8WQ7R898,ANYOTC,SELL,213800LBPT1H9WO9ZL78,TRX-00000207
TRX-00000208,CH0012005267,4120.39,4319.0422,GBP,XLON,2026-10-06T17:26:08.482509,529900D6BHCL8WQ7R898,MATCH,BUY,213800LBPT1H9WO9ZL78,TRX-00000208
TRX-00000209,CH0012005267,41659.26,3195.317,CHF,XAMS,2026-10-06T17:26:08.482514,5493006B1YHUQ7ZX5L88,MATCH,BUY,213800LBPT1H9WO9ZL78,TRX-00000209
TRX-00000210,DE0007164600,29744.09,369.4501,GBP,XNAS,2026-10-06T23:26:08.482520,549300JSX0Z4CY0V0P21,MATCH,SELL,213800LBPT1H9WO9ZL78,TRX-00000210
TRX-00000211,US0378331005,34019.92,719.1998,EUR,XFRA,2026-10-07T01:26:08.482525,5493001ZABYZPD63HV28,MATCH,BUY,213800LBPT1H9WO9ZL78,TRX-00000211
TRX-00000212,US5949181045,24174.54,613.487,CHF,XPAR,2026-10-07T09:26:08.482530,213800LBPT1H9WO9ZL78,DEAL,SELL,213800LBPT1H9WO9ZL78,TRX-00000212
TRX-00000213,DE0007164600,86416.52,2091.2556,USD,XFRA,2026-10-06T19:26:08.482534,5493006B1YHUQ7ZX5L88,DEAL,BUY,213800LBPT1H9WO9ZL78,TRX-00000213
TRX-00000214,FR0000120271,99596.95,2334.6088,EUR,XMAD,2026-10-07T13:26:08.482539,213800LBPT1H9WO9ZL78,MATCH,SELL,213800LBPT1H9WO9ZL78,TRX-00000214
TRX-00000215,US0378331005,21515.23,1765.1225,GBP,XAMS,2026-10-06T22:26:08.482544,529900D6BHCL8WQ7R898,ANYOTC,SELL,213800LBPT1H9WO9ZL78,TRX-00000215
TRX-00000216,US02079K3059,53669.54,4236.0147,CHF,XNAS,2026-10-07T05:26:08.482549,5493006B1YHUQ7ZX5L88,MATCH,SELL,213800LBPT1H9WO9ZL78,TRX-00000216
TRX-00000217,GB0002374006,40058.76,2851.8379,USD,XFRA,2026-10-06T20:26:08.482553,5493006B1YHUQ7ZX5L88,DEAL,SELL,213800LBPT1H9WO9ZL78,TRX-00000217
TRX-00000218,NL0010273215,45035.99,2749.7356,JPY,XNYS,2026-10-07T09:26:08.482563,213800LBPT1H9WO9ZL78,MATCH,SELL,213800LBPT1H9WO9ZL78,TRX-00000218
TRX-00000219,US5949181045,55783.63,1828.6663,USD,XPAR,2026-10-06T18:26:08.482569,529900D6BHCL8WQ7R898,MATCH,BUY,213800LBPT1H9WO9ZL78,TRX-00000219
TRX-00000220,GB0002374006,3892.36,3568.2456,CHF,XMAD,2026-10-07T09:26:08.482575,529900D6BHCL8WQ7R898,ANYOTC,BUY,213800LBPT1H9WO9ZL78,TRX-00000220
TRX-00000221,US5949181045,93136.94,1593.3316,CHF,XAMS,2026-10-06T19:26:08.482580,5493006B1YHUQ7ZX5L88,ANYOTC,SELL,213800LBPT1H9WO9ZL78,TRX-00000221
TRX-00000222,CH0012005267,29979.76,4078.9284,EUR,XFRA,2026-10-06T16:26:08.482585,213800LBPT1H9WO9ZL78,MATCH,SELL,213800LBPT1H9WO9ZL78,TRX-00000222
TRX-00000223,GB0002374006,59691.36,1328.3867,JPY,XPAR,2026-10-06T14:26:08.482590,213800LBPT1H9WO9ZL78,ANYOTC,SELL,213800LBPT1H9WO9ZL78,TRX-00000223
TRX-00000224,GB00B0MYJG27,52423.71,3606.193,CHF,XNAS,2026-10-06T16:26:08.482595,5493001ZABYZPD63HV28,DEAL,BUY,213800LBPT1H9WO9ZL78,TRX-00000224
TRX-00000225,US0378331005,1894.72,1569.1487,USD,XMIL,2026-10-06T15:26:08.482600,5493001ZABYZPD63HV28,MATCH,SELL,213800LBPT1H9WO9ZL78,TRX-00000225
TRX-00000226,GB0002374006,70577.82,2593.8974,JPY,XFRA,2026-10-06T16:26:08.482605,549300JSX0Z4CY0V0P21,ANYOTC,SELL,213800LBPT1H9WO9ZL78,TRX-00000226
TRX-00000227,US5949181045,95668.59,2298.858,JPY,XFRA,2026-10-06T20:26:08.482611,5493006B1YHUQ7ZX5L88,ANYOTC,SELL,213800LBPT1H9WO9ZL78,TRX-00000227
TRX-00000228,CH0012005267,48418.53,4786.7296,EUR,XAMS,2026-10-07T06:26:08.482616,5493006B1YHUQ7ZX5L88,MATCH,BUY,213800LBPT1H9WO9ZL78,TRX-00000228
TRX-00000229,FR0000120271,31704.76,1744.6671,EUR,XAMS,2026-10-07T10:26:08.482621,529900D6BHCL8WQ7R898,ANYOTC,SELL,213800LBPT1H9WO9ZL78,TRX-00000229
TRX-00000230,DE0007164600,81837.93,4773.0897,USD,XAMS,2026-10-07T12:26:08.482627,5493006B1YHUQ7ZX5L88,ANYOTC,BUY,213800LBPT1H9WO9ZL78,TRX-00000230
TRX-00000231,US5949181045,92401.04,3280.2043,CHF,XPAR,2026-10-07T07:26:08.482632,529900D6BHCL8WQ7R898,MATCH,SELL,213800LBPT1H9WO9ZL78,TRX-00000231
TRX-00000232,GB00B0MYJG27,10923.55,3704.714,USD,XPAR,2026-10-07T12:26:08.482637,529900D6BHCL8WQ7R898,DEAL,BUY,213800LBPT1H9WO9ZL78,TRX-00000232
TRX-00000233,GB0002374006,10020.7,1652.1378,CHF,XNYS,2026-10-06T16:26:08.482642,5493001ZABYZPD63HV28,DEAL,BUY,213800LBPT1H9WO9ZL78,TRX-00000233
TRX-00000234,DE0007164600,65289.63,4403.3566,CHF,XMAD,2026-10-06T17:26:08.482647,5493001ZABYZPD63HV28,MATCH,SELL,213800LBPT1H9WO9ZL78,TRX-00000234
TRX-00000235,US02079K3059,64590.15,4539.7769,GBP,XPAR,2026-10-06T20:26:08.482651,213800LBPT1H9WO9ZL78,DEAL,SELL,213800LBPT1H9WO9ZL78,TRX-00000235
TRX-00000236,GB00B0MYJG27,93392.33,182.6629,CHF,XMAD,2026-10-07T08:26:08.482656,5493006B1YHUQ7ZX5L88,DEAL,BUY,213800LBPT1H9WO9ZL78,TRX-00000236
TRX-00000237,US02079K3059,56796.62,537.3962,EUR,XAMS,2026-10-06T23:26:08.482661,529900D6BHCL8WQ7R898,ANYOTC,SELL,213800LBPT1H9WO9ZL78,TRX-00000237
TRX-00000238,GB00B0MYJG27,85106.12,2340.6358,USD,XNYS,2026-10-07T03:26:08.482666,5493001ZABYZPD63HV28,ANYOTC,SELL,213800LBPT1H9WO9ZL78,TRX-00000238
TRX-00000239,US02079K3059,71860.1,71.4069,EUR,XAMS,2026-10-06T19:26:08.482672,5493001ZABYZPD63HV28,DEAL,SELL,213800LBPT1H9WO9ZL78,TRX-00000239
TRX-00000240,DE0007164600,51528.55,438.9481,GBP,XNAS,2026-10-07T09:26:08.482679,549300JSX0Z4CY0V0P21,MATCH,BUY,213800LBPT1H9WO9ZL78,TRX-00000240
TRX-00000241,GB0002374006,26079.27,1178.3707,EUR,XFRA,2026-10-07T04:26:08.482683,529900D6BHCL8WQ7R898,ANYOTC,BUY,213800LBPT1H9WO9ZL78,TRX-00000241
TRX-00000242,US02079K3059,65368.68,3464.1502,GBP,XNYS,2026-10-06T23:26:08.482689,5493006B1YHUQ7ZX5L88,DEAL,SELL,213800LBPT1H9WO9ZL78,TRX-00000242
TRX-00000243,NL0010273215,92310.68,4439.1193,EUR,XNYS,2026-10-06T17:26:08.482695,5493006B1YHUQ7ZX5L88,MATCH,BUY,213800LBPT1H9WO9ZL78,TRX-00000243
TRX-00000244,US0378331005,95736.1,2391.4313,CHF,XFRA,2026-10-07T00:26:08.482699,529900D6BHCL8WQ7R898,MATCH,BUY,213800LBPT1H9WO9ZL78,TRX-00000244
TRX-00000245,US0378331005,68034.51,2979.4765,GBP,XMAD,2026-10-06T21:26:08.482704,5493006B1YHUQ7ZX5L88,DEAL,BUY,213800LBPT1H9WO9ZL78,TRX-00000245
TRX-00000246,GB0002374006,82877.58,4514.5379,USD,XNAS,2026-10-07T08:26:08.482709,5493006B1YHUQ7ZX5L88,ANYOTC,SELL,213800LBPT1H9WO9ZL78,TRX-00000246
TRX-00000247,GB00B03MLX29,68029.84,3584.8729,CHF,XNYS,2026-10-06T21:26:08.482714,549300JSX0Z4CY0V0P21,DEAL,SELL,213800LBPT1H9WO9ZL78,TRX-00000247
TRX-00000248,GB00B0MYJG27,51325.27,2284.5356,GBP,XMAD,2026-10-06T16:26:08.482732,5493006B1YHUQ7ZX5L88,ANYOTC,BUY,213800LBPT1H9WO9ZL78,TRX-00000248
TRX-00000249,DE0007164600,25446.47,16.0743,USD,XNYS,2026-10-07T12:26:08.482737,549300JSX0Z4CY0V0P21,MATCH,BUY,213800LBPT1H9WO9ZL78,TRX-00000249
TRX-00000251,GB00B0MYJG27,76583.0,4891.6881,CHF,XFRA,2026-10-07T01:26:08.482748,549300JSX0Z4CY0V0P21,MATCH,SELL,213800LBPT1H9WO9ZL78,TRX-00000251
TRX-00000252,GB00B03MLX29,68273.35,3309.3009,JPY,XNAS,2026-10-06T17:26:08.482753,5493006B1YHUQ7ZX5L88,DEAL,BUY,213800LBPT1H9WO9ZL78,TRX-00000252
TRX-00000253,NL0010273215,39306.47,637.6081,USD,XLON,2026-10-07T13:26:08.482758,5493006B1YHUQ7ZX5L88,MATCH,SELL,213800LBPT1H9WO9ZL78,TRX-00000253
TRX-00000254,NL0010273215,37928.27,1149.0907,CHF,XFRA,2026-10-07T09:26:08.482763,5493006B1YHUQ7ZX5L88,DEAL,BUY,213800LBPT1H9WO9ZL78,TRX-00000254
TRX-00000255,GB0002374006,80948.01,2096.7838,GBP,XPAR,2026-10-07T07:26:08.482768,213800LBPT1H9WO9ZL78,DEAL,BUY,213800LBPT1H9WO9ZL78,TRX-00000255
TRX-00000256,FR0000120271,59778.89,3516.728,GBP,XPAR,2026-10-06T14:26:08.482772,213800LBPT1H9WO9ZL78,MATCH,SELL,213800LBPT1H9WO9ZL78,TRX-00000256
TRX-00000257,US0378331005,53976.44,3772.1742,GBP,XNAS,2026-10-06T21:26:08.482778,5493006B1YHUQ7ZX5L88,DEAL,SELL,213800LBPT1H9WO9ZL78,TRX-00000257
TRX-00000258,CH0012005267,59792.17,3362.987,EUR,XPAR,2026-10-07T04:26:08.482783,5493001ZABYZPD63HV28,ANYOTC,BUY,213800LBPT1H9WO9ZL78,TRX-00000258
TRX-00000259,DE0007164600,30050.79,305.7272,JPY,XNAS,2026-10-06T17:26:08.482788,549300JSX0Z4CY0V0P21,ANYOTC,SELL,213800LBPT1H9WO9ZL78,TRX-00000259
TRX-00000260,GB0002374006,97229.05,4707.9905,CHF,XFRA,2026-10-06T15:26:08.482794,549300JSX0Z4CY0V0P21,MATCH,BUY,213800LBPT1H9WO9ZL78,TRX-00000260
TRX-00000261,US02079K3059,37646.64,3772.3261,CHF,XPAR,2026-10-07T06:26:08.482799,5493006B1YHUQ7ZX5L88,ANYOTC,BUY,213800LBPT1H9WO9ZL78,TRX-00000261
TRX-00000262,FR0000120271,91474.2,2812.3674,CHF,XNAS,2026-10-07T01:26:08.482804,5493001ZABYZPD63HV28,MATCH,BUY,213800LBPT1H9WO9ZL78,TRX-00000262
TRX-00000263,US5949181045,64670.94,4611.2083,EUR,XNYS,2026-10-06T20:26:08.482809,5493001ZABYZPD63HV28,DEAL,SELL,213800LBPT1H9WO9ZL78,TRX-00000263
TRX-00000264,DE0007164600,67367.52,3015.0073,GBP,XPAR,2026-10-06T19:26:08.482814,529900D6BHCL8WQ7R898,DEAL,SELL,213800LBPT1H9WO9ZL78,TRX-00000264
TRX-00000265,US0378331005,86947.52,1665.4886,GBP,XPAR,2026-10-07T07:26:08.482819,213800LBPT1H9WO9ZL78,ANYOTC,SELL,213800LBPT1H9WO9ZL78,TRX-00000265
TRX-00000266,US0378331005,69562.93,3519.1391,CHF,XPAR,2026-10-06T20:26:08.482824,5493006B1YHUQ7ZX5L88,MATCH,SELL,213800LBPT1H9WO9ZL78,TRX-00000266
TRX-00000267,FR0000120271,53365.48,1796.9385,EUR,XFRA,2026-10-06T21:26:08.482828,549300JSX0Z4CY0V0P21,MATCH,BUY,213800LBPT1H9WO9ZL78,TRX-00000267
TRX-00000268,FR0000120271,76163.14,1601.8462,USD,XFRA,2026-10-07T03:26:08.482833,549300JSX0Z4CY0V0P21,DEAL,BUY,213800LBPT1H9WO9ZL78,TRX-00000268
TRX-00000269,GB00B0MYJG27,1622.97,2767.0045,JPY,XMIL,2026-10-07T04:26:08.482838,5493001ZABYZPD63HV28,DEAL,SELL,213800LBPT1H9WO9ZL78,TRX-00000269
TRX-00000270,US0378331005,37984.6,4208.65,CHF,XFRA,2026-10-07T05:26:08.482845,549300JSX0Z4CY0V0P21,ANYOTC,SELL,213800LBPT1H9WO9ZL78,TRX-00000270
TRX-00000271,FR0000120271,16824.2,3975.0826,USD,XNAS,2026-10-06T14:26:08.482852,529900D6BHCL8WQ7R898,MATCH,BUY,213800LBPT1H9WO9ZL78,TRX-00000271
TRX-00000272,NL0010273215,99032.36,4786.2272,JPY,XLON,2026-10-07T11:26:08.482857,213800LBPT1H9WO9ZL78,DEAL,SELL,213800LBPT1H9WO9ZL78,TRX-00000272
TRX-00000273,GB00B0MYJG27,84254.63,1157.9355,USD,XLON,2026-10-07T07:26:08.482862,529900D6BHCL8WQ7R898,MATCH,SELL,213800LBPT1H9WO9ZL78,TRX-00000273
TRX-00000274,GB0002374006,61783.91,3334.1069,JPY,XMAD,2026-10-06T16:26:08.482866,549300JSX0Z4CY0V0P21,DEAL,BUY,213800LBPT1H9WO9ZL78,TRX-00000274
TRX-00000275,NL0010273215,55164.8,60.243,JPY,XAMS,2026-10-06T20:26:08.482871,5493006B1YHUQ7ZX5L88,DEAL,SELL,213800LBPT1H9WO9ZL78,TRX-00000275
TRX-00000276,GB00B0MYJG27,10702.54,482.4731,USD,XPAR,2026-10-07T07:26:08.482876,529900D6BHCL8WQ7R898,ANYOTC,SELL,213800LBPT1H9WO9ZL78,TRX-00000276
TRX-00000277,US5949181045,26733.21,1985.0852,EUR,XMIL,2026-10-06T23:26:08.482881,529900D6BHCL8WQ7R898,DEAL,BUY,213800LBPT1H9WO9ZL78,TRX-00000277
TRX-00000278,US02079K3059,68404.48,4239.4876,GBP,XNYS,2026-10-07T01:26:08.482886,549300JSX0Z4CY0V0P21,MATCH,SELL,213800LBPT1H9WO9ZL78,TRX-00000278
TRX-00000279,GB0002374006,63675.17,3514.5229,GBP,XMAD,2026-10-07T00:26:08.482891,5493006B1YHUQ7ZX5L88,ANYOTC,BUY,213800LBPT1H9WO9ZL78,TRX-00000279
TRX-00000280,NL0010273215,91915.3,1149.6027,JPY,XMAD,2026-10-07T05:26:08.482897,213800LBPT1H9WO9ZL78,DEAL,SELL,213800LBPT1H9WO9ZL78,TRX-00000280
TRX-00000281,NL0010273215,56351.42,165.476,EUR,XLON,2026-10-07T07:26:08.482902,529900D6BHCL8WQ7R898,DEAL,SELL,213800LBPT1H9WO9ZL78,TRX-00000281
TRX-00000282,GB00B03MLX29,29928.39,2820.227,JPY,XMIL,2026-10-06T16:26:08.482908,529900D6BHCL8WQ7R898,MATCH,SELL,213800LBPT1H9WO9ZL78,TRX-00000282
TRX-00000283,GB00B0MYJG27,79050.02,3446.8634,GBP,XFRA,2026-10-07T12:26:08.482913,213800LBPT1H9WO9ZL78,MATCH,BUY,213800LBPT1H9WO9ZL78,TRX-00000283
TRX-00000284,GB00B03MLX29,34059.93,3845.2593,JPY,XMIL,2026-10-07T03:26:08.482917,213800LBPT1H9WO9ZL78,ANYOTC,SELL,213800LBPT1H9WO9ZL78,TRX-00000284
TRX-00000285,FR0000120271,49060.86,1779.7002,CHF,XMIL,2026-10-07T08:26:08.482922,529900D6BHCL8WQ7R898,ANYOTC,SELL,213800LBPT1H9WO9ZL78,TRX-00000285
TRX-00000286,GB00B03MLX29,77216.97,1477.602,USD,XNYS,2026-10-07T11:26:08.482927,5493006B1YHUQ7ZX5L88,DEAL,SELL,213800LBPT1H9WO9ZL78,TRX-00000286
TRX-00000287,GB00B0MYJG27,73965.79,1584.0745,GBP,XNYS,2026-10-07T13:26:08.482932,5493006B1YHUQ7ZX5L88,MATCH,SELL,213800LBPT1H9WO9ZL78,TRX-00000287
TRX-00000288,US02079K3059,10224.04,437.3989,CHF,XMAD,2026-10-06T20:26:08.482936,529900D6BHCL8WQ7R898,ANYOTC,SELL,213800LBPT1H9WO9ZL78,TRX-00000288
TRX-00000289,GB00B03MLX29,2627.16,1770.2175,GBP,XFRA,2026-10-07T01:26:08.482941,213800LBPT1H9WO9ZL78,MATCH,SELL,213800LBPT1H9WO9ZL78,TRX-00000289
TRX-00000290,DE0007164600,77917.13,3624.4944,JPY,XPAR,2026-10-06T19:26:08.482950,529900D6BHCL8WQ7R898,DEAL,SELL,213800LBPT1H9WO9ZL78,TRX-00000290
TRX-00000291,GB00B0MYJG27,13884.87,1506.3552,CHF,XNAS,2026-10-07T11:26:08.482955,5493001ZABYZPD63HV28,MATCH,SELL,213800LBPT1H9WO9ZL78,TRX-00000291
TRX-00000292,DE0007164600,29975.93,3913.5505,EUR,XAMS,2026-10-07T06:26:08.482959,549300JSX0Z4CY0V0P21,ANYOTC,BUY,213800LBPT1H9WO9ZL78,TRX-00000292
TRX-00000293,FR0000120271,10698.13,1523.9853,CHF,XFRA,2026-10-06T18:26:08.482964,549300JSX0Z4CY0V0P21,MATCH,SELL,213800LBPT1H9WO9ZL78,TRX-00000293
TRX-00000294,US5949181045,43062.19,4117.8527,JPY,XNAS,2026-10-07T04:26:08.482970,5493006B1YHUQ7ZX5L88,ANYOTC,BUY,213800LBPT1H9WO9ZL78,TRX-00000294
TRX-00000295,FR0000120271,31419.01,4822.9085,EUR,XAMS,2026-10-06T14:26:08.482977,549300JSX0Z4CY0V0P21,ANYOTC,BUY,213800LBPT1H9WO9ZL78,TRX-00000295
TRX-00000296,US5949181045,37606.15,4082.6561,CHF,XFRA,2026-10-07T10:26:08.482982,529900D6BHCL8WQ7R898,DEAL,BUY,213800LBPT1H9WO9ZL78,TRX-00000296
TRX-00000297,NL0010273215,2692.58,3636.3396,USD,XMAD,2026-10-07T04:26:08.482987,213800LBPT1H9WO9ZL78,MATCH,SELL,213800LBPT1H9WO9ZL78,TRX-00000297
TRX-00000298,GB00B0MYJG27,63333.97,1210.8638,USD,XMIL,2026-10-07T01:26:08.482992,213800LBPT1H9WO9ZL78,MATCH,SELL,213800LBPT1H9WO9ZL78,TRX-00000298
TRX-00000299,CH0012005267,40081.11,2533.5566,CHF,XLON,2026-10-07T02:26:08.482998,529900D6BHCL8WQ7R898,ANYOTC,BUY,213800LBPT1H9WO9ZL78,TRX-00000299
TRX-00000301,US5949181045,96571.71,2152.8473,GBP,XNYS,2026-10-07T05:26:08.483009,5493001ZABYZPD63HV28,ANYOTC,BUY,213800LBPT1H9WO9ZL78,TRX-00000301
TRX-00000302,FR0000120271,37412.58,2315.853,JPY,XNAS,2026-10-07T02:26:08.483015,213800LBPT1H9WO9ZL78,MATCH,BUY,213800LBPT1H9WO9ZL78,TRX-00000302
TRX-00000303,US02079K3059,41598.13,4808.6776,GBP,XNAS,2026-10-07T02:26:08.483021,5493006B1YHUQ7ZX5L88,MATCH,SELL,213800LBPT1H9WO9ZL78,TRX-00000303
TRX-00000304,US0378331005,52111.96,1742.1532,GBP,XMAD,2026-10-06T14:26:08.483025,549300JSX0Z4CY0V0P21,MATCH,BUY,213800LBPT1H9WO9ZL78,TRX-00000304
TRX-00000305,US02079K3059,4469.26,3554.1842,GBP,XFRA,2026-10-06T17:26:08.483030,213800LBPT1H9WO9ZL78,ANYOTC,BUY,213800LBPT1H9WO9ZL78,TRX-00000305
TRX-00000306,US0378331005,51599.87,2759.9995,EUR,XMIL,2026-10-06T23:26:08.483035,5493001ZABYZPD63HV28,MATCH,BUY,213800LBPT1H9WO9ZL78,TRX-00000306
TRX-00000307,GB00B0MYJG27,64048.25,2161.2401,GBP,XPAR,2026-10-06T23:26:08.483040,529900D6BHCL8WQ7R898,MATCH,SELL,213800LBPT1H9WO9ZL78,TRX-00000307
TRX-00000308,GB0002374006,70473.86,1029.7166,GBP,XNYS,2026-10-06T20:26:08.483045,5493001ZABYZPD63HV28,MATCH,SELL,213800LBPT1H9WO9ZL78,TRX-00000308
TRX-00000309,US0378331005,45755.58,1312.5046,CHF,XFRA,2026-10-06T18:26:08.483050,549300JSX0Z4CY0V0P21,ANYOTC,SELL,213800LBPT1H9WO9ZL78,TRX-00000309
TRX-00000310,CH0012005267,11424.09,1760.5726,CHF,XNAS,2026-10-06T16:26:08.483056,5493006B1YHUQ7ZX5L88,ANYOTC,BUY,213800LBPT1H9WO9ZL78,TRX-00000310
TRX-00000311,GB00B0MYJG27,31319.26,1193.6251,GBP,XNAS,2026-10-07T02:26:08.483061,5493001ZABYZPD63HV28,ANYOTC,SELL,213800LBPT1H9WO9ZL78,TRX-00000311
TRX-00000312,DE0007164600,59642.99,2874.4554,CHF,XNAS,2026-10-06T22:26:08.483066,529900D6BHCL8WQ7R898,ANYOTC,BUY,213800LBPT1H9WO9ZL78,TRX-00000312
TRX-00000313,NL0010273215,16687.39,1444.885,USD,XFRA,2026-10-06T23:26:08.483070,529900D6BHCL8WQ7R898,DEAL,SELL,213800LBPT1H9WO9ZL78,TRX-00000313
TRX-00000314,GB0002374006,48461.41,976.4473,CHF,XMAD,2026-10-07T00:26:08.483076,549300JSX0Z4CY0V0P21,MATCH,SELL,213800LBPT1H9WO9ZL78,TRX-00000314
TRX-00000315,FR0000120271,16726.18,2827.4236,USD,XAMS,2026-10-07T12:26:08.483081,5493006B1YHUQ7ZX5L88,DEAL,SELL,213800LBPT1H9WO9ZL78,TRX-00000315
TRX-00000316,GB00B0MYJG27,78074.24,2828.6867,CHF,XNYS,2026-10-06T19:26:08.483086,213800LBPT1H9WO9ZL78,MATCH,SELL,213800LBPT1H9WO9ZL78,TRX-00000316
TRX-00000317,NL0010273215,82261.27,209.011,CHF,XPAR,2026-10-07T00:26:08.483091,213800LBPT1H9WO9ZL78,ANYOTC,BUY,213800LBPT1H9WO9ZL78,TRX-00000317
TRX-00000318,US02079K3059,87481.11,162.1197,EUR,XFRA,2026-10-07T11:26:08.483095,549300JSX0Z4CY0V0P21,DEAL,BUY,213800LBPT1H9WO9ZL78,TRX-00000318
TRX-00000319,US0378331005,81070.46,2940.0316,EUR,XMIL,2026-10-07T08:26:08.483100,529900D6BHCL8WQ7R898,DEAL,BUY,213800LBPT1H9WO9ZL78,TRX-00000319
TRX-00000320,US0378331005,80544.24,2850.8016,JPY,XAMS,2026-10-06T18:26:08.483107,529900D6BHCL8WQ7R898,DEAL,SELL,213800LBPT1H9WO9ZL78,TRX-00000320
TRX-00000321,US02079K3059,28934.04,1337.448,JPY,XNYS,2026-10-07T09:26:08.483112,549300JSX0Z4CY0V0P21,DEAL,SELL,213800LBPT1H9WO9ZL78,TRX-00000321
TRX-00000322,GB00B0MYJG27,70142.95,664.3216,USD,XFRA,2026-10-07T06:26:08.483118,549300JSX0Z4CY0V0P21,MATCH,BUY,213800LBPT1H9WO9ZL78,TRX-00000322
TRX-00000323,CH0012005267,63240.57,3139.4363,CHF,XMAD,2026-10-07T11:26:08.483122,213800LBPT1H9WO9ZL78,MATCH,SELL,213800LBPT1H9WO9ZL78,TRX-00000323
TRX-00000324,US5949181045,45470.11,2440.7344,JPY,XLON,2026-10-06T14:26:08.483127,213800LBPT1H9WO9ZL78,ANYOTC,SELL,213800LBPT1H9WO9ZL78,TRX-00000324
TRX-00000325,US5949181045,85010.77,3978.594,CHF,XPAR,2026-10-07T00:26:08.483132,5493001ZABYZPD63HV28,MATCH,SELL,213800LBPT1H9WO9ZL78,TRX-00000325
TRX-00000326,US5949181045,82834.53,1689.438,JPY,XNAS,2026-10-06T19:26:08.483137,549300JSX0Z4CY0V0P21,MATCH,BUY,213800LBPT1H9WO9ZL78,TRX-00000326
TRX-00000327,GB0002374006,9958.37,3919.6649,CHF,XLON,2026-10-07T10:26:08.483142,5493001ZABYZPD63HV28,MATCH,SELL,213800LBPT1H9WO9ZL78,TRX-00000327
TRX-00000328,GB0002374006,99183.83,2139.5687,USD,XAMS,2026-10-07T08:26:08.483147,5493006B1YHUQ7ZX5L88,DEAL,SELL,213800LBPT1H9WO9ZL78,TRX-00000328
TRX-00000329,US02079K3059,8242.97,3322.8795,USD,XLON,2026-10-07T01:26:08.483152,5493006B1YHUQ7ZX5L88,ANYOTC,BUY,213800LBPT1H9WO9ZL78,TRX-00000329
TRX-00000330,DE0007164600,65548.87,3553.9744,GBP,XPAR,2026-10-06T22:26:08.483158,213800LBPT1H9WO9ZL78,DEAL,BUY,213800LBPT1H9WO9ZL78,TRX-00000330
TRX-00000331,NL0010273215,67998.59,47.4255,EUR,XNYS,2026-10-07T00:26:08.483163,5493001ZABYZPD63HV28,MATCH,BUY,213800LBPT1H9WO9ZL78,TRX-00000331
TRX-00000332,US0378331005,38307.61,3654.0861,GBP,XNYS,2026-10-07T03:26:08.483168,5493006B1YHUQ7ZX5L88,MATCH,BUY,213800LBPT1H9WO9ZL78,TRX-00000332
TRX-00000333,DE0007164600,77346.27,3766.0358,USD,XNAS,2026-10-07T11:26:08.483173,529900D6BHCL8WQ7R898,ANYOTC,BUY,213800LBPT1H9WO9ZL78,TRX-00000333
TRX-00000334,CH0012005267,65002.37,2201.057,USD,XNAS,2026-10-07T00:26:08.483179,529900D6BHCL8WQ7R898,ANYOTC,SELL,213800LBPT1H9WO9ZL78,TRX-00000334
TRX-00000335,US0378331005,8669.72,503.2251,GBP,XMIL,2026-10-07T02:26:08.483184,549300JSX0Z4CY0V0P21,MATCH,BUY,213800LBPT1H9WO9ZL78,TRX-00000335
TRX-00000336,US0378331005,27697.49,422.1593,JPY,XAMS,2026-10-06T15:26:08.483189,213800LBPT1H9WO9ZL78,ANYOTC,SELL,213800LBPT1H9WO9ZL78,TRX-00000336
TRX-00000337,US0378331005,51775.4,2548.1033,CHF,XAMS,2026-10-06T17:26:08.483194,213800LBPT1H9WO9ZL78,DEAL,SELL,213800LBPT1H9WO9ZL78,TRX-00000337
TRX-00000338,DE0007164600,11275.25,2498.4131,JPY,XNYS,2026-10-06T21:26:08.483199,213800LBPT1H9WO9ZL78,MATCH,SELL,213800LBPT1H9WO9ZL78,TRX-00000338
TRX-00000339,GB00B0MYJG27,38684.44,4195.0275,CHF,XFRA,2026-10-06T20:26:08.483204,5493001ZABYZPD63HV28,MATCH,BUY,213800LBPT1H9WO9ZL78,TRX-00000339
TRX-00000340,GB0002374006,58736.76,69.9533,USD,XLON,2026-10-07T12:26:08.483210,549300JSX0Z4CY0V0P21,ANYOTC,SELL,213800LBPT1H9WO9ZL78,TRX-00000340
TRX-00000341,NL0010273215,76711.23,2118.4526,CHF,XNYS,2026-10-06T17:26:08.483215,529900D6BHCL8WQ7R898,ANYOTC,BUY,213800LBPT1H9WO9ZL78,TRX-00000341
TRX-00000342,US02079K3059,8360.62,396.0288,USD,XNAS,2026-10-06T20:26:08.483220,5493006B1YHUQ7ZX5L88,MATCH,BUY,213800LBPT1H9WO9ZL78,TRX-00000342
TRX-00000343,US02079K3059,69867.89,3650.0619,USD,XLON,2026-10-07T06:26:08.483225,213800LBPT1H9WO9ZL78,MATCH,BUY,213800LBPT1H9WO9ZL78,TRX-00000343
TRX-00000344,FR0000120271,61230.07,276.0881,USD,XNYS,2026-10-07T13:26:08.483230,5493001ZABYZPD63HV28,ANYOTC,BUY,213800LBPT1H9WO9ZL78,TRX-00000344
TRX-00000345,GB00B0MYJG27,49641.8,1734.1789,JPY,XAMS,2026-10-07T08:26:08.483236,5493006B1YHUQ7ZX5L88,DEAL,SELL,213800LBPT1H9WO9ZL78,TRX-00000345
TRX-00000346,GB00B03MLX29,77143.26,147.7519,CHF,XAMS,2026-10-06T21:26:08.483241,213800LBPT1H9WO9ZL78,MATCH,BUY,213800LBPT1H9WO9ZL78,TRX-00000346
TRX-00000347,FR0000120271,45520.32,1801.2594,CHF,XNAS,2026-10-07T02:26:08.483246,5493001ZABYZPD63HV28,MATCH,BUY,213800LBPT1H9WO9ZL78,TRX-00000347
TRX-00000348,CH0012005267,67412.37,577.5527,JPY,XLON,2026-10-07T12:26:08.483251,213800LBPT1H9WO9ZL78,DEAL,BUY,213800LBPT1H9WO9ZL78,TRX-00000348
TRX-00000349,FR0000120271,36398.29,4601.2125,USD,XLON,2026-10-06T20:26:08.483256,549300JSX0Z4CY0V0P21,DEAL,SELL,213800LBPT1H9WO9ZL78,TRX-00000349
TRX-00000351,GB00B0MYJG27,22319.28,2579.3549,GBP,XMIL,2026-10-07T11:26:08.483267,549300JSX0Z4CY0V0P21,MATCH,SELL,213800LBPT1H9WO9ZL78,TRX-00000351
TRX-00000352,US5949181045,8639.47,2284.2741,EUR,XPAR,2026-10-07T04:26:08.483272,529900D6BHCL8WQ7R898,MATCH,BUY,213800LBPT1H9WO9ZL78,TRX-00000352
TRX-00000353,FR0000120271,36827.99,4859.3169,USD,XPAR,2026-10-07T09:26:08.483277,213800LBPT1H9WO9ZL78,MATCH,BUY,213800LBPT1H9WO9ZL78,TRX-00000353
TRX-00000354,US0378331005,54154.98,3180.0733,GBP,XFRA,2026-10-07T13:26:08.483283,549300JSX0Z4CY0V0P21,ANYOTC,SELL,213800LBPT1H9WO9ZL78,TRX-00000354
TRX-00000355,GB00B03MLX29,20520.23,4915.5956,CHF,XMAD,2026-10-07T12:26:08.483288,5493001ZABYZPD63HV28,ANYOTC,SELL,213800LBPT1H9WO9ZL78,TRX-00000355
TRX-00000356,GB00B03MLX29,4390.98,1158.1314,JPY,XMIL,2026-10-06T15:26:08.483293,5493006B1YHUQ7ZX5L88,MATCH,BUY,213800LBPT1H9WO9ZL78,TRX-00000356
TRX-00000357,CH0012005267,9558.6,668.4357,CHF,XNYS,2026-10-06T19:26:08.483298,529900D6BHCL8WQ7R898,DEAL,SELL,213800LBPT1H9WO9ZL78,TRX-00000357
TRX-00000358,GB00B0MYJG27,23677.94,1305.6937,EUR,XMIL,2026-10-06T15:26:08.483302,5493006B1YHUQ7ZX5L88,MATCH,SELL,213800LBPT1H9WO9ZL78,TRX-00000358
TRX-00000359,US02079K3059,23361.89,4717.8299,USD,XNYS,2026-10-07T09:26:08.483307,213800LBPT1H9WO9ZL78,DEAL,SELL,213800LBPT1H9WO9ZL78,TRX-00000359
TRX-00000360,FR0000120271,31404.01,610.6085,EUR,XPAR,2026-10-06T23:26:08.483313,5493006B1YHUQ7ZX5L88,MATCH,SELL,213800LBPT1H9WO9ZL78,TRX-00000360
TRX-00000361,GB00B03MLX29,9043.0,4038.1769,EUR,XLON,2026-10-07T07:26:08.483318,5493006B1YHUQ7ZX5L88,DEAL,BUY,213800LBPT1H9WO9ZL78,TRX-00000361
TRX-00000362,US0378331005,96840.03,1981.8261,GBP,XAMS,2026-10-07T05:26:08.483324,5493001ZABYZPD63HV28,DEAL,SELL,213800LBPT1H9WO9ZL78,TRX-00000362
TRX-00000363,FR0000120271,55595.82,2751.0543,GBP,XMAD,2026-10-07T10:26:08.483329,5493001ZABYZPD63HV28,DEAL,BUY,213800LBPT1H9WO9ZL78,TRX-00000363
TRX-00000364,GB0002374006,83037.4,4912.8536,USD,XPAR,2026-10-07T01:26:08.483333,5493006B1YHUQ7ZX5L88,ANYOTC,BUY,213800LBPT1H9WO9ZL78,TRX-00000364
TRX-00000365,CH0012005267,58612.29,4587.2255,GBP,XLON,2026-10-07T11:26:08.483338,5493001ZABYZPD63HV28,ANYOTC,SELL,213800LBPT1H9WO9ZL78,TRX-00000365
TRX-00000366,GB00B0MYJG27,9198.77,4236.5299,EUR,XNYS,2026-10-07T12:26:08.483344,549300JSX0Z4CY0V0P21,DEAL,BUY,213800LBPT1H9WO9ZL78,TRX-00000366
TRX-00000367,CH0012005267,43316.2,3622.4298,CHF,XLON,2026-10-07T01:26:08.483349,549300JSX0Z4CY0V0P21,DEAL,SELL,213800LBPT1H9WO9ZL78,TRX-00000367
TRX-00000368,US0378331005,90830.51,1375.6339,CHF,XNAS,2026-10-07T12:26:08.483354,529900D6BHCL8WQ7R898,ANYOTC,BUY,213800LBPT1H9WO9ZL78,TRX-00000368
TRX-00000369,US02079K3059,49889.66,4414.0101,CHF,XLON,2026-10-07T11:26:08.483359,5493006B1YHUQ7ZX5L88,MATCH,BUY,213800LBPT1H9WO9ZL78,TRX-00000369
TRX-00000370,DE0007164600,19946.58,4423.3779,JPY,XPAR,2026-10-06T17:26:08.483365,529900D6BHCL8WQ7R898,DEAL,SELL,213800LBPT1H9WO9ZL78,TRX-00000370
TRX-00000371,US5949181045,47968.96,3907.3941,EUR,XFRA,2026-10-07T01:26:08.483370,5493006B1YHUQ7ZX5L88,DEAL,BUY,213800LBPT1H9WO9ZL78,TRX-00000371
TRX-00000372,US5949181045,59712.04,147.488,EUR,XLON,2026-10-06T22:26:08.483375,529900D6BHCL8WQ7R898,MATCH,BUY,213800LBPT1H9WO9ZL78,TRX-00000372
TRX-00000373,GB00B0MYJG27,10014.33,3284.6652,EUR,XLON,2026-10-07T06:26:08.483380,529900D6BHCL8WQ7R898,MATCH,SELL,213800LBPT1H9WO9ZL78,TRX-00000373
TRX-00000374,GB00B0MYJG27,17610.86,2963.005,EUR,XLON,2026-10-06T15:26:08.483385,5493006B1YHUQ7ZX5L88,ANYOTC,BUY,213800LBPT1H9WO9ZL78,TRX-00000374
TRX-00000375,CH0012005267,94836.9,4183.6475,CHF,XAMS,2026-10-07T08:26:08.483390,549300JSX0Z4CY0V0P21,DEAL,BUY,213800LBPT1H9WO9ZL78,TRX-00000375
TRX-00000376,GB0002374006,23263.1,1094.8259,JPY,XMAD,2026-10-07T13:26:08.483395,5493006B1YHUQ7ZX5L88,ANYOTC,BUY,213800LBPT1H9WO9ZL78,TRX-00000376
TRX-00000377,GB00B0MYJG27,34076.56,888.1219,EUR,XLON,2026-10-07T13:26:08.483400,5493001ZABYZPD63HV28,ANYOTC,BUY,213800LBPT1H9WO9ZL78,TRX-00000377
TRX-00000378,GB00B03MLX29,84648.24,4303.4867,GBP,XFRA,2026-10-06T15:26:08.483404,549300JSX0Z4CY0V0P21,ANYOTC,BUY,213800LBPT1H9WO9ZL78,TRX-00000378
TRX-00000379,US5949181045,30177.21,683.1219,USD,XMIL,2026-10-06T17:26:08.483409,549300JSX0Z4CY0V0P21,ANYOTC,SELL,213800LBPT1H9WO9ZL78,TRX-00000379
TRX-00000380,GB00B0MYJG27,70718.58,2810.3246,JPY,XFRA,2026-10-07T06:26:08.483417,529900D6BHCL8WQ7R898,DEAL,SELL,213800LBPT1H9WO9ZL78,TRX-00000380
TRX-00000381,US02079K3059,73399.76,1473.2918,USD,XLON,2026-10-06T15:26:08.483422,529900D6BHCL8WQ7R898,MATCH,BUY,213800LBPT1H9WO9ZL78,TRX-00000381
TRX-00000382,GB00B0MYJG27,60239.26,4605.27,JPY,XPAR,2026-10-06T17:26:08.483427,529900D6BHCL8WQ7R898,DEAL,SELL,213800LBPT1H9WO9ZL78,TRX-00000382
TRX-00000383,GB00B0MYJG27,33117.51,389.9554,EUR,XFRA,2026-10-07T08:26:08.483432,213800LBPT1H9WO9ZL78,ANYOTC,SELL,213800LBPT1H9WO9ZL78,TRX-00000383
TRX-00000384,FR0000120271,1140.55,1049.2117,GBP,XFRA,2026-10-07T05:26:08.483437,213800LBPT1H9WO9ZL78,ANYOTC,BUY,213800LBPT1H9WO9ZL78,TRX-00000384
TRX-00000385,GB0002374006,38594.32,3663.1899,USD,XMIL,2026-10-06T22:26:08.483442,549300JSX0Z4CY0V0P21,MATCH,SELL,213800LBPT1H9WO9ZL78,TRX-00000385
TRX-00000386,GB00B03MLX29,82880.87,3943.8612,JPY,XPAR,2026-10-07T08:26:08.483447,549300JSX0Z4CY0V0P21,DEAL,BUY,213800LBPT1H9WO9ZL78,TRX-00000386
TRX-00000387,US02079K3059,2008.78,1306.3774,GBP,XNYS,2026-10-07T03:26:08.483451,5493001ZABYZPD63HV28,MATCH,BUY,213800LBPT1H9WO9ZL78,TRX-00000387
TRX-00000388,GB00B03MLX29,54705.08,4490.7227,GBP,XFRA,2026-10-06T18:26:08.483456,529900D6BHCL8WQ7R898,MATCH,BUY,213800LBPT1H9WO9ZL78,TRX-00000388
TRX-00000389,DE0007164600,94244.28,825.821,CHF,XNAS,2026-10-07T12:26:08.483461,213800LBPT1H9WO9ZL78,MATCH,BUY,213800LBPT1H9WO9ZL78,TRX-00000389
TRX-00000390,US0378331005,40928.58,2798.7181,JPY,XAMS,2026-10-06T16:26:08.483467,5493006B1YHUQ7ZX5L88,MATCH,BUY,213800LBPT1H9WO9ZL78,TRX-00000390
TRX-00000391,GB00B03MLX29,4964.49,2859.2773,CHF,XNAS,2026-10-07T12:26:08.483472,5493006B1YHUQ7ZX5L88,DEAL,SELL,213800LBPT1H9WO9ZL78,TRX-00000391
TRX-00000392,GB00B03MLX29,29455.65,3310.4391,JPY,XMAD,2026-10-07T07:26:08.483476,213800LBPT1H9WO9ZL78,DEAL,BUY,213800LBPT1H9WO9ZL78,TRX-00000392
TRX-00000393,GB00B0MYJG27,63819.43,4885.3114,CHF,XNYS,2026-10-07T04:26:08.483481,549300JSX0Z4CY0V0P21,MATCH,SELL,213800LBPT1H9WO9ZL78,TRX-00000393
TRX-00000394,US02079K3059,9114.6,2721.086,USD,XFRA,2026-10-07T01:26:08.483486,5493006B1YHUQ7ZX5L88,DEAL,SELL,213800LBPT1H9WO9ZL78,TRX-00000394
TRX-00000395,GB0002374006,26330.33,2325.8247,USD,XAMS,2026-10-06T19:26:08.483491,213800LBPT1H9WO9ZL78,DEAL,BUY,213800LBPT1H9WO9ZL78,TRX-00000395
TRX-00000396,GB00B03MLX29,66814.45,4041.0926,CHF,XPAR,2026-10-06T20:26:08.483497,213800LBPT1H9WO9ZL78,MATCH,SELL,213800LBPT1H9WO9ZL78,TRX-00000396
TRX-00000397,NL0010273215,68707.11,4681.8708,JPY,XPAR,2026-10-06T22:26:08.483502,5493006B1YHUQ7ZX5L88,DEAL,SELL,213800LBPT1H9WO9ZL78,TRX-00000397
TRX-00000398,GB0002374006,50210.64,4502.3749,JPY,XNAS,2026-10-07T10:26:08.483508,549300JSX0Z4CY0V0P21,DEAL,BUY,213800LBPT1H9WO9ZL78,TRX-00000398
TRX-00000399,US0378331005,80846.26,631.8038,CHF,XNYS,2026-10-06T16:26:08.483514,549300JSX0Z4CY0V0P21,DEAL,BUY,213800LBPT1H9WO9ZL78,TRX-00000399
TRX-00000401,US02079K3059,51969.3,4585.8924,GBP,XMIL,2026-10-07T10:26:08.483525,549300JSX0Z4CY0V0P21,DEAL,BUY,213800LBPT1H9WO9ZL78,TRX-00000401
TRX-00000402,CH0012005267,58793.83,3792.1286,GBP,XNYS,2026-10-06T19:26:08.483530,213800LBPT1H9WO9ZL78,MATCH,SELL,213800LBPT1H9WO9ZL78,TRX-00000402
TRX-00000403,DE0007164600,26414.4,3274.2836,JPY,XMAD,2026-10-07T12:26:08.483535,5493001ZABYZPD63HV28,MATCH,SELL,213800LBPT1H9WO9ZL78,TRX-00000403
TRX-00000404,GB00B0MYJG27,61824.83,3404.3835,CHF,XLON,2026-10-07T01:26:08.483540,5493006B1YHUQ7ZX5L88,ANYOTC,BUY,213800LBPT1H9WO9ZL78,TRX-00000404
TRX-00000405,GB0002374006,74575.24,4604.2541,EUR,XLON,2026-10-07T03:26:08.483545,5493006B1YHUQ7ZX5L88,MATCH,SELL,213800LBPT1H9WO9ZL78,TRX-00000405
TRX-00000406,FR0000120271,85823.62,3424.5753,USD,XNAS,2026-10-07T04:26:08.483550,549300JSX0Z4CY0V0P21,MATCH,SELL,213800LBPT1H9WO9ZL78,TRX-00000406
TRX-00000407,DE0007164600,60498.31,447.345,CHF,XPAR,2026-10-07T00:26:08.483555,549300JSX0Z4CY0V0P21,ANYOTC,SELL,213800LBPT1H9WO9ZL78,TRX-00000407
TRX-00000408,GB0002374006,51527.45,795.7032,EUR,XMIL,2026-10-07T09:26:08.483565,529900D6BHCL8WQ7R898,ANYOTC,BUY,213800LBPT1H9WO9ZL78,TRX-00000408
TRX-00000409,GB00B0MYJG27,19277.15,4164.8167,GBP,XPAR,2026-10-07T12:26:08.483570,549300JSX0Z4CY0V0P21,DEAL,SELL,213800LBPT1H9WO9ZL78,TRX-00000409
TRX-00000410,US0378331005,27398.48,4117.708,JPY,XMIL,2026-10-06T17:26:08.483576,213800LBPT1H9WO9ZL78,ANYOTC,BUY,213800LBPT1H9WO9ZL78,TRX-00000410
TRX-00000411,US0378331005,37247.3,2970.6239,USD,XMAD,2026-10-06T19:26:08.483581,529900D6BHCL8WQ7R898,MATCH,SELL,213800LBPT1H9WO9ZL78,TRX-00000411
TRX-00000412,GB00B0MYJG27,83765.54,1294.041,GBP,XAMS,2026-10-07T13:26:08.483586,549300JSX0Z4CY0V0P21,DEAL,BUY,213800LBPT1H9WO9ZL78,TRX-00000412
TRX-00000413,CH0012005267,77983.23,1072.3786,USD,XPAR,2026-10-06T16:26:08.483591,5493001ZABYZPD63HV28,MATCH,SELL,213800LBPT1H9WO9ZL78,TRX-00000413
TRX-00000414,NL0010273215,2006.22,3901.738,GBP,XMAD,2026-10-07T09:26:08.483596,5493001ZABYZPD63HV28,ANYOTC,BUY,213800LBPT1H9WO9ZL78,TRX-00000414
TRX-00000415,US0378331005,25239.79,4025.6228,EUR,XAMS,2026-10-07T00:26:08.483601,549300JSX0Z4CY0V0P21,MATCH,SELL,213800LBPT1H9WO9ZL78,TRX-00000415
TRX-00000416,US02079K3059,21821.69,1511.4233,JPY,XMIL,2026-10-06T19:26:08.483606,213800LBPT1H9WO9ZL78,DEAL,SELL,213800LBPT1H9WO9ZL78,TRX-00000416
TRX-00000417,NL0010273215,64734.56,3045.6415,EUR,XNYS,2026-10-06T22:26:08.483611,213800LBPT1H9WO9ZL78,MATCH,SELL,213800LBPT1H9WO9ZL78,TRX-00000417
TRX-00000418,US5949181045,86149.3,1306.4734,EUR,XPAR,2026-10-07T09:26:08.483617,529900D6BHCL8WQ7R898,DEAL,BUY,213800LBPT1H9WO9ZL78,TRX-00000418
TRX-00000419,CH0012005267,40410.44,1598.6091,USD,XLON,2026-10-06T17:26:08.483623,549300JSX0Z4CY0V0P21,MATCH,SELL,213800LBPT1H9WO9ZL78,TRX-00000419
TRX-00000420,DE0007164600,40460.48,3720.7629,JPY,XPAR,2026-10-07T03:26:08.483629,5493001ZABYZPD63HV28,ANYOTC,SELL,213800LBPT1H9WO9ZL78,TRX-00000420
TRX-00000421,US5949181045,50731.98,4227.2508,JPY,XNAS,2026-10-07T04:26:08.483634,213800LBPT1H9WO9ZL78,MATCH,BUY,213800LBPT1H9WO9ZL78,TRX-00000421
TRX-00000422,US02079K3059,72518.94,2795.5992,USD,XFRA,2026-10-06T17:26:08.483639,213800LBPT1H9WO9ZL78,DEAL,SELL,213800LBPT1H9WO9ZL78,TRX-00000422
TRX-00000423,US0378331005,74421.25,1536.1193,EUR,XFRA,2026-10-07T05:26:08.483644,529900D6BHCL8WQ7R898,MATCH,SELL,213800LBPT1H9WO9ZL78,TRX-00000423
TRX-00000424,GB00B03MLX29,47054.19,4332.1005,JPY,XNYS,2026-10-06T22:26:08.483648,5493001ZABYZPD63HV28,ANYOTC,BUY,213800LBPT1H9WO9ZL78,TRX-00000424
TRX-00000425,DE0007164600,52984.32,2066.1232,USD,XNAS,2026-10-07T07:26:08.483653,5493006B1YHUQ7ZX5L88,MATCH,SELL,213800LBPT1H9WO9ZL78,TRX-00000425
TRX-00000426,GB00B0MYJG27,31639.03,3578.6266,GBP,XMAD,2026-10-07T03:26:08.483658,5493001ZABYZPD63HV28,MATCH,BUY,213800LBPT1H9WO9ZL78,TRX-00000426
TRX-00000427,GB0002374006,45205.87,1047.7025,USD,XNAS,2026-10-06T22:26:08.483663,213800LBPT1H9WO9ZL78,DEAL,SELL,213800LBPT1H9WO9ZL78,TRX-00000427
TRX-00000428,DE0007164600,40339.94,4826.6739,CHF,XLON,2026-10-07T12:26:08.483668,529900D6BHCL8WQ7R898,DEAL,SELL,213800LBPT1H9WO9ZL78,TRX-00000428
TRX-00000429,GB0002374006,89200.75,3784.4818,JPY,XPAR,2026-10-07T13:26:08.483673,213800LBPT1H9WO9ZL78,ANYOTC,BUY,213800LBPT1H9WO9ZL78,TRX-00000429
TRX-00000430,US0378331005,69352.78,1722.4045,USD,XNYS,2026-10-07T01:26:08.483680,529900D6BHCL8WQ7R898,ANYOTC,SELL,213800LBPT1H9WO9ZL78,TRX-00000430
TRX-00000431,GB00B0MYJG27,6529.64,229.546,EUR,XMAD,2026-10-06T14:26:08.483685,529900D6BHCL8WQ7R898,ANYOTC,SELL,213800LBPT1H9WO9ZL78,TRX-00000431
TRX-00000432,DE0007164600,88797.52,4977.3666,EUR,XMAD,2026-10-07T02:26:08.483690,5493001ZABYZPD63HV28,DEAL,SELL,213800LBPT1H9WO9ZL78,TRX-00000432
TRX-00000433,GB0002374006,22842.6,3636.117,USD,XPAR,2026-10-06T14:26:08.483695,213800LBPT1H9WO9ZL78,ANYOTC,BUY,213800LBPT1H9WO9ZL78,TRX-00000433
TRX-00000434,GB00B03MLX29,36659.78,3253.0514,GBP,XMIL,2026-10-06T17:26:08.483700,5493006B1YHUQ7ZX5L88,ANYOTC,BUY,213800LBPT1H9WO9ZL78,TRX-00000434
TRX-00000435,CH0012005267,99468.03,3310.1876,GBP,XLON,2026-10-06T15:26:08.483705,213800LBPT1H9WO9ZL78,MATCH,SELL,213800LBPT1H9WO9ZL78,TRX-00000435
TRX-00000436,DE0007164600,12360.38,1264.4387,USD,XPAR,2026-10-06T15:26:08.483709,213800LBPT1H9WO9ZL78,MATCH,SELL,213800LBPT1H9WO9ZL78,TRX-00000436
TRX-00000437,GB00B03MLX29,66248.63,1350.6158,JPY,XNAS,2026-10-07T00:26:08.483714,213800LBPT1H9WO9ZL78,ANYOTC,BUY,213800LBPT1H9WO9ZL78,TRX-00000437
TRX-00000438,US02079K3059,11402.14,532.2123,USD,XPAR,2026-10-07T05:26:08.483727,529900D6BHCL8WQ7R898,DEAL,SELL,213800LBPT1H9WO9ZL78,TRX-00000438
TRX-00000439,DE0007164600,29535.82,197.9891,CHF,XPAR,2026-10-06T15:26:08.483732,549300JSX0Z4CY0V0P21,MATCH,BUY,213800LBPT1H9WO9ZL78,TRX-00000439
TRX-00000440,GB0002374006,1275.93,445.9252,GBP,XMAD,2026-10-07T09:26:08.483739,213800LBPT1H9WO9ZL78,ANYOTC,BUY,213800LBPT1H9WO9ZL78,TRX-00000440
TRX-00000441,GB00B03MLX29,90478.03,3222.0396,CHF,XAMS,2026-10-07T05:26:08.483744,549300JSX0Z4CY0V0P21,DEAL,BUY,213800LBPT1H9WO9ZL78,TRX-00000441
TRX-00000442,GB00B0MYJG27,87414.17,4261.3912,EUR,XFRA,2026-10-07T00:26:08.483749,213800LBPT1H9WO9ZL78,DEAL,BUY,213800LBPT1H9WO9ZL78,TRX-00000442
TRX-00000443,GB0002374006,85200.02,3317.1118,USD,XFRA,2026-10-07T02:26:08.483754,549300JSX0Z4CY0V0P21,ANYOTC,SELL,213800LBPT1H9WO9ZL78,TRX-00000443
TRX-00000444,GB00B03MLX29,37262.84,1714.2709,GBP,XMIL,2026-10-07T01:26:08.483759,549300JSX0Z4CY0V0P21,MATCH,SELL,213800LBPT1H9WO9ZL78,TRX-00000444
TRX-00000445,FR0000120271,79990.11,3244.5836,USD,XNYS,2026-10-07T09:26:08.483764,213800LBPT1H9WO9ZL78,DEAL,BUY,213800LBPT1H9WO9ZL78,TRX-00000445
TRX-00000446,DE0007164600,91122.76,2413.8916,JPY,XMAD,2026-10-07T08:26:08.483769,529900D6BHCL8WQ7R898,MATCH,SELL,213800LBPT1H9WO9ZL78,TRX-00000446
TRX-00000447,CH0012005267,2882.59,3422.6362,USD,XMAD,2026-10-06T22:26:08.483775,213800LBPT1H9WO9ZL78,MATCH,SELL,213800LBPT1H9WO9ZL78,TRX-00000447
TRX-00000448,GB0002374006,6334.54,3275.2129,GBP,XPAR,2026-10-06T16:26:08.483780,5493006B1YHUQ7ZX5L88,ANYOTC,BUY,213800LBPT1H9WO9ZL78,TRX-00000448
TRX-00000449,DE0007164600,66171.66,1243.6364,EUR,XMIL,2026-10-07T09:26:08.483785,529900D6BHCL8WQ7R898,ANYOTC,BUY,213800LBPT1H9WO9ZL78,TRX-00000449
TRX-00000451,US0378331005,33090.15,1391.5075,JPY,XPAR,2026-10-06T20:26:08.483797,549300JSX0Z4CY0V0P21,MATCH,BUY,213800LBPT1H9WO9ZL78,TRX-00000451
TRX-00000452,GB00B03MLX29,45910.0,4006.5052,CHF,XNYS,2026-10-06T22:26:08.483802,549300JSX0Z4CY0V0P21,MATCH,BUY,213800LBPT1H9WO9ZL78,TRX-00000452
TRX-00000453,FR0000120271,74524.15,89.8279,CHF,XMIL,2026-10-07T12:26:08.483807,529900D6BHCL8WQ7R898,ANYOTC,BUY,213800LBPT1H9WO9ZL78,TRX-00000453
TRX-00000454,GB00B03MLX29,79178.54,4815.8931,EUR,XPAR,2026-10-06T17:26:08.483812,549300JSX0Z4CY0V0P21,MATCH,SELL,213800LBPT1H9WO9ZL78,TRX-00000454
TRX-00000455,GB0002374006,81659.05,4221.7429,EUR,XMAD,2026-10-06T15:26:08.483816,5493006B1YHUQ7ZX5L88,ANYOTC,SELL,213800LBPT1H9WO9ZL78,TRX-00000455
TRX-00000456,GB00B03MLX29,9744.6,3294.8924,GBP,XFRA,2026-10-07T02:26:08.483821,5493006B1YHUQ7ZX5L88,ANYOTC,SELL,213800LBPT1H9WO9ZL78,TRX-00000456
TRX-00000457,GB00B03MLX29,4578.77,821.6127,USD,XMIL,2026-10-07T10:26:08.483826,5493006B1YHUQ7ZX5L88,ANYOTC,BUY,213800LBPT1H9WO9ZL78,TRX-00000457
TRX-00000458,US0378331005,12075.46,4261.1197,USD,XMAD,2026-10-07T07:26:08.483831,5493006B1YHUQ7ZX5L88,DEAL,SELL,213800LBPT1H9WO9ZL78,TRX-00000458
TRX-00000459,GB0002374006,92662.73,4187.4937,JPY,XNYS,2026-10-06T23:26:08.483836,549300JSX0Z4CY0V0P21,ANYOTC,BUY,213800LBPT1H9WO9ZL78,TRX-00000459
TRX-00000460,FR0000120271,434.76,3681.3334,JPY,XMIL,2026-10-06T19:26:08.483842,549300JSX0Z4CY0V0P21,ANYOTC,BUY,213800LBPT1H9WO9ZL78,TRX-00000460
TRX-00000461,CH0012005267,17365.85,4076.4055,GBP,XMIL,2026-10-06T16:26:08.483847,529900D6BHCL8WQ7R898,ANYOTC,SELL,213800LBPT1H9WO9ZL78,TRX-00000461
TRX-00000462,NL0010273215,88139.18,2093.9051,JPY,XPAR,2026-10-07T05:26:08.483854,549300JSX0Z4CY0V0P21,MATCH,SELL,213800LBPT1H9WO9ZL78,TRX-00000462
TRX-00000463,FR0000120271,80479.88,691.7618,JPY,XAMS,2026-10-06T15:26:08.483859,529900D6BHCL8WQ7R898,MATCH,BUY,213800LBPT1H9WO9ZL78,TRX-00000463
TRX-00000464,US0378331005,20972.06,3572.2083,EUR,XNAS,2026-10-06T15:26:08.483864,5493001ZABYZPD63HV28,ANYOTC,SELL,213800LBPT1H9WO9ZL78,TRX-00000464
TRX-00000465,GB00B03MLX29,76077.74,2811.8388,JPY,XMIL,2026-10-06T16:26:08.483869,529900D6BHCL8WQ7R898,MATCH,SELL,213800LBPT1H9WO9ZL78,TRX-00000465
TRX-00000466,GB0002374006,52273.48,127.3354,USD,XLON,2026-10-06T16:26:08.483874,213800LBPT1H9WO9ZL78,DEAL,SELL,213800LBPT1H9WO9ZL78,TRX-00000466
TRX-00000467,GB00B0MYJG27,98353.26,3417.2683,USD,XLON,2026-10-06T15:26:08.483879,5493006B1YHUQ7ZX5L88,DEAL,BUY,213800LBPT1H9WO9ZL78,TRX-00000467
TRX-00000468,US5949181045,81402.81,513.2976,JPY,XPAR,2026-10-06T14:26:08.483883,529900D6BHCL8WQ7R898,MATCH,BUY,213800LBPT1H9WO9ZL78,TRX-00000468
TRX-00000469,NL0010273215,78430.93,3994.3099,EUR,XLON,2026-10-07T01:26:08.483888,549300JSX0Z4CY0V0P21,MATCH,SELL,213800LBPT1H9WO9ZL78,TRX-00000469
TRX-00000470,NL0010273215,5381.17,3718.6062,USD,XMAD,2026-10-07T06:26:08.483896,5493006B1YHUQ7ZX5L88,ANYOTC,BUY,213800LBPT1H9WO9ZL78,TRX-00000470
TRX-00000471,US0378331005,29418.48,887.9521,GBP,XNAS,2026-10-07T08:26:08.483901,529900D6BHCL8WQ7R898,DEAL,SELL,213800LBPT1H9WO9ZL78,TRX-00000471
TRX-00000472,GB0002374006,42851.35,2783.4365,USD,XNAS,2026-10-06T19:26:08.483906,5493006B1YHUQ7ZX5L88,DEAL,SELL,213800LBPT1H9WO9ZL78,TRX-00000472
TRX-00000473,FR0000120271,70969.22,774.8737,USD,XFRA,2026-10-06T18:26:08.483911,213800LBPT1H9WO9ZL78,ANYOTC,SELL,213800LBPT1H9WO9ZL78,TRX-00000473
TRX-00000474,FR0000120271,78991.03,2751.2507,GBP,XFRA,2026-10-06T21:26:08.483916,5493001ZABYZPD63HV28,DEAL,BUY,213800LBPT1H9WO9ZL78,TRX-00000474
TRX-00000475,NL0010273215,15937.89,2715.8577,CHF,XNYS,2026-10-07T02:26:08.483921,5493001ZABYZPD63HV28,DEAL,SELL,213800LBPT1H9WO9ZL78,TRX-00000475
TRX-00000476,US5949181045,36080.42,1093.008,JPY,XMAD,2026-10-06T20:26:08.483926,213800LBPT1H9WO9ZL78,DEAL,SELL,213800LBPT1H9WO9ZL78,TRX-00000476
TRX-00000477,FR0000120271,24035.55,3211.6795,JPY,XPAR,2026-10-07T12:26:08.483931,5493006B1YHUQ7ZX5L88,MATCH,BUY,213800LBPT1H9WO9ZL78,TRX-00000477
TRX-00000478,DE0007164600,25659.8,3620.1541,GBP,XFRA,2026-10-06T21:26:08.483936,529900D6BHCL8WQ7R898,MATCH,SELL,213800LBPT1H9WO9ZL78,TRX-00000478
TRX-00000479,GB0002374006,29644.1,3257.9895,EUR,XNYS,2026-10-07T10:26:08.483941,5493001ZABYZPD63HV28,ANYOTC,BUY,213800LBPT1H9WO9ZL78,TRX-00000479
TRX-00000480,GB00B03MLX29,21078.94,3179.4223,USD,XMIL,2026-10-07T10:26:08.483947,5493001ZABYZPD63HV28,ANYOTC,SELL,213800LBPT1H9WO9ZL78,TRX-00000480
TRX-00000481,GB00B03MLX29,74689.34,769.6191,CHF,XFRA,2026-10-07T12:26:08.483954,213800LBPT1H9WO9ZL78,DEAL,BUY,213800LBPT1H9WO9ZL78,TRX-00000481
TRX-00000482,GB00B0MYJG27,79421.68,2790.8629,JPY,XPAR,2026-10-07T05:26:08.483959,549300JSX0Z4CY0V0P21,MATCH,SELL,213800LBPT1H9WO9ZL78,TRX-00000482
TRX-00000483,DE0007164600,43303.07,85.438,GBP,XLON,2026-10-06T17:26:08.483964,529900D6BHCL8WQ7R898,DEAL,BUY,213800LBPT1H9WO9ZL78,TRX-00000483
TRX-00000484,GB00B03MLX29,35770.66,2514.6819,EUR,XAMS,2026-10-06T18:26:08.483968,213800LBPT1H9WO9ZL78,MATCH,SELL,213800LBPT1H9WO9ZL78,TRX-00000484
TRX-00000485,DE0007164600,39511.93,3303.9551,CHF,XNAS,2026-10-06T20:26:08.483973,5493001ZABYZPD63HV28,DEAL,SELL,213800LBPT1H9WO9ZL78,TRX-00000485
TRX-00000486,NL0010273215,29498.55,3170.5943,EUR,XFRA,2026-10-07T13:26:08.483978,529900D6BHCL8WQ7R898,ANYOTC,BUY,213800LBPT1H9WO9ZL78,TRX-00000486
TRX-00000487,GB00B03MLX29,4178.27,2864.0203,CHF,XNYS,2026-10-07T04:26:08.483983,5493001ZABYZPD63HV28,ANYOTC,SELL,213800LBPT1H9WO9ZL78,TRX-00000487
TRX-00000488,US0378331005,41266.04,3230.0116,JPY,XNAS,2026-10-07T08:26:08.483988,5493001ZABYZPD63HV28,DEAL,SELL,213800LBPT1H9WO9ZL78,TRX-00000488
TRX-00000489,US0378331005,11463.14,3355.2186,JPY,XLON,2026-10-06T20:26:08.483993,549300JSX0Z4CY0V0P21,ANYOTC,BUY,213800LBPT1H9WO9ZL78,TRX-00000489
TRX-00000490,US02079K3059,67168.85,1254.1874,USD,XMAD,2026-10-07T03:26:08.484000,5493006B1YHUQ7ZX5L88,DEAL,BUY,213800LBPT1H9WO9ZL78,TRX-00000490
TRX-00000491,GB00B03MLX29,28514.43,349.9746,USD,XFRA,2026-10-06T22:26:08.484004,549300JSX0Z4CY0V0P21,MATCH,SELL,213800LBPT1H9WO9ZL78,TRX-00000491
TRX-00000492,CH0012005267,15240.34,2834.7426,EUR,XMIL,2026-10-07T08:26:08.484009,213800LBPT1H9WO9ZL78,MATCH,BUY,213800LBPT1H9WO9ZL78,TRX-00000492
TRX-00000493,US0378331005,71220.2,3204.5519,EUR,XFRA,2026-10-07T09:26:08.484014,5493006B1YHUQ7ZX5L88,MATCH,SELL,213800LBPT1H9WO9ZL78,TRX-00000493
TRX-00000494,FR0000120271,35874.8,1528.0535,JPY,XNYS,2026-10-07T08:26:08.484020,529900D6BHCL8WQ7R898,DEAL,SELL,213800LBPT1H9WO9ZL78,TRX-00000494
TRX-00000495,GB00B0MYJG27,89129.81,982.9632,GBP,XNYS,2026-10-07T13:26:08.484025,529900D6BHCL8WQ7R898,ANYOTC,BUY,213800LBPT1H9WO9ZL78,TRX-00000495
TRX-00000496,CH0012005267,57890.5,3846.2321,USD,XLON,2026-10-06T20:26:08.484030,5493006B1YHUQ7ZX5L88,ANYOTC,SELL,213800LBPT1H9WO9ZL78,TRX-00000496
TRX-00000497,GB00B0MYJG27,36582.5,1117.3099,JPY,XAMS,2026-10-07T09:26:08.484035,549300JSX0Z4CY0V0P21,ANYOTC,BUY,213800LBPT1H9WO9ZL78,TRX-00000497
TRX-00000498,DE0007164600,36387.19,53.9478,USD,XNAS,2026-10-06T21:26:08.484041,5493001ZABYZPD63HV28,MATCH,BUY,213800LBPT1H9WO9ZL78,TRX-00000498
TRX-00000499,GB00B0MYJG27,56636.16,2829.4969,USD,XMAD,2026-10-07T02:26:08.484047,213800LBPT1H9WO9ZL78,DEAL,SELL,213800LBPT1H9WO9ZL78,TRX-00000499
TRX-00000501,FR0000120271,88155.32,200.4836,EUR,XNYS,2026-10-06T15:26:08.484059,529900D6BHCL8WQ7R898,ANYOTC,SELL,213800LBPT1H9WO9ZL78,TRX-00000501
TRX-00000502,US02079K3059,57863.56,2851.2306,CHF,XMIL,2026-10-07T02:26:08.484064,529900D6BHCL8WQ7R898,ANYOTC,BUY,213800LBPT1H9WO9ZL78,TRX-00000502
TRX-00000503,NL0010273215,25159.39,4863.3979,USD,XMIL,2026-10-07T02:26:08.484069,5493006B1YHUQ7ZX5L88,MATCH,SELL,213800LBPT1H9WO9ZL78,TRX-00000503
TRX-00000504,CH0012005267,660.76,4410.2892,CHF,XNAS,2026-10-07T06:26:08.484074,213800LBPT1H9WO9ZL78,ANYOTC,SELL,213800LBPT1H9WO9ZL78,TRX-00000504
TRX-00000505,US0378331005,15024.89,787.6294,JPY,XNYS,2026-10-06T16:26:08.484078,5493001ZABYZPD63HV28,MATCH,SELL,213800LBPT1H9WO9ZL78,TRX-00000505
TRX-00000506,GB00B03MLX29,48152.18,2394.5944,USD,XNAS,2026-10-06T17:26:08.484112,549300JSX0Z4CY0V0P21,DEAL,BUY,213800LBPT1H9WO9ZL78,TRX-00000506
TRX-00000507,GB0002374006,12789.38,2962.146,USD,XLON,2026-10-06T19:26:08.484117,5493001ZABYZPD63HV28,DEAL,BUY,213800LBPT1H9WO9ZL78,TRX-00000507
TRX-00000508,US02079K3059,92244.76,2583.6868,CHF,XLON,2026-10-06T14:26:08.484122,5493006B1YHUQ7ZX5L88,DEAL,BUY,213800LBPT1H9WO9ZL78,TRX-00000508
TRX-00000509,FR0000120271,60652.98,2357.5959,CHF,XNAS,2026-10-07T06:26:08.484127,549300JSX0Z4CY0V0P21,ANYOTC,BUY,213800LBPT1H9WO9ZL78,TRX-00000509
TRX-00000510,CH0012005267,82045.5,919.3413,JPY,XAMS,2026-10-07T08:26:08.484133,5493006B1YHUQ7ZX5L88,MATCH,BUY,213800LBPT1H9WO9ZL78,TRX-00000510
TRX-00000511,US0378331005,37821.76,661.9338,GBP,XPAR,2026-10-06T21:26:08.484138,529900D6BHCL8WQ7R898,ANYOTC,SELL,213800LBPT1H9WO9ZL78,TRX-00000511
TRX-00000512,GB00B0MYJG27,60551.5,887.9335,JPY,XLON,2026-10-06T20:26:08.484143,529900D6BHCL8WQ7R898,DEAL,BUY,213800LBPT1H9WO9ZL78,TRX-00000512
TRX-00000513,FR0000120271,65939.6,4510.0218,JPY,XLON,2026-10-06T16:26:08.484148,549300JSX0Z4CY0V0P21,ANYOTC,SELL,213800LBPT1H9WO9ZL78,TRX-00000513
TRX-00000514,US5949181045,87482.56,3488.5164,CHF,XPAR,2026-10-06T22:26:08.484153,549300JSX0Z4CY0V0P21,MATCH,BUY,213800LBPT1H9WO9ZL78,TRX-00000514
TRX-00000515,DE0007164600,13389.18,2386.229,USD,XNYS,2026-10-07T04:26:08.484158,529900D6BHCL8WQ7R898,ANYOTC,SELL,213800LBPT1H9WO9ZL78,TRX-00000515
TRX-00000516,US02079K3059,18902.91,3546.035,GBP,XNYS,2026-10-06T21:26:08.484163,213800LBPT1H9WO9ZL78,MATCH,BUY,213800LBPT1H9WO9ZL78,TRX-00000516
TRX-00000517,US5949181045,40885.1,533.8095,CHF,XAMS,2026-10-07T05:26:08.484168,529900D6BHCL8WQ7R898,MATCH,SELL,213800LBPT1H9WO9ZL78,TRX-00000517
TRX-00000518,CH0012005267,27556.78,3403.3479,USD,XMIL,2026-10-06T20:26:08.484172,529900D6BHCL8WQ7R898,MATCH,BUY,213800LBPT1H9WO9ZL78,TRX-00000518
TRX-00000519,US5949181045,55909.82,2419.317,EUR,XFRA,2026-10-06T15:26:08.484177,549300JSX0Z4CY0V0P21,ANYOTC,BUY,213800LBPT1H9WO9ZL78,TRX-00000519
TRX-00000520,GB00B03MLX29,74781.67,2233.5278,USD,XNYS,2026-10-07T07:26:08.484184,529900D6BHCL8WQ7R898,MATCH,SELL,213800LBPT1H9WO9ZL78,TRX-00000520
TRX-00000521,NL0010273215,61402.92,3423.1377,GBP,XNAS,2026-10-07T01:26:08.484189,213800LBPT1H9WO9ZL78,DEAL,BUY,213800LBPT1H9WO9ZL78,TRX-00000521
TRX-00000522,FR0000120271,92586.25,2177.4518,GBP,XAMS,2026-10-07T06:26:08.484193,5493006B1YHUQ7ZX5L88,DEAL,BUY,213800LBPT1H9WO9ZL78,TRX-00000522
TRX-00000523,DE0007164600,93068.57,2003.8236,JPY,XAMS,2026-10-06T15:26:08.484198,529900D6BHCL8WQ7R898,DEAL,BUY,213800LBPT1H9WO9ZL78,TRX-00000523
TRX-00000524,FR0000120271,43897.77,1009.3345,JPY,XAMS,2026-10-07T07:26:08.484203,213800LBPT1H9WO9ZL78,ANYOTC,BUY,213800LBPT1H9WO9ZL78,TRX-00000524
TRX-00000525,CH0012005267,16949.12,181.2696,USD,XLON,2026-10-07T08:26:08.484208,213800LBPT1H9WO9ZL78,MATCH,SELL,213800LBPT1H9WO9ZL78,TRX-00000525
TRX-00000526,US5949181045,66966.53,2027.8494,USD,XLON,2026-10-06T14:26:08.484215,213800LBPT1H9WO9ZL78,DEAL,SELL,213800LBPT1H9WO9ZL78,TRX-00000526
TRX-00000527,NL0010273215,91500.98,1741.1281,EUR,XPAR,2026-10-06T18:26:08.484220,5493001ZABYZPD63HV28,MATCH,SELL,213800LBPT1H9WO9ZL78,TRX-00000527
TRX-00000528,CH0012005267,466.14,875.9989,JPY,XNYS,2026-10-06T20:26:08.484224,213800LBPT1H9WO9ZL78,ANYOTC,SELL,213800LBPT1H9WO9ZL78,TRX-00000528
TRX-00000529,US5949181045,94701.6,4014.9083,EUR,XAMS,2026-10-06T15:26:08.484229,549300JSX0Z4CY0V0P21,MATCH,SELL,213800LBPT1H9WO9ZL78,TRX-00000529
TRX-00000530,US0378331005,75747.57,4806.2324,CHF,XMAD,2026-10-06T19:26:08.484235,213800LBPT1H9WO9ZL78,MATCH,BUY,213800LBPT1H9WO9ZL78,TRX-00000530
TRX-00000531,US02079K3059,6756.36,3168.6753,USD,XPAR,2026-10-07T03:26:08.484240,549300JSX0Z4CY0V0P21,MATCH,BUY,213800LBPT1H9WO9ZL78,TRX-00000531
TRX-00000532,US02079K3059,24826.51,465.9541,EUR,XNYS,2026-10-06T20:26:08.484245,5493001ZABYZPD63HV28,MATCH,SELL,213800LBPT1H9WO9ZL78,TRX-00000532
TRX-00000533,US5949181045,21857.39,2868.9894,USD,XPAR,2026-10-06T22:26:08.484250,5493001ZABYZPD63HV28,DEAL,BUY,213800LBPT1H9WO9ZL78,TRX-00000533
TRX-00000534,US02079K3059,20678.66,1014.63,USD,XFRA,2026-10-07T09:26:08.484255,213800LBPT1H9WO9ZL78,DEAL,BUY,213800LBPT1H9WO9ZL78,TRX-00000534
TRX-00000535,FR0000120271,61383.08,3821.4568,JPY,XLON,2026-10-06T22:26:08.484260,5493006B1YHUQ7ZX5L88,ANYOTC,SELL,213800LBPT1H9WO9ZL78,TRX-00000535
TRX-00000536,FR0000120271,89812.22,4405.0553,JPY,XAMS,2026-10-06T22:26:08.484264,5493001ZABYZPD63HV28,ANYOTC,SELL,213800LBPT1H9WO9ZL78,TRX-00000536
TRX-00000537,DE0007164600,22210.06,2883.7493,GBP,XMIL,2026-10-06T22:26:08.484269,529900D6BHCL8WQ7R898,DEAL,SELL,213800LBPT1H9WO9ZL78,TRX-00000537
TRX-00000538,DE0007164600,86040.15,3879.7439,CHF,XNYS,2026-10-06T15:26:08.484274,529900D6BHCL8WQ7R898,MATCH,SELL,213800LBPT1H9WO9ZL78,TRX-00000538
TRX-00000539,GB0002374006,1182.99,1054.5512,JPY,XNYS,2026-10-07T03:26:08.484278,5493006B1YHUQ7ZX5L88,ANYOTC,SELL,213800LBPT1H9WO9ZL78,TRX-00000539
TRX-00000540,GB00B0MYJG27,54856.79,1198.3232,CHF,XFRA,2026-10-07T02:26:08.484285,5493001ZABYZPD63HV28,MATCH,SELL,213800LBPT1H9WO9ZL78,TRX-00000540
TRX-00000541,US0378331005,41909.88,3761.2266,EUR,XMIL,2026-10-07T05:26:08.484289,549300JSX0Z4CY0V0P21,DEAL,BUY,213800LBPT1H9WO9ZL78,TRX-00000541
TRX-00000542,CH0012005267,68601.51,4071.1391,EUR,XPAR,2026-10-06T20:26:08.484294,549300JSX0Z4CY0V0P21,MATCH,BUY,213800LBPT1H9WO9ZL78,TRX-00000542
TRX-00000543,GB00B0MYJG27,80003.95,3692.9715,CHF,XLON,2026-10-07T08:26:08.484299,549300JSX0Z4CY0V0P21,MATCH,BUY,213800LBPT1H9WO9ZL78,TRX-00000543
TRX-00000544,NL0010273215,53398.72,1579.3205,CHF,XAMS,2026-10-07T05:26:08.484304,529900D6BHCL8WQ7R898,ANYOTC,BUY,213800LBPT1H9WO9ZL78,TRX-00000544
TRX-00000545,DE0007164600,9898.38,817.5461,USD,XAMS,2026-10-06T22:26:08.484310,213800LBPT1H9WO9ZL78,MATCH,SELL,213800LBPT1H9WO9ZL78,TRX-00000545
TRX-00000546,US02079K3059,36096.84,2802.1898,EUR,XFRA,2026-10-07T13:26:08.484315,549300JSX0Z4CY0V0P21,DEAL,SELL,213800LBPT1H9WO9ZL78,TRX-00000546
TRX-00000547,CH0012005267,19896.61,2879.8964,JPY,XNAS,2026-10-07T04:26:08.484320,5493006B1YHUQ7ZX5L88,MATCH,SELL,213800LBPT1H9WO9ZL78,TRX-00000547
TRX-00000548,FR0000120271,88963.36,1905.9739,EUR,XMAD,2026-10-06T17:26:08.484325,5493001ZABYZPD63HV28,DEAL,SELL,213800LBPT1H9WO9ZL78,TRX-00000548
TRX-00000549,DE0007164600,63127.71,2858.6162,GBP,XNYS,2026-10-07T08:26:08.484331,5493006B1YHUQ7ZX5L88,DEAL,SELL,213800LBPT1H9WO9ZL78,TRX-00000549
TRX-00000551,DE0007164600,16732.64,4271.205,USD,XPAR,2026-10-06T16:26:08.484342,5493006B1YHUQ7ZX5L88,ANYOTC,BUY,213800LBPT1H9WO9ZL78,TRX-00000551
TRX-00000552,US0378331005,16691.88,515.9436,GBP,XMAD,2026-10-06T20:26:08.484347,213800LBPT1H9WO9ZL78,DEAL,SELL,213800LBPT1H9WO9ZL78,TRX-00000552
TRX-00000553,NL0010273215,76499.87,417.1728,EUR,XNAS,2026-10-07T11:26:08.484351,549300JSX0Z4CY0V0P21,MATCH,BUY,213800LBPT1H9WO9ZL78,TRX-00000553
TRX-00000554,US0378331005,73759.59,2216.359,USD,XNAS,2026-10-06T21:26:08.484356,5493001ZABYZPD63HV28,DEAL,BUY,213800LBPT1H9WO9ZL78,TRX-00000554
TRX-00000555,US5949181045,86037.02,1626.6814,CHF,XMAD,2026-10-06T20:26:08.484361,5493006B1YHUQ7ZX5L88,ANYOTC,SELL,213800LBPT1H9WO9ZL78,TRX-00000555
TRX-00000556,GB00B0MYJG27,96954.26,3488.4168,USD,XMAD,2026-10-06T17:26:08.484365,529900D6BHCL8WQ7R898,MATCH,SELL,213800LBPT1H9WO9ZL78,TRX-00000556
TRX-00000557,US5949181045,48165.69,1136.4151,GBP,XMAD,2026-10-07T04:26:08.484373,5493006B1YHUQ7ZX5L88,MATCH,SELL,213800LBPT1H9WO9ZL78,TRX-00000557
TRX-00000558,GB00B0MYJG27,30357.99,1.4616,USD,XFRA,2026-10-07T04:26:08.484378,549300JSX0Z4CY0V0P21,ANYOTC,BUY,213800LBPT1H9WO9ZL78,TRX-00000558
TRX-00000559,FR0000120271,94695.8,2385.8583,GBP,XMIL,2026-10-07T04:26:08.484383,529900D6BHCL8WQ7R898,DEAL,BUY,213800LBPT1H9WO9ZL78,TRX-00000559
TRX-00000560,NL0010273215,37365.01,2059.2676,JPY,XMIL,2026-10-07T01:26:08.484395,5493001ZABYZPD63HV28,DEAL,SELL,213800LBPT1H9WO9ZL78,TRX-00000560
TRX-00000561,DE0007164600,22060.02,396.9695,USD,XAMS,2026-10-07T04:26:08.484401,529900D6BHCL8WQ7R898,MATCH,SELL,213800LBPT1H9WO9ZL78,TRX-00000561
TRX-00000562,US0378331005,85348.35,912.8535,EUR,XNYS,2026-10-06T17:26:08.484405,549300JSX0Z4CY0V0P21,ANYOTC,SELL,213800LBPT1H9WO9ZL78,TRX-00000562
TRX-00000563,US02079K3059,70047.56,2460.4881,EUR,XLON,2026-10-07T09:26:08.484410,213800LBPT1H9WO9ZL78,ANYOTC,BUY,213800LBPT1H9WO9ZL78,TRX-00000563
TRX-00000564,GB00B0MYJG27,97233.29,1411.2906,USD,XMAD,2026-10-06T14:26:08.484415,213800LBPT1H9WO9ZL78,DEAL,BUY,213800LBPT1H9WO9ZL78,TRX-00000564
TRX-00000565,GB00B0MYJG27,1473.47,1086.7232,CHF,XAMS,2026-10-06T22:26:08.484419,5493006B1YHUQ7ZX5L88,MATCH,BUY,213800LBPT1H9WO9ZL78,TRX-00000565
TRX-00000566,US5949181045,8023.23,3753.0973,USD,XLON,2026-10-07T05:26:08.484424,549300JSX0Z4CY0V0P21,DEAL,SELL,213800LBPT1H9WO9ZL78,TRX-00000566
TRX-00000567,GB00B0MYJG27,19220.04,4207.8549,CHF,XLON,2026-10-07T10:26:08.484429,5493001ZABYZPD63HV28,MATCH,SELL,213800LBPT1H9WO9ZL78,TRX-00000567
TRX-00000568,US0378331005,73762.16,168.5179,CHF,XNYS,2026-10-06T21:26:08.484434,5493001ZABYZPD63HV28,MATCH,SELL,213800LBPT1H9WO9ZL78,TRX-00000568
TRX-00000569,US02079K3059,93621.59,793.8986,GBP,XNYS,2026-10-07T05:26:08.484439,549300JSX0Z4CY0V0P21,ANYOTC,SELL,213800LBPT1H9WO9ZL78,TRX-00000569
TRX-00000570,US0378331005,36043.31,263.9994,USD,XNYS,2026-10-07T06:26:08.484445,549300JSX0Z4CY0V0P21,MATCH,BUY,213800LBPT1H9WO9ZL78,TRX-00000570
TRX-00000571,GB00B0MYJG27,79439.25,2923.8996,CHF,XPAR,2026-10-07T13:26:08.484450,213800LBPT1H9WO9ZL78,ANYOTC,SELL,213800LBPT1H9WO9ZL78,TRX-00000571
TRX-00000572,CH0012005267,15500.04,3854.2142,USD,XNAS,2026-10-06T22:26:08.484455,213800LBPT1H9WO9ZL78,ANYOTC,SELL,213800LBPT1H9WO9ZL78,TRX-00000572
TRX-00000573,GB0002374006,5978.45,3223.2299,JPY,XNYS,2026-10-07T09:26:08.484460,549300JSX0Z4CY0V0P21,DEAL,SELL,213800LBPT1H9WO9ZL78,TRX-00000573
TRX-00000574,NL0010273215,78856.39,3783.7309,CHF,XPAR,2026-10-07T13:26:08.484465,549300JSX0Z4CY0V0P21,MATCH,BUY,213800LBPT1H9WO9ZL78,TRX-00000574
TRX-00000575,US02079K3059,89866.41,2427.0254,CHF,XAMS,2026-10-06T20:26:08.484469,549300JSX0Z4CY0V0P21,DEAL,BUY,213800LBPT1H9WO9ZL78,TRX-00000575
TRX-00000576,NL0010273215,34767.12,3662.2796,EUR,XNAS,2026-10-07T11:26:08.484474,529900D6BHCL8WQ7R898,DEAL,SELL,213800LBPT1H9WO9ZL78,TRX-00000576
TRX-00000577,US02079K3059,81942.04,2708.4882,CHF,XLON,2026-10-06T17:26:08.484479,529900D6BHCL8WQ7R898,MATCH,BUY,213800LBPT1H9WO9ZL78,TRX-00000577
TRX-00000578,GB0002374006,61973.84,1821.0119,JPY,XPAR,2026-10-07T03:26:08.484484,213800LBPT1H9WO9ZL78,ANYOTC,SELL,213800LBPT1H9WO9ZL78,TRX-00000578
TRX-00000579,US0378331005,52407.45,2488.2482,JPY,XNAS,2026-10-06T18:26:08.484489,5493006B1YHUQ7ZX5L88,MATCH,SELL,213800LBPT1H9WO9ZL78,TRX-00000579
TRX-00000580,US5949181045,11047.3,2616.4795,GBP,XLON,2026-10-07T09:26:08.484494,5493001ZABYZPD63HV28,DEAL,BUY,213800LBPT1H9WO9ZL78,TRX-00000580
TRX-00000581,GB00B03MLX29,48537.54,494.6692,JPY,XMIL,2026-10-06T16:26:08.484499,549300JSX0Z4CY0V0P21,ANYOTC,SELL,213800LBPT1H9WO9ZL78,TRX-00000581
TRX-00000582,GB0002374006,36636.04,3030.1622,GBP,XLON,2026-10-07T07:26:08.484504,549300JSX0Z4CY0V0P21,DEAL,SELL,213800LBPT1H9WO9ZL78,TRX-00000582
TRX-00000583,GB0002374006,36093.24,3717.6437,CHF,XFRA,2026-10-06T15:26:08.484509,213800LBPT1H9WO9ZL78,ANYOTC,SELL,213800LBPT1H9WO9ZL78,TRX-00000583
TRX-00000584,NL0010273215,4066.27,352.8703,EUR,XNYS,2026-10-07T07:26:08.484514,529900D6BHCL8WQ7R898,DEAL,BUY,213800LBPT1H9WO9ZL78,TRX-00000584
TRX-00000585,US0378331005,53166.57,948.1126,JPY,XPAR,2026-10-06T19:26:08.484519,5493001ZABYZPD63HV28,ANYOTC,SELL,213800LBPT1H9WO9ZL78,TRX-00000585
TRX-00000586,GB00B03MLX29,76628.58,2883.2417,CHF,XMIL,2026-10-07T10:26:08.484524,5493001ZABYZPD63HV28,DEAL,SELL,213800LBPT1H9WO9ZL78,TRX-00000586
TRX-00000587,NL0010273215,33751.95,791.7241,JPY,XMAD,2026-10-07T02:26:08.484529,5493006B1YHUQ7ZX5L88,ANYOTC,SELL,213800LBPT1H9WO9ZL78,TRX-00000587
TRX-00000588,US5949181045,41234.92,3166.5709,EUR,XPAR,2026-10-06T19:26:08.484534,529900D6BHCL8WQ7R898,DEAL,SELL,213800LBPT1H9WO9ZL78,TRX-00000588
TRX-00000589,NL0010273215,92614.77,1271.1915,CHF,XMAD,2026-10-07T01:26:08.484540,213800LBPT1H9WO9ZL78,ANYOTC,BUY,213800LBPT1H9WO9ZL78,TRX-00000589
TRX-00000590,US02079K3059,59576.69,2588.5292,EUR,XLON,2026-10-07T04:26:08.484546,5493001ZABYZPD63HV28,DEAL,SELL,213800LBPT1H9WO9ZL78,TRX-00000590
TRX-00000591,GB0002374006,77152.54,4716.7962,EUR,XNAS,2026-10-07T10:26:08.484551,213800LBPT1H9WO9ZL78,MATCH,SELL,213800LBPT1H9WO9ZL78,TRX-00000591
TRX-00000592,GB00B0MYJG27,13841.68,1836.0474,JPY,XPAR,2026-10-07T06:26:08.484556,5493006B1YHUQ7ZX5L88,MATCH,BUY,213800LBPT1H9WO9ZL78,TRX-00000592
TRX-00000593,CH0012005267,39980.43,4589.4911,GBP,XFRA,2026-10-06T22:26:08.484567,5493001ZABYZPD63HV28,MATCH,BUY,213800LBPT1H9WO9ZL78,TRX-00000593
TRX-00000594,CH0012005267,64225.82,187.8206,JPY,XMIL,2026-10-07T11:26:08.484572,213800LBPT1H9WO9ZL78,MATCH,SELL,213800LBPT1H9WO9ZL78,TRX-00000594
TRX-00000595,DE0007164600,41652.75,4339.2877,USD,XLON,2026-10-06T17:26:08.484577,549300JSX0Z4CY0V0P21,DEAL,SELL,213800LBPT1H9WO9ZL78,TRX-00000595
TRX-00000596,NL0010273215,4119.18,2700.1087,USD,XFRA,2026-10-06T21:26:08.484582,5493001ZABYZPD63HV28,DEAL,BUY,213800LBPT1H9WO9ZL78,TRX-00000596
TRX-00000597,DE0007164600,97104.05,3764.4482,JPY,XNYS,2026-10-07T06:26:08.484587,549300JSX0Z4CY0V0P21,MATCH,SELL,213800LBPT1H9WO9ZL78,TRX-00000597
TRX-00000598,GB00B0MYJG27,13219.77,413.643,JPY,XLON,2026-10-06T20:26:08.484592,549300JSX0Z4CY0V0P21,MATCH,BUY,213800LBPT1H9WO9ZL78,TRX-00000598
TRX-00000599,DE0007164600,50182.81,3869.3519,USD,XNAS,2026-10-06T22:26:08.484597,529900D6BHCL8WQ7R898,DEAL,SELL,213800LBPT1H9WO9ZL78,TRX-00000599
TRX-00000601,US5949181045,68474.11,2880.5152,GBP,XMIL,2026-10-07T00:26:08.484616,5493006B1YHUQ7ZX5L88,MATCH,BUY,213800LBPT1H9WO9ZL78,TRX-00000601
TRX-00000602,US5949181045,34453.15,3277.3939,EUR,XNAS,2026-10-07T02:26:08.484621,529900D6BHCL8WQ7R898,MATCH,BUY,213800LBPT1H9WO9ZL78,TRX-00000602
TRX-00000603,FR0000120271,4488.71,4091.0414,USD,XFRA,2026-10-07T09:26:08.484625,213800LBPT1H9WO9ZL78,DEAL,BUY,213800LBPT1H9WO9ZL78,TRX-00000603
TRX-00000604,US0378331005,94894.14,4633.7217,EUR,XLON,2026-10-07T03:26:08.484630,213800LBPT1H9WO9ZL78,MATCH,SELL,213800LBPT1H9WO9ZL78,TRX-00000604
TRX-00000605,FR0000120271,2275.79,1045.8387,JPY,XPAR,2026-10-07T07:26:08.484635,529900D6BHCL8WQ7R898,ANYOTC,SELL,213800LBPT1H9WO9ZL78,TRX-00000605
TRX-00000606,NL0010273215,48303.15,3649.888,USD,XLON,2026-10-07T01:26:08.484640,529900D6BHCL8WQ7R898,ANYOTC,BUY,213800LBPT1H9WO9ZL78,TRX-00000606
TRX-00000607,US02079K3059,17032.79,1420.7837,JPY,XAMS,2026-10-07T12:26:08.484645,549300JSX0Z4CY0V0P21,ANYOTC,BUY,213800LBPT1H9WO9ZL78,TRX-00000607
TRX-00000608,GB00B03MLX29,38865.13,1357.2806,EUR,XNYS,2026-10-07T13:26:08.484650,5493006B1YHUQ7ZX5L88,ANYOTC,SELL,213800LBPT1H9WO9ZL78,TRX-00000608
TRX-00000609,US0378331005,97979.31,2543.1931,GBP,XFRA,2026-10-06T22:26:08.484656,529900D6BHCL8WQ7R898,ANYOTC,BUY,213800LBPT1H9WO9ZL78,TRX-00000609
TRX-00000610,GB00B0MYJG27,19888.32,4833.9901,JPY,XLON,2026-10-07T12:26:08.484662,5493001ZABYZPD63HV28,ANYOTC,SELL,213800LBPT1H9WO9ZL78,TRX-00000610
TRX-00000611,US5949181045,48993.79,3722.2092,GBP,XFRA,2026-10-06T16:26:08.484667,5493006B1YHUQ7ZX5L88,MATCH,SELL,213800LBPT1H9WO9ZL78,TRX-00000611
TRX-00000612,US0378331005,99599.45,4892.9605,EUR,XLON,2026-10-06T17:26:08.484671,5493006B1YHUQ7ZX5L88,MATCH,BUY,213800LBPT1H9WO9ZL78,TRX-00000612
TRX-00000613,NL0010273215,94911.69,1128.6879,EUR,XMIL,2026-10-06T16:26:08.484676,5493001ZABYZPD63HV28,DEAL,SELL,213800LBPT1H9WO9ZL78,TRX-00000613
TRX-00000614,NL0010273215,96060.61,3062.6295,USD,XMIL,2026-10-07T06:26:08.484681,529900D6BHCL8WQ7R898,DEAL,SELL,213800LBPT1H9WO9ZL78,TRX-00000614
TRX-00000615,US02079K3059,90973.63,1647.0944,JPY,XNAS,2026-10-07T07:26:08.484686,5493001ZABYZPD63HV28,ANYOTC,BUY,213800LBPT1H9WO9ZL78,TRX-00000615
TRX-00000616,GB00B0MYJG27,30900.53,3525.9768,JPY,XNAS,2026-10-07T00:26:08.484690,5493001ZABYZPD63HV28,ANYOTC,BUY,213800LBPT1H9WO9ZL78,TRX-00000616
TRX-00000617,US5949181045,6782.34,2665.2748,GBP,XNAS,2026-10-07T03:26:08.484695,5493001ZABYZPD63HV28,ANYOTC,BUY,213800LBPT1H9WO9ZL78,TRX-00000617
TRX-00000618,US5949181045,88013.31,2070.7867,CHF,XAMS,2026-10-06T23:26:08.484700,5493006B1YHUQ7ZX5L88,DEAL,BUY,213800LBPT1H9WO9ZL78,TRX-00000618
TRX-00000619,GB00B03MLX29,13155.46,131.9649,JPY,XAMS,2026-10-06T18:26:08.484705,529900D6BHCL8WQ7R898,ANYOTC,BUY,213800LBPT1H9WO9ZL78,TRX-00000619
TRX-00000620,CH0012005267,23219.02,3437.202,EUR,XNYS,2026-10-06T15:26:08.484711,549300JSX0Z4CY0V0P21,DEAL,SELL,213800LBPT1H9WO9ZL78,TRX-00000620
TRX-00000621,US5949181045,18398.46,1937.914,CHF,XNAS,2026-10-07T08:26:08.484724,5493001ZABYZPD63HV28,DEAL,BUY,213800LBPT1H9WO9ZL78,TRX-00000621
TRX-00000622,DE0007164600,76454.12,76.0563,EUR,XMIL,2026-10-07T06:26:08.484729,5493001ZABYZPD63HV28,DEAL,BUY,213800LBPT1H9WO9ZL78,TRX-00000622
TRX-00000623,GB00B0MYJG27,92710.39,4928.1526,JPY,XMAD,2026-10-06T15:26:08.484734,5493006B1YHUQ7ZX5L88,MATCH,BUY,213800LBPT1H9WO9ZL78,TRX-00000623
TRX-00000624,DE0007164600,40487.27,210.0895,CHF,XFRA,2026-10-07T01:26:08.484739,529900D6BHCL8WQ7R898,ANYOTC,BUY,213800LBPT1H9WO9ZL78,TRX-00000624
TRX-00000625,NL0010273215,10932.52,2285.0452,GBP,XPAR,2026-10-06T21:26:08.484744,529900D6BHCL8WQ7R898,MATCH,BUY,213800LBPT1H9WO9ZL78,TRX-00000625
TRX-00000626,NL0010273215,38740.4,3826.0342,GBP,XPAR,2026-10-07T04:26:08.484749,549300JSX0Z4CY0V0P21,MATCH,SELL,213800LBPT1H9WO9ZL78,TRX-00000626
TRX-00000627,US02079K3059,46135.26,2112.8885,JPY,XLON,2026-10-06T15:26:08.484754,529900D6BHCL8WQ7R898,DEAL,SELL,213800LBPT1H9WO9ZL78,TRX-00000627
TRX-00000628,FR0000120271,9044.99,2503.7883,USD,XNAS,2026-10-07T01:26:08.484759,549300JSX0Z4CY0V0P21,MATCH,SELL,213800LBPT1H9WO9ZL78,TRX-00000628
TRX-00000629,GB0002374006,17888.68,2951.9871,USD,XMAD,2026-10-07T11:26:08.484764,5493006B1YHUQ7ZX5L88,MATCH,BUY,213800LBPT1H9WO9ZL78,TRX-00000629
TRX-00000630,GB00B03MLX29,9120.03,3566.7416,EUR,XNYS,2026-10-06T21:26:08.484770,549300JSX0Z4CY0V0P21,ANYOTC,BUY,213800LBPT1H9WO9ZL78,TRX-00000630
TRX-00000631,DE0007164600,55035.04,220.4865,USD,XFRA,2026-10-06T19:26:08.484775,5493001ZABYZPD63HV28,DEAL,BUY,213800LBPT1H9WO9ZL78,TRX-00000631
TRX-00000632,GB00B0MYJG27,76915.91,257.5011,EUR,XAMS,2026-10-06T14:26:08.484780,549300JSX0Z4CY0V0P21,MATCH,BUY,213800LBPT1H9WO9ZL78,TRX-00000632
TRX-00000633,GB00B03MLX29,89854.29,4802.209,GBP,XAMS,2026-10-07T13:26:08.484785,549300JSX0Z4CY0V0P21,MATCH,SELL,213800LBPT1H9WO9ZL78,TRX-00000633
TRX-00000634,NL0010273215,80745.65,3040.3117,CHF,XPAR,2026-10-07T07:26:08.484789,529900D6BHCL8WQ7R898,ANYOTC,SELL,213800LBPT1H9WO9ZL78,TRX-00000634
TRX-00000635,FR0000120271,41015.73,397.9452,JPY,XLON,2026-10-07T06:26:08.484794,529900D6BHCL8WQ7R898,MATCH,BUY,213800LBPT1H9WO9ZL78,TRX-00000635
TRX-00000636,GB0002374006,18484.81,276.2646,EUR,XLON,2026-10-07T09:26:08.484799,213800LBPT1H9WO9ZL78,ANYOTC,SELL,213800LBPT1H9WO9ZL78,TRX-00000636
TRX-00000637,US5949181045,92038.55,246.1078,CHF,XNAS,2026-10-07T08:26:08.484804,5493006B1YHUQ7ZX5L88,ANYOTC,BUY,213800LBPT1H9WO9ZL78,TRX-00000637
TRX-00000638,FR0000120271,74933.73,1801.583,GBP,XNYS,2026-10-07T04:26:08.484809,5493006B1YHUQ7ZX5L88,MATCH,SELL,213800LBPT1H9WO9ZL78,TRX-00000638
TRX-00000639,GB00B03MLX29,75844.44,4216.7048,GBP,XAMS,2026-10-06T22:26:08.484814,5493001ZABYZPD63HV28,DEAL,SELL,213800LBPT1H9WO9ZL78,TRX-00000639
TRX-00000640,US5949181045,52705.75,2623.7064,USD,XLON,2026-10-07T10:26:08.484820,529900D6BHCL8WQ7R898,ANYOTC,BUY,213800LBPT1H9WO9ZL78,TRX-00000640
TRX-00000641,FR0000120271,72407.69,3024.2853,EUR,XMIL,2026-10-06T18:26:08.484825,5493006B1YHUQ7ZX5L88,MATCH,SELL,213800LBPT1H9WO9ZL78,TRX-00000641
TRX-00000642,GB00B0MYJG27,61429.38,2482.4882,CHF,XMAD,2026-10-07T08:26:08.484830,529900D6BHCL8WQ7R898,DEAL,SELL,213800LBPT1H9WO9ZL78,TRX-00000642
TRX-00000643,US0378331005,159.09,120.91,GBP,XPAR,2026-10-06T18:26:08.484835,549300JSX0Z4CY0V0P21,MATCH,BUY,213800LBPT1H9WO9ZL78,TRX-00000643
TRX-00000644,US5949181045,34965.65,4030.4115,USD,XLON,2026-10-06T17:26:08.484840,5493001ZABYZPD63HV28,ANYOTC,SELL,213800LBPT1H9WO9ZL78,TRX-00000644
TRX-00000645,US02079K3059,79019.76,1539.555,JPY,XFRA,2026-10-07T13:26:08.484844,213800LBPT1H9WO9ZL78,ANYOTC,SELL,213800LBPT1H9WO9ZL78,TRX-00000645
TRX-00000646,US5949181045,39605.54,2845.0388,GBP,XNAS,2026-10-07T07:26:08.484849,5493006B1YHUQ7ZX5L88,MATCH,SELL,213800LBPT1H9WO9ZL78,TRX-00000646
TRX-00000647,FR0000120271,79725.64,3228.6155,CHF,XNAS,2026-10-06T17:26:08.484854,549300JSX0Z4CY0V0P21,ANYOTC,SELL,213800LBPT1H9WO9ZL78,TRX-00000647
TRX-00000648,FR0000120271,78399.12,2070.3514,GBP,XAMS,2026-10-06T19:26:08.484859,5493006B1YHUQ7ZX5L88,ANYOTC,BUY,213800LBPT1H9WO9ZL78,TRX-00000648
TRX-00000649,US0378331005,57740.19,1659.2647,EUR,XNYS,2026-10-07T09:26:08.484864,5493006B1YHUQ7ZX5L88,DEAL,SELL,213800LBPT1H9WO9ZL78,TRX-00000649
TRX-00000651,US5949181045,70984.29,1358.2156,GBP,XMAD,2026-10-07T06:26:08.484877,5493006B1YHUQ7ZX5L88,MATCH,SELL,213800LBPT1H9WO9ZL78,TRX-00000651
TRX-00000652,US0378331005,52510.52,875.8887,EUR,XLON,2026-10-07T07:26:08.484882,213800LBPT1H9WO9ZL78,MATCH,BUY,213800LBPT1H9WO9ZL78,TRX-00000652
TRX-00000653,FR0000120271,90495.68,771.2348,EUR,XMAD,2026-10-06T14:26:08.484889,529900D6BHCL8WQ7R898,MATCH,SELL,213800LBPT1H9WO9ZL78,TRX-00000653
TRX-00000654,GB00B0MYJG27,76948.37,492.1596,JPY,XNAS,2026-10-07T07:26:08.484894,213800LBPT1H9WO9ZL78,MATCH,SELL,213800LBPT1H9WO9ZL78,TRX-00000654
TRX-00000655,NL0010273215,11584.48,1555.5956,GBP,XNYS,2026-10-07T03:26:08.484899,549300JSX0Z4CY0V0P21,DEAL,BUY,213800LBPT1H9WO9ZL78,TRX-00000655
TRX-00000656,NL0010273215,76618.25,3728.0281,GBP,XAMS,2026-10-06T17:26:08.484904,5493001ZABYZPD63HV28,MATCH,BUY,213800LBPT1H9WO9ZL78,TRX-00000656
TRX-00000657,US0378331005,28657.45,2661.8468,CHF,XNYS,2026-10-07T05:26:08.484908,5493001ZABYZPD63HV28,DEAL,SELL,213800LBPT1H9WO9ZL78,TRX-00000657
TRX-00000658,GB00B03MLX29,1526.66,3115.1019,JPY,XNYS,2026-10-07T07:26:08.484913,529900D6BHCL8WQ7R898,MATCH,SELL,213800LBPT1H9WO9ZL78,TRX-00000658
TRX-00000659,US02079K3059,14156.54,3522.0641,EUR,XPAR,2026-10-07T08:26:08.484918,213800LBPT1H9WO9ZL78,MATCH,SELL,213800LBPT1H9WO9ZL78,TRX-00000659
TRX-00000660,NL0010273215,44365.32,657.7523,CHF,XLON,2026-10-07T10:26:08.484924,549300JSX0Z4CY0V0P21,DEAL,BUY,213800LBPT1H9WO9ZL78,TRX-00000660
TRX-00000661,DE0007164600,39192.28,3523.6833,JPY,XMAD,2026-10-06T18:26:08.484928,5493006B1YHUQ7ZX5L88,MATCH,SELL,213800LBPT1H9WO9ZL78,TRX-00000661
TRX-00000662,US0378331005,71290.16,3354.6805,JPY,XNYS,2026-10-06T23:26:08.484933,529900D6BHCL8WQ7R898,DEAL,BUY,213800LBPT1H9WO9ZL78,TRX-00000662
TRX-00000663,FR0000120271,9727.2,1552.648,CHF,XMAD,2026-10-07T06:26:08.484938,5493001ZABYZPD63HV28,DEAL,SELL,213800LBPT1H9WO9ZL78,TRX-00000663
TRX-00000664,US5949181045,39208.3,3498.3735,EUR,XFRA,2026-10-06T23:26:08.484943,549300JSX0Z4CY0V0P21,DEAL,BUY,213800LBPT1H9WO9ZL78,TRX-00000664
TRX-00000665,FR0000120271,11289.59,2393.7818,USD,XAMS,2026-10-07T02:26:08.484948,529900D6BHCL8WQ7R898,ANYOTC,BUY,213800LBPT1H9WO9ZL78,TRX-00000665
TRX-00000666,NL0010273215,10294.12,4087.9469,GBP,XFRA,2026-10-06T20:26:08.484953,213800LBPT1H9WO9ZL78,MATCH,SELL,213800LBPT1H9WO9ZL78,TRX-00000666
TRX-00000667,DE0007164600,59054.01,1193.6379,USD,XNAS,2026-10-06T22:26:08.484957,549300JSX0Z4CY0V0P21,DEAL,SELL,213800LBPT1H9WO9ZL78,TRX-00000667
TRX-00000668,US0378331005,81391.76,2955.26,CHF,XFRA,2026-10-06T20:26:08.484962,5493001ZABYZPD63HV28,DEAL,BUY,213800LBPT1H9WO9ZL78,TRX-00000668
TRX-00000669,CH0012005267,83674.98,572.5,JPY,XMAD,2026-10-07T03:26:08.484967,529900D6BHCL8WQ7R898,DEAL,SELL,213800LBPT1H9WO9ZL78,TRX-00000669
TRX-00000670,GB00B0MYJG27,30804.26,2029.5627,JPY,XNYS,2026-10-06T16:26:08.484973,529900D6BHCL8WQ7R898,MATCH,SELL,213800LBPT1H9WO9ZL78,TRX-00000670
TRX-00000671,FR0000120271,64499.27,308.3496,USD,XNAS,2026-10-06T19:26:08.484978,213800LBPT1H9WO9ZL78,DEAL,BUY,213800LBPT1H9WO9ZL78,TRX-00000671
TRX-00000672,FR0000120271,53126.05,1950.5233,JPY,XMAD,2026-10-07T07:26:08.484983,5493001ZABYZPD63HV28,ANYOTC,SELL,213800LBPT1H9WO9ZL78,TRX-00000672
TRX-00000673,US02079K3059,57028.07,4566.1081,EUR,XMIL,2026-10-06T15:26:08.484990,5493006B1YHUQ7ZX5L88,DEAL,BUY,213800LBPT1H9WO9ZL78,TRX-00000673
TRX-00000674,CH0012005267,98642.18,2021.5829,USD,XAMS,2026-10-07T12:26:08.484995,5493006B1YHUQ7ZX5L88,ANYOTC,BUY,213800LBPT1H9WO9ZL78,TRX-00000674
TRX-00000675,GB0002374006,70335.71,4103.9457,EUR,XNYS,2026-10-07T04:26:08.485000,213800LBPT1H9WO9ZL78,DEAL,SELL,213800LBPT1H9WO9ZL78,TRX-00000675
TRX-00000676,CH0012005267,39427.44,1591.3184,CHF,XMIL,2026-10-07T01:26:08.485004,549300JSX0Z4CY0V0P21,ANYOTC,BUY,213800LBPT1H9WO9ZL78,TRX-00000676
TRX-00000677,GB00B0MYJG27,47487.67,941.946,CHF,XFRA,2026-10-07T00:26:08.485009,5493001ZABYZPD63HV28,MATCH,BUY,213800LBPT1H9WO9ZL78,TRX-00000677
TRX-00000678,GB00B0MYJG27,1161.26,3242.2978,USD,XMAD,2026-10-06T16:26:08.485014,549300JSX0Z4CY0V0P21,DEAL,BUY,213800LBPT1H9WO9ZL78,TRX-00000678
TRX-00000679,GB00B0MYJG27,64224.65,2079.8615,CHF,XMIL,2026-10-06T18:26:08.485019,5493001ZABYZPD63HV28,MATCH,SELL,213800LBPT1H9WO9ZL78,TRX-00000679
TRX-00000680,NL0010273215,82007.32,1924.1889,USD,XNAS,2026-10-07T00:26:08.485025,529900D6BHCL8WQ7R898,DEAL,SELL,213800LBPT1H9WO9ZL78,TRX-00000680
TRX-00000681,US0378331005,71213.29,1346.983,JPY,XFRA,2026-10-07T12:26:08.485031,213800LBPT1H9WO9ZL78,ANYOTC,SELL,213800LBPT1H9WO9ZL78,TRX-00000681
TRX-00000682,US5949181045,11317.32,2408.183,GBP,XNAS,2026-10-06T14:26:08.485036,529900D6BHCL8WQ7R898,MATCH,SELL,213800LBPT1H9WO9ZL78,TRX-00000682
TRX-00000683,NL0010273215,7824.38,4449.6875,GBP,XPAR,2026-10-06T22:26:08.485041,213800LBPT1H9WO9ZL78,ANYOTC,SELL,213800LBPT1H9WO9ZL78,TRX-00000683
TRX-00000684,CH0012005267,5278.37,1718.3873,GBP,XMAD,2026-10-06T23:26:08.485046,529900D6BHCL8WQ7R898,MATCH,SELL,213800LBPT1H9WO9ZL78,TRX-00000684
TRX-00000685,DE0007164600,35292.1,4888.8248,EUR,XAMS,2026-10-07T08:26:08.485052,213800LBPT1H9WO9ZL78,ANYOTC,SELL,213800LBPT1H9WO9ZL78,TRX-00000685
TRX-00000686,CH0012005267,26045.05,3146.871,JPY,XNAS,2026-10-06T19:26:08.485057,213800LBPT1H9WO9ZL78,ANYOTC,SELL,213800LBPT1H9WO9ZL78,TRX-00000686
TRX-00000687,CH0012005267,2730.78,2424.3162,USD,XNYS,2026-10-07T05:26:08.485062,5493006B1YHUQ7ZX5L88,DEAL,SELL,213800LBPT1H9WO9ZL78,TRX-00000687
TRX-00000688,US02079K3059,85785.98,72.0008,GBP,XNAS,2026-10-06T19:26:08.485067,5493001ZABYZPD63HV28,ANYOTC,SELL,213800LBPT1H9WO9ZL78,TRX-00000688
TRX-00000689,US5949181045,80784.26,1307.0017,USD,XMAD,2026-10-07T08:26:08.485072,529900D6BHCL8WQ7R898,DEAL,SELL,213800LBPT1H9WO9ZL78,TRX-00000689
TRX-00000690,GB00B03MLX29,96734.6,3007.9061,USD,XMAD,2026-10-07T00:26:08.485078,549300JSX0Z4CY0V0P21,DEAL,SELL,213800LBPT1H9WO9ZL78,TRX-00000690
TRX-00000691,GB00B0MYJG27,21086.46,3672.0712,EUR,XLON,2026-10-06T17:26:08.485083,5493006B1YHUQ7ZX5L88,DEAL,BUY,213800LBPT1H9WO9ZL78,TRX-00000691
TRX-00000692,GB00B0MYJG27,46402.03,2381.6835,CHF,XPAR,2026-10-07T01:26:08.485088,549300JSX0Z4CY0V0P21,MATCH,SELL,213800LBPT1H9WO9ZL78,TRX-00000692
TRX-00000693,GB00B0MYJG27,53044.68,2174.2369,EUR,XMAD,2026-10-07T01:26:08.485093,5493006B1YHUQ7ZX5L88,ANYOTC,BUY,213800LBPT1H9WO9ZL78,TRX-00000693
TRX-00000694,GB00B03MLX29,91771.3,3187.4833,CHF,XAMS,2026-10-07T03:26:08.485098,5493006B1YHUQ7ZX5L88,MATCH,BUY,213800LBPT1H9WO9ZL78,TRX-00000694
TRX-00000695,US02079K3059,65434.67,1956.3777,USD,XPAR,2026-10-06T21:26:08.485103,5493006B1YHUQ7ZX5L88,ANYOTC,BUY,213800LBPT1H9WO9ZL78,TRX-00000695
TRX-00000696,US5949181045,54761.71,3364.3365,GBP,XLON,2026-10-07T00:26:08.485108,213800LBPT1H9WO9ZL78,ANYOTC,BUY,213800LBPT1H9WO9ZL78,TRX-00000696
TRX-00000697,FR0000120271,35152.29,3626.528,EUR,XPAR,2026-10-07T12:26:08.485113,213800LBPT1H9WO9ZL78,ANYOTC,BUY,213800LBPT1H9WO9ZL78,TRX-00000697
TRX-00000698,GB0002374006,93850.61,3283.371,USD,XNYS,2026-10-06T15:26:08.485117,213800LBPT1H9WO9ZL78,DEAL,BUY,213800LBPT1H9WO9ZL78,TRX-00000698
TRX-00000699,DE0007164600,65639.81,4499.5862,JPY,XNAS,2026-10-07T10:26:08.485122,5493001ZABYZPD63HV28,MATCH,SELL,213800LBPT1H9WO9ZL78,TRX-00000699
TRX-00000701,GB00B03MLX29,27729.47,312.8745,CHF,XFRA,2026-10-07T12:26:08.485133,5493006B1YHUQ7ZX5L88,MATCH,BUY,213800LBPT1H9WO9ZL78,TRX-00000701
TRX-00000702,FR0000120271,6940.78,4897.1305,USD,XMIL,2026-10-07T08:26:08.485138,549300JSX0Z4CY0V0P21,DEAL,BUY,213800LBPT1H9WO9ZL78,TRX-00000702
TRX-00000703,NL0010273215,76870.96,1092.7141,GBP,XMAD,2026-10-06T15:26:08.485145,5493006B1YHUQ7ZX5L88,DEAL,BUY,213800LBPT1H9WO9ZL78,TRX-00000703
TRX-00000704,GB00B03MLX29,7042.16,3637.9982,CHF,XLON,2026-10-06T22:26:08.485150,5493001ZABYZPD63HV28,ANYOTC,BUY,213800LBPT1H9WO9ZL78,TRX-00000704
TRX-00000705,GB0002374006,66460.92,1332.916,EUR,XMIL,2026-10-06T19:26:08.485155,213800LBPT1H9WO9ZL78,ANYOTC,SELL,213800LBPT1H9WO9ZL78,TRX-00000705
TRX-00000706,FR0000120271,43606.33,4220.4017,GBP,XPAR,2026-10-07T13:26:08.485160,549300JSX0Z4CY0V0P21,ANYOTC,SELL,213800LBPT1H9WO9ZL78,TRX-00000706
TRX-00000707,GB00B03MLX29,56724.82,4675.2759,EUR,XFRA,2026-10-06T16:26:08.485165,5493006B1YHUQ7ZX5L88,MATCH,BUY,213800LBPT1H9WO9ZL78,TRX-00000707
TRX-00000708,GB00B03MLX29,36536.17,4266.857,EUR,XNYS,2026-10-06T23:26:08.485170,5493006B1YHUQ7ZX5L88,ANYOTC,BUY,213800LBPT1H9WO9ZL78,TRX-00000708
TRX-00000709,GB00B0MYJG27,55447.99,4837.5973,USD,XAMS,2026-10-06T15:26:08.485175,549300JSX0Z4CY0V0P21,DEAL,SELL,213800LBPT1H9WO9ZL78,TRX-00000709
TRX-00000710,FR0000120271,8487.16,3164.3236,USD,XNAS,2026-10-07T12:26:08.485181,5493001ZABYZPD63HV28,DEAL,BUY,213800LBPT1H9WO9ZL78,TRX-00000710
TRX-00000711,FR0000120271,38877.36,3963.9031,EUR,XMAD,2026-10-06T20:26:08.485185,549300JSX0Z4CY0V0P21,DEAL,BUY,213800LBPT1H9WO9ZL78,TRX-00000711
TRX-00000712,US5949181045,5606.39,3939.1049,GBP,XMIL,2026-10-07T10:26:08.485190,5493001ZABYZPD63HV28,ANYOTC,SELL,213800LBPT1H9WO9ZL78,TRX-00000712
TRX-00000713,NL0010273215,14896.21,2897.1492,GBP,XLON,2026-10-06T14:26:08.485195,5493001ZABYZPD63HV28,MATCH,BUY,213800LBPT1H9WO9ZL78,TRX-00000713
TRX-00000714,FR0000120271,90717.98,3092.242,USD,XNAS,2026-10-07T13:26:08.485200,5493001ZABYZPD63HV28,ANYOTC,BUY,213800LBPT1H9WO9ZL78,TRX-00000714
TRX-00000715,US02079K3059,82074.1,487.3639,JPY,XNAS,2026-10-06T19:26:08.485205,213800LBPT1H9WO9ZL78,DEAL,BUY,213800LBPT1H9WO9ZL78,TRX-00000715
TRX-00000716,FR0000120271,59498.15,3078.527,GBP,XPAR,2026-10-07T00:26:08.485210,5493006B1YHUQ7ZX5L88,ANYOTC,SELL,213800LBPT1H9WO9ZL78,TRX-00000716
TRX-00000717,US5949181045,12081.12,3420.7578,JPY,XNAS,2026-10-07T03:26:08.485216,5493001ZABYZPD63HV28,DEAL,BUY,213800LBPT1H9WO9ZL78,TRX-00000717
TRX-00000718,US5949181045,6323.13,1370.1929,CHF,XNAS,2026-10-06T15:26:08.485221,5493006B1YHUQ7ZX5L88,ANYOTC,BUY,213800LBPT1H9WO9ZL78,TRX-00000718
TRX-00000719,FR0000120271,24365.22,2910.347,USD,XNYS,2026-10-06T17:26:08.485226,529900D6BHCL8WQ7R898,MATCH,BUY,213800LBPT1H9WO9ZL78,TRX-00000719
TRX-00000720,GB0002374006,87962.81,408.5776,GBP,XNAS,2026-10-07T11:26:08.485231,529900D6BHCL8WQ7R898,MATCH,SELL,213800LBPT1H9WO9ZL78,TRX-00000720
TRX-00000721,FR0000120271,69236.14,1031.5949,EUR,XMAD,2026-10-07T00:26:08.485236,5493001ZABYZPD63HV28,DEAL,BUY,213800LBPT1H9WO9ZL78,TRX-00000721
TRX-00000722,CH0012005267,18000.87,2499.9383,GBP,XAMS,2026-10-07T02:26:08.485242,549300JSX0Z4CY0V0P21,DEAL,BUY,213800LBPT1H9WO9ZL78,TRX-00000722
TRX-00000723,US0378331005,11751.66,2651.4649,GBP,XFRA,2026-10-06T20:26:08.485247,529900D6BHCL8WQ7R898,DEAL,SELL,213800LBPT1H9WO9ZL78,TRX-00000723
TRX-00000724,US0378331005,27643.38,969.4012,USD,XMAD,2026-10-06T22:26:08.485252,5493001ZABYZPD63HV28,DEAL,BUY,213800LBPT1H9WO9ZL78,TRX-00000724
TRX-00000725,GB0002374006,64486.44,1426.0375,CHF,XAMS,2026-10-07T03:26:08.485257,529900D6BHCL8WQ7R898,MATCH,BUY,213800LBPT1H9WO9ZL78,TRX-00000725
TRX-00000726,GB00B03MLX29,74041.95,4624.3819,USD,XNAS,2026-10-07T13:26:08.485261,549300JSX0Z4CY0V0P21,ANYOTC,BUY,213800LBPT1H9WO9ZL78,TRX-00000726
TRX-00000727,GB00B03MLX29,89508.02,3607.294,JPY,XFRA,2026-10-07T00:26:08.485266,5493001ZABYZPD63HV28,ANYOTC,SELL,213800LBPT1H9WO9ZL78,TRX-00000727
TRX-00000728,US0378331005,77897.75,1631.335,GBP,XPAR,2026-10-06T14:26:08.485271,549300JSX0Z4CY0V0P21,DEAL,SELL,213800LBPT1H9WO9ZL78,TRX-00000728
TRX-00000729,US0378331005,7353.9,2925.8762,GBP,XMIL,2026-10-07T09:26:08.485276,5493001ZABYZPD63HV28,ANYOTC,SELL,213800LBPT1H9WO9ZL78,TRX-00000729
TRX-00000730,GB00B0MYJG27,38733.64,682.8867,USD,XFRA,2026-10-07T05:26:08.485282,5493001ZABYZPD63HV28,MATCH,BUY,213800LBPT1H9WO9ZL78,TRX-00000730
TRX-00000731,GB0002374006,69221.36,299.1989,USD,XNYS,2026-10-06T23:26:08.485287,549300JSX0Z4CY0V0P21,MATCH,BUY,213800LBPT1H9WO9ZL78,TRX-00000731
TRX-00000732,US5949181045,21986.14,1476.5124,USD,XNAS,2026-10-06T19:26:08.485292,529900D6BHCL8WQ7R898,DEAL,BUY,213800LBPT1H9WO9ZL78,TRX-00000732
TRX-00000733,DE0007164600,85697.52,2446.5778,USD,XMAD,2026-10-06T23:26:08.485296,5493006B1YHUQ7ZX5L88,DEAL,SELL,213800LBPT1H9WO9ZL78,TRX-00000733
TRX-00000734,US0378331005,24783.9,2171.8094,USD,XNAS,2026-10-06T19:26:08.485301,213800LBPT1H9WO9ZL78,MATCH,BUY,213800LBPT1H9WO9ZL78,TRX-00000734
TRX-00000735,GB0002374006,99127.36,3667.648,JPY,XLON,2026-10-07T00:26:08.485306,529900D6BHCL8WQ7R898,MATCH,SELL,213800LBPT1H9WO9ZL78,TRX-00000735
TRX-00000736,GB00B03MLX29,45244.68,1203.317,JPY,XLON,2026-10-06T15:26:08.485312,549300JSX0Z4CY0V0P21,DEAL,BUY,213800LBPT1H9WO9ZL78,TRX-00000736
TRX-00000737,US5949181045,29579.75,3238.5534,GBP,XLON,2026-10-06T22:26:08.485317,5493006B1YHUQ7ZX5L88,DEAL,SELL,213800LBPT1H9WO9ZL78,TRX-00000737
TRX-00000738,CH0012005267,74728.92,123.043,CHF,XMAD,2026-10-07T09:26:08.485322,549300JSX0Z4CY0V0P21,DEAL,SELL,213800LBPT1H9WO9ZL78,TRX-00000738
TRX-00000739,FR0000120271,70390.5,7.8169,GBP,XMIL,2026-10-06T15:26:08.485327,5493006B1YHUQ7ZX5L88,ANYOTC,BUY,213800LBPT1H9WO9ZL78,TRX-00000739
TRX-00000740,US02079K3059,42590.8,1349.6771,JPY,XPAR,2026-10-06T16:26:08.485335,213800LBPT1H9WO9ZL78,ANYOTC,SELL,213800LBPT1H9WO9ZL78,TRX-00000740
TRX-00000741,GB0002374006,51474.13,4550.1106,EUR,XLON,2026-10-07T10:26:08.485339,549300JSX0Z4CY0V0P21,MATCH,SELL,213800LBPT1H9WO9ZL78,TRX-00000741
TRX-00000742,CH0012005267,4088.39,1832.7985,JPY,XNYS,2026-10-06T20:26:08.485344,5493001ZABYZPD63HV28,DEAL,SELL,213800LBPT1H9WO9ZL78,TRX-00000742
TRX-00000743,US0378331005,53963.84,3245.543,JPY,XPAR,2026-10-06T14:26:08.485349,5493001ZABYZPD63HV28,MATCH,SELL,213800LBPT1H9WO9ZL78,TRX-00000743
TRX-00000744,US02079K3059,50357.09,2115.2227,GBP,XNYS,2026-10-07T02:26:08.485354,5493006B1YHUQ7ZX5L88,MATCH,SELL,213800LBPT1H9WO9ZL78,TRX-00000744
TRX-00000745,NL0010273215,52668.73,614.4245,JPY,XAMS,2026-10-06T23:26:08.485359,529900D6BHCL8WQ7R898,MATCH,BUY,213800LBPT1H9WO9ZL78,TRX-00000745
TRX-00000746,US0378331005,89190.43,2289.9127,GBP,XMIL,2026-10-07T08:26:08.485364,5493006B1YHUQ7ZX5L88,DEAL,BUY,213800LBPT1H9WO9ZL78,TRX-00000746
TRX-00000747,GB00B0MYJG27,27595.0,3485.7135,CHF,XNAS,2026-10-07T07:26:08.485369,529900D6BHCL8WQ7R898,ANYOTC,BUY,213800LBPT1H9WO9ZL78,TRX-00000747
TRX-00000748,US02079K3059,41654.25,3412.3345,USD,XMAD,2026-10-07T02:26:08.485373,549300JSX0Z4CY0V0P21,MATCH,BUY,213800LBPT1H9WO9ZL78,TRX-00000748
TRX-00000749,US02079K3059,18906.88,111.1611,USD,XFRA,2026-10-07T00:26:08.485380,529900D6BHCL8WQ7R898,MATCH,SELL,213800LBPT1H9WO9ZL78,TRX-00000749
TRX-00000751,US02079K3059,17174.54,1300.7773,CHF,XFRA,2026-10-07T04:26:08.485392,213800LBPT1H9WO9ZL78,DEAL,SELL,213800LBPT1H9WO9ZL78,TRX-00000751
TRX-00000752,US02079K3059,45593.2,832.649,USD,XAMS,2026-10-07T08:26:08.485398,5493001ZABYZPD63HV28,ANYOTC,BUY,213800LBPT1H9WO9ZL78,TRX-00000752
TRX-00000753,GB00B0MYJG27,23791.29,206.7161,EUR,XNAS,2026-10-06T23:26:08.485405,5493006B1YHUQ7ZX5L88,MATCH,BUY,213800LBPT1H9WO9ZL78,TRX-00000753
TRX-00000754,US0378331005,56249.16,174.4108,EUR,XFRA,2026-10-07T09:26:08.485410,5493006B1YHUQ7ZX5L88,MATCH,BUY,213800LBPT1H9WO9ZL78,TRX-00000754
TRX-00000755,NL0010273215,30156.68,4602.2494,CHF,XMAD,2026-10-07T09:26:08.485415,549300JSX0Z4CY0V0P21,MATCH,BUY,213800LBPT1H9WO9ZL78,TRX-00000755
TRX-00000756,GB0002374006,97015.05,2731.1818,JPY,XFRA,2026-10-06T17:26:08.485420,5493006B1YHUQ7ZX5L88,MATCH,SELL,213800LBPT1H9WO9ZL78,TRX-00000756
TRX-00000757,CH0012005267,66689.11,3998.0813,CHF,XFRA,2026-10-06T15:26:08.485425,213800LBPT1H9WO9ZL78,ANYOTC,SELL,213800LBPT1H9WO9ZL78,TRX-00000757
TRX-00000758,GB0002374006,13943.19,2755.249,EUR,XLON,2026-10-07T01:26:08.485430,529900D6BHCL8WQ7R898,DEAL,SELL,213800LBPT1H9WO9ZL78,TRX-00000758
TRX-00000759,US5949181045,9249.02,276.1131,USD,XPAR,2026-10-07T05:26:08.485435,5493001ZABYZPD63HV28,DEAL,BUY,213800LBPT1H9WO9ZL78,TRX-00000759
TRX-00000760,NL0010273215,84945.29,3385.6399,GBP,XMIL,2026-10-07T07:26:08.485441,549300JSX0Z4CY0V0P21,MATCH,BUY,213800LBPT1H9WO9ZL78,TRX-00000760
TRX-00000761,US5949181045,39756.4,3580.1029,CHF,XFRA,2026-10-07T01:26:08.485446,5493006B1YHUQ7ZX5L88,DEAL,SELL,213800LBPT1H9WO9ZL78,TRX-00000761
TRX-00000762,US5949181045,35136.15,4887.6406,JPY,XNYS,2026-10-07T07:26:08.485451,549300JSX0Z4CY0V0P21,ANYOTC,SELL,213800LBPT1H9WO9ZL78,TRX-00000762
TRX-00000763,FR0000120271,28864.11,4028.5583,CHF,XMIL,2026-10-07T09:26:08.485456,529900D6BHCL8WQ7R898,ANYOTC,BUY,213800LBPT1H9WO9ZL78,TRX-00000763
TRX-00000764,GB00B0MYJG27,20779.17,2373.591,JPY,XFRA,2026-10-07T11:26:08.485461,529900D6BHCL8WQ7R898,MATCH,BUY,213800LBPT1H9WO9ZL78,TRX-00000764
TRX-00000765,GB0002374006,40946.65,4572.1381,CHF,XNAS,2026-10-06T20:26:08.485466,549300JSX0Z4CY0V0P21,ANYOTC,BUY,213800LBPT1H9WO9ZL78,TRX-00000765
TRX-00000766,US0378331005,18601.46,1909.4659,JPY,XMAD,2026-10-07T12:26:08.485471,5493006B1YHUQ7ZX5L88,ANYOTC,SELL,213800LBPT1H9WO9ZL78,TRX-00000766
TRX-00000767,FR0000120271,55928.55,2317.7957,GBP,XLON,2026-10-07T09:26:08.485475,5493006B1YHUQ7ZX5L88,MATCH,SELL,213800LBPT1H9WO9ZL78,TRX-00000767
TRX-00000768,GB00B03MLX29,65381.64,4463.5399,CHF,XNAS,2026-10-06T22:26:08.485480,5493001ZABYZPD63HV28,DEAL,BUY,213800LBPT1H9WO9ZL78,TRX-00000768
TRX-00000769,US02079K3059,49305.53,4853.156,JPY,XFRA,2026-10-06T19:26:08.485485,549300JSX0Z4CY0V0P21,ANYOTC,SELL,213800LBPT1H9WO9ZL78,TRX-00000769
TRX-00000770,US02079K3059,62799.98,2380.7275,GBP,XFRA,2026-10-06T21:26:08.485491,529900D6BHCL8WQ7R898,DEAL,SELL,213800LBPT1H9WO9ZL78,TRX-00000770
TRX-00000771,GB00B0MYJG27,58165.87,731.5395,CHF,XNAS,2026-10-07T02:26:08.485496,5493001ZABYZPD63HV28,DEAL,SELL,213800LBPT1H9WO9ZL78,TRX-00000771
TRX-00000772,US5949181045,41951.98,4560.611,EUR,XLON,2026-10-07T04:26:08.485501,5493006B1YHUQ7ZX5L88,ANYOTC,BUY,213800LBPT1H9WO9ZL78,TRX-00000772
TRX-00000773,NL0010273215,19382.29,3140.5217,GBP,XNAS,2026-10-06T20:26:08.485506,5493006B1YHUQ7ZX5L88,MATCH,SELL,213800LBPT1H9WO9ZL78,TRX-00000773
TRX-00000774,US02079K3059,68544.69,3442.0449,GBP,XFRA,2026-10-07T09:26:08.485511,213800LBPT1H9WO9ZL78,DEAL,SELL,213800LBPT1H9WO9ZL78,TRX-00000774
TRX-00000775,US5949181045,77881.01,2060.5605,USD,XNYS,2026-10-07T07:26:08.485515,5493001ZABYZPD63HV28,ANYOTC,BUY,213800LBPT1H9WO9ZL78,TRX-00000775
TRX-00000776,US0378331005,79510.88,2793.7174,JPY,XNYS,2026-10-07T00:26:08.485520,549300JSX0Z4CY0V0P21,DEAL,BUY,213800LBPT1H9WO9ZL78,TRX-00000776
TRX-00000777,GB00B0MYJG27,92341.05,2398.1116,EUR,XFRA,2026-10-07T09:26:08.485525,549300JSX0Z4CY0V0P21,ANYOTC,SELL,213800LBPT1H9WO9ZL78,TRX-00000777
TRX-00000778,GB00B0MYJG27,70989.78,144.7689,GBP,XPAR,2026-10-07T09:26:08.485530,5493001ZABYZPD63HV28,ANYOTC,BUY,213800LBPT1H9WO9ZL78,TRX-00000778
TRX-00000779,US02079K3059,12535.29,651.961,GBP,XMIL,2026-10-06T15:26:08.485535,213800LBPT1H9WO9ZL78,DEAL,BUY,213800LBPT1H9WO9ZL78,TRX-00000779
TRX-00000780,FR0000120271,75733.65,215.6776,GBP,XLON,2026-10-06T16:26:08.485541,529900D6BHCL8WQ7R898,ANYOTC,BUY,213800LBPT1H9WO9ZL78,TRX-00000780
TRX-00000781,FR0000120271,11893.1,1265.8093,GBP,XAMS,2026-10-06T16:26:08.485547,213800LBPT1H9WO9ZL78,DEAL,BUY,213800LBPT1H9WO9ZL78,TRX-00000781
TRX-00000782,CH0012005267,20540.91,4505.9732,USD,XFRA,2026-10-07T13:26:08.485552,213800LBPT1H9WO9ZL78,DEAL,SELL,213800LBPT1H9WO9ZL78,TRX-00000782
TRX-00000783,CH0012005267,34784.31,803.6261,JPY,XPAR,2026-10-06T21:26:08.485564,529900D6BHCL8WQ7R898,DEAL,BUY,213800LBPT1H9WO9ZL78,TRX-00000783
TRX-00000784,CH0012005267,76324.64,2644.6649,USD,XAMS,2026-10-07T08:26:08.485571,529900D6BHCL8WQ7R898,DEAL,BUY,213800LBPT1H9WO9ZL78,TRX-00000784
TRX-00000785,US0378331005,92047.8,4256.6328,CHF,XFRA,2026-10-06T15:26:08.485576,529900D6BHCL8WQ7R898,DEAL,SELL,213800LBPT1H9WO9ZL78,TRX-00000785
TRX-00000786,GB00B03MLX29,18085.67,1774.7569,CHF,XMIL,2026-10-07T07:26:08.485581,529900D6BHCL8WQ7R898,DEAL,SELL,213800LBPT1H9WO9ZL78,TRX-00000786
TRX-00000787,GB00B03MLX29,76141.18,1572.0871,CHF,XNYS,2026-10-06T21:26:08.485585,5493001ZABYZPD63HV28,MATCH,SELL,213800LBPT1H9WO9ZL78,TRX-00000787
TRX-00000788,US02079K3059,55713.66,204.0022,EUR,XMAD,2026-10-07T10:26:08.485590,549300JSX0Z4CY0V0P21,MATCH,SELL,213800LBPT1H9WO9ZL78,TRX-00000788
TRX-00000789,CH0012005267,73617.71,3435.5457,CHF,XPAR,2026-10-06T20:26:08.485595,549300JSX0Z4CY0V0P21,MATCH,SELL,213800LBPT1H9WO9ZL78,TRX-00000789
TRX-00000790,US0378331005,85677.52,4473.8785,CHF,XFRA,2026-10-07T08:26:08.485601,213800LBPT1H9WO9ZL78,ANYOTC,SELL,213800LBPT1H9WO9ZL78,TRX-00000790
TRX-00000791,GB00B03MLX29,39637.58,2613.7892,GBP,XNYS,2026-10-07T09:26:08.485606,549300JSX0Z4CY0V0P21,MATCH,BUY,213800LBPT1H9WO9ZL78,TRX-00000791
TRX-00000792,GB00B0MYJG27,6471.98,4876.0623,EUR,XPAR,2026-10-06T18:26:08.485611,549300JSX0Z4CY0V0P21,DEAL,BUY,213800LBPT1H9WO9ZL78,TRX-00000792
TRX-00000793,DE0007164600,72520.32,1393.3131,JPY,XAMS,2026-10-06T17:26:08.485616,549300JSX0Z4CY0V0P21,MATCH,SELL,213800LBPT1H9WO9ZL78,TRX-00000793
TRX-00000794,CH0012005267,95013.93,4937.6285,JPY,XAMS,2026-10-07T09:26:08.485621,549300JSX0Z4CY0V0P21,DEAL,BUY,213800LBPT1H9WO9ZL78,TRX-00000794
TRX-00000795,US02079K3059,48934.65,1154.8781,USD,XLON,2026-10-07T10:26:08.485625,213800LBPT1H9WO9ZL78,DEAL,SELL,213800LBPT1H9WO9ZL78,TRX-00000795
TRX-00000796,GB0002374006,97207.28,1913.7823,EUR,XNAS,2026-10-07T04:26:08.485630,529900D6BHCL8WQ7R898,ANYOTC,BUY,213800LBPT1H9WO9ZL78,TRX-00000796
TRX-00000797,GB00B03MLX29,66108.4,2600.2246,CHF,XMAD,2026-10-07T07:26:08.485635,5493006B1YHUQ7ZX5L88,ANYOTC,SELL,213800LBPT1H9WO9ZL78,TRX-00000797
TRX-00000798,FR0000120271,50479.97,2712.6481,JPY,XLON,2026-10-07T12:26:08.485640,549300JSX0Z4CY0V0P21,DEAL,SELL,213800LBPT1H9WO9ZL78,TRX-00000798
TRX-00000799,FR0000120271,31456.61,1882.3065,CHF,XLON,2026-10-07T12:26:08.485645,5493001ZABYZPD63HV28,ANYOTC,SELL,213800LBPT1H9WO9ZL78,TRX-00000799
TRX-00000801,NL0010273215,68537.73,2861.479,CHF,XNAS,2026-10-06T21:26:08.485657,213800LBPT1H9WO9ZL78,MATCH,SELL,213800LBPT1H9WO9ZL78,TRX-00000801
TRX-00000802,FR0000120271,59104.92,1889.6107,EUR,XAMS,2026-10-07T03:26:08.485661,213800LBPT1H9WO9ZL78,DEAL,BUY,213800LBPT1H9WO9ZL78,TRX-00000802
TRX-00000803,GB00B0MYJG27,83693.58,1745.0351,JPY,XLON,2026-10-06T17:26:08.485666,5493006B1YHUQ7ZX5L88,MATCH,BUY,213800LBPT1H9WO9ZL78,TRX-00000803
TRX-00000804,DE0007164600,34514.96,1787.473,EUR,XLON,2026-10-06T16:26:08.485673,5493001ZABYZPD63HV28,DEAL,BUY,213800LBPT1H9WO9ZL78,TRX-00000804
TRX-00000805,US02079K3059,59253.57,4552.0347,GBP,XAMS,2026-10-07T10:26:08.485677,5493006B1YHUQ7ZX5L88,DEAL,BUY,213800LBPT1H9WO9ZL78,TRX-00000805
TRX-00000806,NL0010273215,32612.36,2305.086,CHF,XMIL,2026-10-07T05:26:08.485682,213800LBPT1H9WO9ZL78,ANYOTC,SELL,213800LBPT1H9WO9ZL78,TRX-00000806
TRX-00000807,CH0012005267,2224.62,1583.2551,JPY,XMIL,2026-10-07T03:26:08.485687,529900D6BHCL8WQ7R898,DEAL,SELL,213800LBPT1H9WO9ZL78,TRX-00000807
TRX-00000808,GB00B03MLX29,69086.71,1030.3357,CHF,XFRA,2026-10-07T08:26:08.485692,529900D6BHCL8WQ7R898,MATCH,SELL,213800LBPT1H9WO9ZL78,TRX-00000808
TRX-00000809,DE0007164600,20176.66,3177.5856,GBP,XPAR,2026-10-07T04:26:08.485697,5493006B1YHUQ7ZX5L88,DEAL,SELL,213800LBPT1H9WO9ZL78,TRX-00000809
TRX-00000810,CH0012005267,40203.33,1141.506,GBP,XNYS,2026-10-06T19:26:08.485703,5493006B1YHUQ7ZX5L88,MATCH,BUY,213800LBPT1H9WO9ZL78,TRX-00000810
TRX-00000811,CH0012005267,80118.77,2376.8666,USD,XFRA,2026-10-07T11:26:08.485708,5493006B1YHUQ7ZX5L88,ANYOTC,SELL,213800LBPT1H9WO9ZL78,TRX-00000811
TRX-00000812,DE0007164600,66346.01,1567.4515,CHF,XMIL,2026-10-07T05:26:08.485714,529900D6BHCL8WQ7R898,ANYOTC,SELL,213800LBPT1H9WO9ZL78,TRX-00000812
TRX-00000813,NL0010273215,18060.9,93.998,JPY,XNAS,2026-10-06T19:26:08.485725,549300JSX0Z4CY0V0P21,DEAL,SELL,213800LBPT1H9WO9ZL78,TRX-00000813
TRX-00000814,US02079K3059,93716.36,2664.064,JPY,XMIL,2026-10-06T19:26:08.485730,213800LBPT1H9WO9ZL78,ANYOTC,BUY,213800LBPT1H9WO9ZL78,TRX-00000814
TRX-00000815,US5949181045,46249.21,1202.6294,EUR,XMIL,2026-10-07T00:26:08.485735,5493006B1YHUQ7ZX5L88,DEAL,BUY,213800LBPT1H9WO9ZL78,TRX-00000815
TRX-00000816,DE0007164600,26694.21,1435.9359,USD,XAMS,2026-10-06T16:26:08.485740,529900D6BHCL8WQ7R898,DEAL,SELL,213800LBPT1H9WO9ZL78,TRX-00000816
TRX-00000817,US0378331005,11356.74,960.3881,USD,XAMS,2026-10-06T23:26:08.485745,549300JSX0Z4CY0V0P21,ANYOTC,SELL,213800LBPT1H9WO9ZL78,TRX-00000817
TRX-00000818,DE0007164600,64692.56,185.9817,USD,XAMS,2026-10-07T09:26:08.485750,213800LBPT1H9WO9ZL78,MATCH,SELL,213800LBPT1H9WO9ZL78,TRX-00000818
TRX-00000819,NL0010273215,17599.35,4262.7526,CHF,XLON,2026-10-07T12:26:08.485754,213800LBPT1H9WO9ZL78,MATCH,SELL,213800LBPT1H9WO9ZL78,TRX-00000819
TRX-00000820,GB00B03MLX29,90057.59,2035.6273,EUR,XNYS,2026-10-07T01:26:08.485761,5493001ZABYZPD63HV28,DEAL,BUY,213800LBPT1H9WO9ZL78,TRX-00000820
TRX-00000821,CH0012005267,73448.31,4664.7443,JPY,XAMS,2026-10-06T22:26:08.485766,213800LBPT1H9WO9ZL78,DEAL,BUY,213800LBPT1H9WO9ZL78,TRX-00000821
TRX-00000822,US5949181045,32929.26,2922.0468,CHF,XPAR,2026-10-07T00:26:08.485771,5493001ZABYZPD63HV28,DEAL,BUY,213800LBPT1H9WO9ZL78,TRX-00000822
TRX-00000823,GB00B0MYJG27,21411.65,1373.4621,CHF,XAMS,2026-10-06T19:26:08.485776,213800LBPT1H9WO9ZL78,MATCH,SELL,213800LBPT1H9WO9ZL78,TRX-00000823
TRX-00000824,GB00B03MLX29,31649.68,2119.4828,USD,XAMS,2026-10-07T09:26:08.485781,5493006B1YHUQ7ZX5L88,MATCH,SELL,213800LBPT1H9WO9ZL78,TRX-00000824
TRX-00000825,US02079K3059,2108.4,4834.059,JPY,XLON,2026-10-06T14:26:08.485785,213800LBPT1H9WO9ZL78,ANYOTC,BUY,213800LBPT1H9WO9ZL78,TRX-00000825
TRX-00000826,US02079K3059,55273.24,1547.0332,EUR,XNYS,2026-10-06T20:26:08.485791,5493001ZABYZPD63HV28,MATCH,SELL,213800LBPT1H9WO9ZL78,TRX-00000826
TRX-00000827,GB0002374006,90979.0,1965.4849,EUR,XAMS,2026-10-07T11:26:08.485796,5493001ZABYZPD63HV28,MATCH,BUY,213800LBPT1H9WO9ZL78,TRX-00000827
TRX-00000828,GB00B0MYJG27,91589.16,3157.1322,CHF,XLON,2026-10-07T05:26:08.485801,213800LBPT1H9WO9ZL78,MATCH,SELL,213800LBPT1H9WO9ZL78,TRX-00000828
TRX-00000829,DE0007164600,92649.8,1664.2784,CHF,XNYS,2026-10-07T08:26:08.485806,5493006B1YHUQ7ZX5L88,ANYOTC,BUY,213800LBPT1H9WO9ZL78,TRX-00000829
TRX-00000830,US5949181045,42087.63,3646.4287,JPY,XFRA,2026-10-06T23:26:08.485813,213800LBPT1H9WO9ZL78,DEAL,BUY,213800LBPT1H9WO9ZL78,TRX-00000830
TRX-00000831,FR0000120271,79102.14,681.325,CHF,XPAR,2026-10-06T17:26:08.485818,5493006B1YHUQ7ZX5L88,MATCH,BUY,213800LBPT1H9WO9ZL78,TRX-00000831
TRX-00000832,GB00B03MLX29,15783.09,2582.3131,USD,XMIL,2026-10-07T03:26:08.485823,549300JSX0Z4CY0V0P21,MATCH,BUY,213800LBPT1H9WO9ZL78,TRX-00000832
TRX-00000833,US02079K3059,17348.73,2965.5091,EUR,XAMS,2026-10-07T07:26:08.485828,213800LBPT1H9WO9ZL78,MATCH,SELL,213800LBPT1H9WO9ZL78,TRX-00000833
TRX-00000834,GB00B0MYJG27,39350.02,1887.2228,JPY,XPAR,2026-10-07T13:26:08.485833,213800LBPT1H9WO9ZL78,ANYOTC,BUY,213800LBPT1H9WO9ZL78,TRX-00000834
TRX-00000835,GB00B03MLX29,97412.78,992.1327,USD,XLON,2026-10-07T01:26:08.485838,529900D6BHCL8WQ7R898,MATCH,SELL,213800LBPT1H9WO9ZL78,TRX-00000835
TRX-00000836,GB00B0MYJG27,8907.04,1840.2329,JPY,XNYS,2026-10-07T13:26:08.485842,529900D6BHCL8WQ7R898,MATCH,SELL,213800LBPT1H9WO9ZL78,TRX-00000836
TRX-00000837,FR0000120271,11852.12,3568.105,USD,XAMS,2026-10-07T04:26:08.485847,549300JSX0Z4CY0V0P21,MATCH,BUY,213800LBPT1H9WO9ZL78,TRX-00000837
TRX-00000838,DE0007164600,85633.92,3000.8138,EUR,XPAR,2026-10-07T00:26:08.485852,5493001ZABYZPD63HV28,MATCH,BUY,213800LBPT1H9WO9ZL78,TRX-00000838
TRX-00000839,GB0002374006,29020.01,1309.7355,JPY,XMAD,2026-10-07T06:26:08.485857,5493006B1YHUQ7ZX5L88,ANYOTC,SELL,213800LBPT1H9WO9ZL78,TRX-00000839
TRX-00000840,GB00B03MLX29,1033.01,673.5604,EUR,XMIL,2026-10-06T16:26:08.485863,5493001ZABYZPD63HV28,ANYOTC,SELL,213800LBPT1H9WO9ZL78,TRX-00000840
TRX-00000841,DE0007164600,73610.67,1281.8717,GBP,XLON,2026-10-07T12:26:08.485868,5493006B1YHUQ7ZX5L88,DEAL,SELL,213800LBPT1H9WO9ZL78,TRX-00000841
TRX-00000842,US5949181045,99673.95,4696.6704,JPY,XLON,2026-10-07T13:26:08.485873,5493006B1YHUQ7ZX5L88,ANYOTC,SELL,213800LBPT1H9WO9ZL78,TRX-00000842
TRX-00000843,US02079K3059,97752.41,3356.6388,USD,XLON,2026-10-06T19:26:08.485878,5493001ZABYZPD63HV28,MATCH,BUY,213800LBPT1H9WO9ZL78,TRX-00000843
TRX-00000844,NL0010273215,49284.49,1696.5445,CHF,XNAS,2026-10-07T11:26:08.485883,5493006B1YHUQ7ZX5L88,ANYOTC,SELL,213800LBPT1H9WO9ZL78,TRX-00000844
TRX-00000845,GB00B0MYJG27,26041.34,1567.0348,USD,XMAD,2026-10-07T05:26:08.485888,5493006B1YHUQ7ZX5L88,MATCH,SELL,213800LBPT1H9WO9ZL78,TRX-00000845
TRX-00000846,US02079K3059,61293.54,3808.058,EUR,XFRA,2026-10-07T00:26:08.485893,5493001ZABYZPD63HV28,MATCH,SELL,213800LBPT1H9WO9ZL78,TRX-00000846
TRX-00000847,GB00B0MYJG27,55567.92,4614.3412,CHF,XLON,2026-10-07T07:26:08.485898,5493001ZABYZPD63HV28,DEAL,BUY,213800LBPT1H9WO9ZL78,TRX-00000847
TRX-00000848,GB00B0MYJG27,3587.19,1301.8596,CHF,XMIL,2026-10-07T10:26:08.485903,549300JSX0Z4CY0V0P21,DEAL,SELL,213800LBPT1H9WO9ZL78,TRX-00000848
TRX-00000849,US5949181045,98881.87,2804.7117,CHF,XMAD,2026-10-07T10:26:08.485908,5493001ZABYZPD63HV28,DEAL,SELL,213800LBPT1H9WO9ZL78,TRX-00000849
TRX-00000851,NL0010273215,76685.0,903.6637,GBP,XPAR,2026-10-06T22:26:08.485919,213800LBPT1H9WO9ZL78,MATCH,BUY,213800LBPT1H9WO9ZL78,TRX-00000851
TRX-00000852,US02079K3059,68131.55,3403.5164,CHF,XFRA,2026-10-06T19:26:08.485924,213800LBPT1H9WO9ZL78,MATCH,BUY,213800LBPT1H9WO9ZL78,TRX-00000852
TRX-00000853,GB0002374006,8107.24,4153.6654,CHF,XMAD,2026-10-06T17:26:08.485929,5493006B1YHUQ7ZX5L88,ANYOTC,BUY,213800LBPT1H9WO9ZL78,TRX-00000853
TRX-00000854,US5949181045,96977.08,3281.2076,CHF,XFRA,2026-10-06T14:26:08.485933,529900D6BHCL8WQ7R898,DEAL,BUY,213800LBPT1H9WO9ZL78,TRX-00000854
TRX-00000855,GB0002374006,80155.99,1415.4871,GBP,XNYS,2026-10-06T20:26:08.485940,529900D6BHCL8WQ7R898,MATCH,BUY,213800LBPT1H9WO9ZL78,TRX-00000855
TRX-00000856,DE0007164600,25517.14,1201.1606,CHF,XNYS,2026-10-07T13:26:08.485944,5493001ZABYZPD63HV28,DEAL,SELL,213800LBPT1H9WO9ZL78,TRX-00000856
TRX-00000857,DE0007164600,28494.3,3763.0403,USD,XNYS,2026-10-07T04:26:08.485949,549300JSX0Z4CY0V0P21,MATCH,SELL,213800LBPT1H9WO9ZL78,TRX-00000857
TRX-00000858,CH0012005267,13129.54,3327.936,EUR,XPAR,2026-10-06T22:26:08.485954,549300JSX0Z4CY0V0P21,MATCH,SELL,213800LBPT1H9WO9ZL78,TRX-00000858
TRX-00000859,US02079K3059,56306.14,2115.9298,CHF,XFRA,2026-10-06T18:26:08.485959,5493001ZABYZPD63HV28,MATCH,SELL,213800LBPT1H9WO9ZL78,TRX-00000859
TRX-00000860,GB00B03MLX29,4044.77,1709.3825,CHF,XPAR,2026-10-06T17:26:08.485965,5493001ZABYZPD63HV28,MATCH,BUY,213800LBPT1H9WO9ZL78,TRX-00000860
TRX-00000861,US02079K3059,46822.45,396.8365,CHF,XAMS,2026-10-07T09:26:08.485970,5493001ZABYZPD63HV28,ANYOTC,SELL,213800LBPT1H9WO9ZL78,TRX-00000861
TRX-00000862,US0378331005,52309.68,1478.1127,GBP,XNYS,2026-10-07T12:26:08.485975,529900D6BHCL8WQ7R898,DEAL,SELL,213800LBPT1H9WO9ZL78,TRX-00000862
TRX-00000863,DE0007164600,9449.34,3304.6154,JPY,XAMS,2026-10-07T02:26:08.485980,5493006B1YHUQ7ZX5L88,ANYOTC,BUY,213800LBPT1H9WO9ZL78,TRX-00000863
TRX-00000864,NL0010273215,1627.85,3702.8403,CHF,XNAS,2026-10-07T08:26:08.485986,549300JSX0Z4CY0V0P21,DEAL,BUY,213800LBPT1H9WO9ZL78,TRX-00000864
TRX-00000865,DE0007164600,87675.66,1488.9399,JPY,XMAD,2026-10-06T16:26:08.485991,549300JSX0Z4CY0V0P21,ANYOTC,SELL,213800LBPT1H9WO9ZL78,TRX-00000865
TRX-00000866,US5949181045,96672.0,4356.8527,USD,XPAR,2026-10-07T08:26:08.485995,213800LBPT1H9WO9ZL78,ANYOTC,SELL,213800LBPT1H9WO9ZL78,TRX-00000866
TRX-00000867,GB00B03MLX29,43380.46,90.5582,CHF,XNYS,2026-10-07T13:26:08.486000,5493001ZABYZPD63HV28,ANYOTC,SELL,213800LBPT1H9WO9ZL78,TRX-00000867
TRX-00000868,FR0000120271,69180.93,4344.0338,JPY,XMAD,2026-10-07T04:26:08.486005,529900D6BHCL8WQ7R898,ANYOTC,SELL,213800LBPT1H9WO9ZL78,TRX-00000868
TRX-00000869,DE0007164600,80464.27,439.088,USD,XLON,2026-10-07T07:26:08.486010,213800LBPT1H9WO9ZL78,DEAL,BUY,213800LBPT1H9WO9ZL78,TRX-00000869
TRX-00000870,GB0002374006,20923.74,3275.9022,USD,XMIL,2026-10-06T17:26:08.486017,529900D6BHCL8WQ7R898,DEAL,BUY,213800LBPT1H9WO9ZL78,TRX-00000870
TRX-00000871,US02079K3059,76972.34,741.6801,CHF,XLON,2026-10-07T10:26:08.486021,5493001ZABYZPD63HV28,DEAL,SELL,213800LBPT1H9WO9ZL78,TRX-00000871
TRX-00000872,FR0000120271,47149.45,4299.1224,JPY,XPAR,2026-10-07T07:26:08.486026,5493006B1YHUQ7ZX5L88,ANYOTC,SELL,213800LBPT1H9WO9ZL78,TRX-00000872
TRX-00000873,GB0002374006,33385.67,514.2149,CHF,XMIL,2026-10-06T22:26:08.486031,529900D6BHCL8WQ7R898,ANYOTC,SELL,213800LBPT1H9WO9ZL78,TRX-00000873
TRX-00000874,GB0002374006,48750.16,2431.0187,JPY,XMAD,2026-10-07T06:26:08.486036,213800LBPT1H9WO9ZL78,ANYOTC,BUY,213800LBPT1H9WO9ZL78,TRX-00000874
TRX-00000875,DE0007164600,57640.76,2766.7252,EUR,XMIL,2026-10-06T22:26:08.486041,213800LBPT1H9WO9ZL78,MATCH,SELL,213800LBPT1H9WO9ZL78,TRX-00000875
TRX-00000876,FR0000120271,69751.75,105.0138,EUR,XPAR,2026-10-06T22:26:08.486047,5493006B1YHUQ7ZX5L88,MATCH,BUY,213800LBPT1H9WO9ZL78,TRX-00000876
TRX-00000877,NL0010273215,21971.01,4545.4417,EUR,XMAD,2026-10-07T09:26:08.486052,5493006B1YHUQ7ZX5L88,ANYOTC,SELL,213800LBPT1H9WO9ZL78,TRX-00000877
TRX-00000878,DE0007164600,83308.24,3365.8634,EUR,XMAD,2026-10-07T08:26:08.486057,529900D6BHCL8WQ7R898,DEAL,SELL,213800LBPT1H9WO9ZL78,TRX-00000878
TRX-00000879,GB00B03MLX29,66705.98,646.3537,USD,XNAS,2026-10-06T18:26:08.486062,549300JSX0Z4CY0V0P21,DEAL,SELL,213800LBPT1H9WO9ZL78,TRX-00000879
TRX-00000880,FR0000120271,30365.89,1047.9553,GBP,XLON,2026-10-07T02:26:08.486068,5493006B1YHUQ7ZX5L88,MATCH,BUY,213800LBPT1H9WO9ZL78,TRX-00000880
TRX-00000881,GB00B0MYJG27,82795.04,4472.3929,GBP,XNYS,2026-10-07T03:26:08.486073,549300JSX0Z4CY0V0P21,DEAL,BUY,213800LBPT1H9WO9ZL78,TRX-00000881
TRX-00000882,GB00B03MLX29,56198.58,2432.3401,EUR,XFRA,2026-10-07T12:26:08.486077,529900D6BHCL8WQ7R898,MATCH,BUY,213800LBPT1H9WO9ZL78,TRX-00000882
TRX-00000883,NL0010273215,60429.34,521.606,GBP,XMAD,2026-10-06T23:26:08.486083,213800LBPT1H9WO9ZL78,DEAL,BUY,213800LBPT1H9WO9ZL78,TRX-00000883
TRX-00000884,NL0010273215,4197.9,527.95,GBP,XPAR,2026-10-07T02:26:08.486088,5493001ZABYZPD63HV28,ANYOTC,SELL,213800LBPT1H9WO9ZL78,TRX-00000884
TRX-00000885,FR0000120271,76196.71,2492.4566,GBP,XNAS,2026-10-06T17:26:08.486093,5493006B1YHUQ7ZX5L88,MATCH,BUY,213800LBPT1H9WO9ZL78,TRX-00000885
TRX-00000886,GB00B03MLX29,84859.66,2196.1032,CHF,XLON,2026-10-07T06:26:08.486098,549300JSX0Z4CY0V0P21,MATCH,SELL,213800LBPT1H9WO9ZL78,TRX-00000886
TRX-00000887,NL0010273215,17127.01,1330.8121,CHF,XFRA,2026-10-06T17:26:08.486103,5493001ZABYZPD63HV28,DEAL,SELL,213800LBPT1H9WO9ZL78,TRX-00000887
TRX-00000888,US0378331005,13800.3,2144.6854,CHF,XMAD,2026-10-06T21:26:08.486107,5493006B1YHUQ7ZX5L88,DEAL,SELL,213800LBPT1H9WO9ZL78,TRX-00000888
TRX-00000889,GB00B0MYJG27,77015.42,3588.4111,JPY,XNYS,2026-10-07T11:26:08.486112,5493006B1YHUQ7ZX5L88,MATCH,SELL,213800LBPT1H9WO9ZL78,TRX-00000889
TRX-00000890,GB00B0MYJG27,43407.79,1966.9381,GBP,XNAS,2026-10-06T19:26:08.486118,213800LBPT1H9WO9ZL78,ANYOTC,SELL,213800LBPT1H9WO9ZL78,TRX-00000890
TRX-00000891,DE0007164600,40200.88,3404.6724,JPY,XAMS,2026-10-06T14:26:08.486123,5493006B1YHUQ7ZX5L88,MATCH,BUY,213800LBPT1H9WO9ZL78,TRX-00000891
TRX-00000892,US02079K3059,90020.95,3052.3949,USD,XMIL,2026-10-06T23:26:08.486128,5493001ZABYZPD63HV28,ANYOTC,SELL,213800LBPT1H9WO9ZL78,TRX-00000892
TRX-00000893,US5949181045,88767.6,3908.0339,CHF,XPAR,2026-10-07T04:26:08.486133,213800LBPT1H9WO9ZL78,DEAL,SELL,213800LBPT1H9WO9ZL78,TRX-00000893
TRX-00000894,DE0007164600,72510.14,3700.5211,USD,XAMS,2026-10-07T07:26:08.486138,213800LBPT1H9WO9ZL78,ANYOTC,SELL,213800LBPT1H9WO9ZL78,TRX-00000894
TRX-00000895,NL0010273215,34071.55,3178.7918,GBP,XLON,2026-10-06T20:26:08.486143,529900D6BHCL8WQ7R898,MATCH,BUY,213800LBPT1H9WO9ZL78,TRX-00000895
TRX-00000896,US02079K3059,72651.2,4934.7865,GBP,XLON,2026-10-07T02:26:08.486148,5493006B1YHUQ7ZX5L88,ANYOTC,SELL,213800LBPT1H9WO9ZL78,TRX-00000896
TRX-00000897,GB00B03MLX29,4774.24,3255.1611,GBP,XMAD,2026-10-07T04:26:08.486152,529900D6BHCL8WQ7R898,ANYOTC,BUY,213800LBPT1H9WO9ZL78,TRX-00000897
TRX-00000898,FR0000120271,33898.69,1181.2505,JPY,XPAR,2026-10-07T02:26:08.486157,5493006B1YHUQ7ZX5L88,MATCH,BUY,213800LBPT1H9WO9ZL78,TRX-00000898
TRX-00000899,DE0007164600,51967.15,1238.919,EUR,XPAR,2026-10-07T02:26:08.486163,549300JSX0Z4CY0V0P21,DEAL,BUY,213800LBPT1H9WO9ZL78,TRX-00000899
TRX-00000901,GB00B03MLX29,36930.05,2631.7518,JPY,XMIL,2026-10-07T05:26:08.486174,529900D6BHCL8WQ7R898,MATCH,SELL,213800LBPT1H9WO9ZL78,TRX-00000901
TRX-00000902,FR0000120271,68902.1,4739.1523,CHF,XNAS,2026-10-07T09:26:08.486179,529900D6BHCL8WQ7R898,DEAL,SELL,213800LBPT1H9WO9ZL78,TRX-00000902
TRX-00000903,FR0000120271,12939.39,3522.9189,JPY,XNYS,2026-10-06T15:26:08.486183,5493001ZABYZPD63HV28,MATCH,SELL,213800LBPT1H9WO9ZL78,TRX-00000903
TRX-00000904,GB0002374006,74649.88,4720.4037,EUR,XNYS,2026-10-06T18:26:08.486188,549300JSX0Z4CY0V0P21,DEAL,BUY,213800LBPT1H9WO9ZL78,TRX-00000904
TRX-00000905,US5949181045,57176.9,202.3704,USD,XNYS,2026-10-07T02:26:08.486193,5493006B1YHUQ7ZX5L88,MATCH,SELL,213800LBPT1H9WO9ZL78,TRX-00000905
TRX-00000906,US02079K3059,48593.07,3956.2273,USD,XMIL,2026-10-07T12:26:08.486198,5493006B1YHUQ7ZX5L88,MATCH,BUY,213800LBPT1H9WO9ZL78,TRX-00000906
TRX-00000907,GB00B0MYJG27,81912.69,2444.4795,GBP,XFRA,2026-10-07T11:26:08.486205,213800LBPT1H9WO9ZL78,MATCH,SELL,213800LBPT1H9WO9ZL78,TRX-00000907
TRX-00000908,CH0012005267,30970.88,2262.4198,EUR,XMIL,2026-10-06T22:26:08.486211,529900D6BHCL8WQ7R898,DEAL,BUY,213800LBPT1H9WO9ZL78,TRX-00000908
TRX-00000909,NL0010273215,63646.39,3808.6322,CHF,XNAS,2026-10-06T14:26:08.486216,5493006B1YHUQ7ZX5L88,DEAL,SELL,213800LBPT1H9WO9ZL78,TRX-00000909
TRX-00000910,DE0007164600,23283.0,1977.5902,JPY,XLON,2026-10-06T16:26:08.486222,549300JSX0Z4CY0V0P21,ANYOTC,SELL,213800LBPT1H9WO9ZL78,TRX-00000910
TRX-00000911,GB00B03MLX29,86595.49,3536.3359,JPY,XAMS,2026-10-06T20:26:08.486227,213800LBPT1H9WO9ZL78,ANYOTC,BUY,213800LBPT1H9WO9ZL78,TRX-00000911
TRX-00000912,US0378331005,95516.88,2709.6298,GBP,XPAR,2026-10-06T22:26:08.486232,529900D6BHCL8WQ7R898,DEAL,BUY,213800LBPT1H9WO9ZL78,TRX-00000912
TRX-00000913,NL0010273215,17975.16,95.8489,USD,XPAR,2026-10-06T15:26:08.486237,529900D6BHCL8WQ7R898,MATCH,BUY,213800LBPT1H9WO9ZL78,TRX-00000913
TRX-00000914,NL0010273215,60685.88,2009.5875,GBP,XMAD,2026-10-07T13:26:08.486242,5493006B1YHUQ7ZX5L88,MATCH,BUY,213800LBPT1H9WO9ZL78,TRX-00000914
TRX-00000915,DE0007164600,2406.67,2639.9809,CHF,XAMS,2026-10-07T11:26:08.486246,213800LBPT1H9WO9ZL78,DEAL,BUY,213800LBPT1H9WO9ZL78,TRX-00000915
TRX-00000916,US02079K3059,14404.28,1278.5171,GBP,XNAS,2026-10-07T04:26:08.486251,549300JSX0Z4CY0V0P21,ANYOTC,BUY,213800LBPT1H9WO9ZL78,TRX-00000916
TRX-00000917,GB0002374006,61447.93,1627.1282,GBP,XLON,2026-10-07T04:26:08.486256,549300JSX0Z4CY0V0P21,DEAL,SELL,213800LBPT1H9WO9ZL78,TRX-00000917
TRX-00000918,GB00B0MYJG27,41282.87,1621.7647,CHF,XNYS,2026-10-07T12:26:08.486261,5493001ZABYZPD63HV28,DEAL,BUY,213800LBPT1H9WO9ZL78,TRX-00000918
TRX-00000919,FR0000120271,50862.62,2522.6018,GBP,XAMS,2026-10-07T12:26:08.486265,5493006B1YHUQ7ZX5L88,MATCH,SELL,213800LBPT1H9WO9ZL78,TRX-00000919
TRX-00000920,GB00B03MLX29,48417.67,2038.0615,USD,XLON,2026-10-07T05:26:08.486273,529900D6BHCL8WQ7R898,ANYOTC,BUY,213800LBPT1H9WO9ZL78,TRX-00000920
TRX-00000921,US0378331005,76298.07,3258.103,USD,XAMS,2026-10-06T19:26:08.486277,549300JSX0Z4CY0V0P21,MATCH,BUY,213800LBPT1H9WO9ZL78,TRX-00000921
TRX-00000922,NL0010273215,20346.49,4839.5897,EUR,XNAS,2026-10-07T06:26:08.486282,529900D6BHCL8WQ7R898,MATCH,SELL,213800LBPT1H9WO9ZL78,TRX-00000922
TRX-00000923,GB0002374006,101.1,2323.7956,JPY,XAMS,2026-10-06T17:26:08.486288,5493001ZABYZPD63HV28,DEAL,BUY,213800LBPT1H9WO9ZL78,TRX-00000923
TRX-00000924,FR0000120271,27331.02,1255.1939,CHF,XFRA,2026-10-06T17:26:08.486292,5493001ZABYZPD63HV28,ANYOTC,SELL,213800LBPT1H9WO9ZL78,TRX-00000924
TRX-00000925,GB0002374006,16142.47,2670.9123,GBP,XAMS,2026-10-07T11:26:08.486297,549300JSX0Z4CY0V0P21,ANYOTC,BUY,213800LBPT1H9WO9ZL78,TRX-00000925
TRX-00000926,GB00B0MYJG27,72507.65,4994.1074,CHF,XPAR,2026-10-06T18:26:08.486302,529900D6BHCL8WQ7R898,MATCH,SELL,213800LBPT1H9WO9ZL78,TRX-00000926
TRX-00000927,US02079K3059,97964.06,3539.0627,EUR,XPAR,2026-10-06T16:26:08.486307,5493006B1YHUQ7ZX5L88,MATCH,BUY,213800LBPT1H9WO9ZL78,TRX-00000927
TRX-00000928,FR0000120271,95899.31,1642.9578,USD,XLON,2026-10-06T18:26:08.486313,549300JSX0Z4CY0V0P21,DEAL,BUY,213800LBPT1H9WO9ZL78,TRX-00000928
TRX-00000929,GB00B0MYJG27,41316.89,4476.4456,CHF,XMIL,2026-10-06T20:26:08.486318,213800LBPT1H9WO9ZL78,ANYOTC,BUY,213800LBPT1H9WO9ZL78,TRX-00000929
TRX-00000930,NL0010273215,3095.72,4202.1931,CHF,XNYS,2026-10-07T02:26:08.486324,549300JSX0Z4CY0V0P21,ANYOTC,SELL,213800LBPT1H9WO9ZL78,TRX-00000930
TRX-00000931,DE0007164600,17719.49,3840.0613,GBP,XNYS,2026-10-06T23:26:08.486329,5493006B1YHUQ7ZX5L88,DEAL,SELL,213800LBPT1H9WO9ZL78,TRX-00000931
TRX-00000932,GB0002374006,22152.85,99.8886,EUR,XFRA,2026-10-07T07:26:08.486334,213800LBPT1H9WO9ZL78,ANYOTC,SELL,213800LBPT1H9WO9ZL78,TRX-00000932
TRX-00000933,US0378331005,23426.56,2469.5495,EUR,XLON,2026-10-07T05:26:08.486339,549300JSX0Z4CY0V0P21,ANYOTC,BUY,213800LBPT1H9WO9ZL78,TRX-00000933
TRX-00000934,GB0002374006,19609.48,4105.7962,CHF,XNYS,2026-10-07T05:26:08.486344,529900D6BHCL8WQ7R898,ANYOTC,SELL,213800LBPT1H9WO9ZL78,TRX-00000934
TRX-00000935,GB00B0MYJG27,55178.97,3299.5323,JPY,XNAS,2026-10-07T11:26:08.486348,529900D6BHCL8WQ7R898,DEAL,BUY,213800LBPT1H9WO9ZL78,TRX-00000935
TRX-00000936,GB00B0MYJG27,25963.19,2849.9466,USD,XAMS,2026-10-07T07:26:08.486353,213800LBPT1H9WO9ZL78,ANYOTC,SELL,213800LBPT1H9WO9ZL78,TRX-00000936
TRX-00000937,NL0010273215,88310.31,10.7729,CHF,XLON,2026-10-07T03:26:08.486358,549300JSX0Z4CY0V0P21,MATCH,SELL,213800LBPT1H9WO9ZL78,TRX-00000937
TRX-00000938,GB00B03MLX29,68017.67,2333.4671,EUR,XLON,2026-10-06T14:26:08.486363,5493001ZABYZPD63HV28,DEAL,SELL,213800LBPT1H9WO9ZL78,TRX-00000938
TRX-00000939,DE0007164600,53241.5,1581.8936,CHF,XPAR,2026-10-07T03:26:08.486368,213800LBPT1H9WO9ZL78,ANYOTC,BUY,213800LBPT1H9WO9ZL78,TRX-00000939
TRX-00000940,US0378331005,97809.58,2119.6775,GBP,XPAR,2026-10-07T07:26:08.486382,5493001ZABYZPD63HV28,MATCH,SELL,213800LBPT1H9WO9ZL78,TRX-00000940
TRX-00000941,GB00B03MLX29,62599.84,484.5338,CHF,XMIL,2026-10-07T13:26:08.486387,529900D6BHCL8WQ7R898,ANYOTC,SELL,213800LBPT1H9WO9ZL78,TRX-00000941
TRX-00000942,US02079K3059,24716.11,2368.409,EUR,XLON,2026-10-07T03:26:08.486391,529900D6BHCL8WQ7R898,DEAL,BUY,213800LBPT1H9WO9ZL78,TRX-00000942
TRX-00000943,CH0012005267,61957.04,3820.7288,CHF,XNYS,2026-10-07T11:26:08.486396,213800LBPT1H9WO9ZL78,DEAL,SELL,213800LBPT1H9WO9ZL78,TRX-00000943
TRX-00000944,US5949181045,89008.48,3467.125,USD,XLON,2026-10-06T23:26:08.486401,213800LBPT1H9WO9ZL78,MATCH,SELL,213800LBPT1H9WO9ZL78,TRX-00000944
TRX-00000945,GB00B03MLX29,10183.66,279.894,GBP,XAMS,2026-10-07T01:26:08.486406,549300JSX0Z4CY0V0P21,DEAL,SELL,213800LBPT1H9WO9ZL78,TRX-00000945
TRX-00000946,US0378331005,86458.41,3937.5866,JPY,XLON,2026-10-06T23:26:08.486411,549300JSX0Z4CY0V0P21,MATCH,SELL,213800LBPT1H9WO9ZL78,TRX-00000946
TRX-00000947,CH0012005267,61923.44,1698.7428,GBP,XMAD,2026-10-06T21:26:08.486416,5493006B1YHUQ7ZX5L88,ANYOTC,BUY,213800LBPT1H9WO9ZL78,TRX-00000947
TRX-00000948,GB00B03MLX29,10269.86,2976.2804,GBP,XPAR,2026-10-06T19:26:08.486421,5493001ZABYZPD63HV28,ANYOTC,SELL,213800LBPT1H9WO9ZL78,TRX-00000948
TRX-00000949,US5949181045,42101.28,3623.3906,CHF,XNAS,2026-10-07T06:26:08.486427,5493001ZABYZPD63HV28,DEAL,BUY,213800LBPT1H9WO9ZL78,TRX-00000949
TRX-00000951,FR0000120271,30868.13,1715.1587,EUR,XLON,2026-10-06T21:26:08.486439,529900D6BHCL8WQ7R898,ANYOTC,BUY,213800LBPT1H9WO9ZL78,TRX-00000951
TRX-00000952,GB0002374006,23739.5,4096.0998,JPY,XLON,2026-10-07T00:26:08.486444,5493006B1YHUQ7ZX5L88,DEAL,BUY,213800LBPT1H9WO9ZL78,TRX-00000952
TRX-00000953,US0378331005,78526.6,1708.4181,CHF,XMAD,2026-10-06T18:26:08.486449,5493006B1YHUQ7ZX5L88,ANYOTC,SELL,213800LBPT1H9WO9ZL78,TRX-00000953
TRX-00000954,CH0012005267,29963.86,1643.7666,GBP,XMAD,2026-10-07T12:26:08.486454,549300JSX0Z4CY0V0P21,DEAL,BUY,213800LBPT1H9WO9ZL78,TRX-00000954
TRX-00000955,US0378331005,69322.36,2333.2173,USD,XPAR,2026-10-06T22:26:08.486458,5493006B1YHUQ7ZX5L88,ANYOTC,SELL,213800LBPT1H9WO9ZL78,TRX-00000955
TRX-00000956,US0378331005,40031.86,4130.5955,GBP,XFRA,2026-10-07T13:26:08.486463,213800LBPT1H9WO9ZL78,MATCH,BUY,213800LBPT1H9WO9ZL78,TRX-00000956
TRX-00000957,NL0010273215,11519.81,1453.5905,USD,XFRA,2026-10-07T12:26:08.486470,213800LBPT1H9WO9ZL78,DEAL,BUY,213800LBPT1H9WO9ZL78,TRX-00000957
TRX-00000958,US02079K3059,17415.49,4427.0258,USD,XFRA,2026-10-06T20:26:08.486474,5493001ZABYZPD63HV28,DEAL,BUY,213800LBPT1H9WO9ZL78,TRX-00000958
TRX-00000959,GB0002374006,17608.57,1309.6812,GBP,XLON,2026-10-06T16:26:08.486479,5493001ZABYZPD63HV28,MATCH,BUY,213800LBPT1H9WO9ZL78,TRX-00000959
TRX-00000960,US5949181045,93611.47,1541.3174,USD,XFRA,2026-10-07T02:26:08.486485,5493001ZABYZPD63HV28,ANYOTC,SELL,213800LBPT1H9WO9ZL78,TRX-00000960
TRX-00000961,GB00B03MLX29,11850.21,4413.7329,USD,XPAR,2026-10-07T07:26:08.486490,529900D6BHCL8WQ7R898,MATCH,SELL,213800LBPT1H9WO9ZL78,TRX-00000961
TRX-00000962,US5949181045,59955.32,4884.9307,USD,XLON,2026-10-06T18:26:08.486495,529900D6BHCL8WQ7R898,DEAL,SELL,213800LBPT1H9WO9ZL78,TRX-00000962
TRX-00000963,GB00B0MYJG27,32768.73,267.2416,EUR,XNAS,2026-10-06T21:26:08.486500,529900D6BHCL8WQ7R898,MATCH,BUY,213800LBPT1H9WO9ZL78,TRX-00000963
TRX-00000964,GB00B03MLX29,78466.74,3955.1951,JPY,XNYS,2026-10-07T08:26:08.486505,529900D6BHCL8WQ7R898,MATCH,SELL,213800LBPT1H9WO9ZL78,TRX-00000964
TRX-00000965,FR0000120271,51889.72,895.8136,EUR,XMAD,2026-10-06T15:26:08.486510,549300JSX0Z4CY0V0P21,MATCH,SELL,213800LBPT1H9WO9ZL78,TRX-00000965
TRX-00000966,CH0012005267,40095.21,4606.0049,JPY,XLON,2026-10-07T07:26:08.486515,5493001ZABYZPD63HV28,DEAL,SELL,213800LBPT1H9WO9ZL78,TRX-00000966
TRX-00000967,US0378331005,39590.6,1530.6892,CHF,XNAS,2026-10-07T02:26:08.486519,5493006B1YHUQ7ZX5L88,ANYOTC,BUY,213800LBPT1H9WO9ZL78,TRX-00000967
TRX-00000968,GB00B0MYJG27,75162.52,1475.945,JPY,XFRA,2026-10-07T06:26:08.486524,529900D6BHCL8WQ7R898,DEAL,SELL,213800LBPT1H9WO9ZL78,TRX-00000968
TRX-00000969,NL0010273215,62112.96,2131.0856,CHF,XMIL,2026-10-07T00:26:08.486529,5493006B1YHUQ7ZX5L88,MATCH,SELL,213800LBPT1H9WO9ZL78,TRX-00000969
TRX-00000970,US02079K3059,38237.71,898.6491,USD,XAMS,2026-10-06T17:26:08.486535,213800LBPT1H9WO9ZL78,MATCH,BUY,213800LBPT1H9WO9ZL78,TRX-00000970
TRX-00000971,US02079K3059,84260.5,2564.4422,GBP,XAMS,2026-10-07T06:26:08.486540,213800LBPT1H9WO9ZL78,DEAL,BUY,213800LBPT1H9WO9ZL78,TRX-00000971
TRX-00000972,US5949181045,3829.1,1002.3327,USD,XFRA,2026-10-07T05:26:08.486546,5493006B1YHUQ7ZX5L88,ANYOTC,SELL,213800LBPT1H9WO9ZL78,TRX-00000972
TRX-00000973,US0378331005,70564.56,4989.9805,JPY,XAMS,2026-10-07T13:26:08.486551,5493006B1YHUQ7ZX5L88,MATCH,SELL,213800LBPT1H9WO9ZL78,TRX-00000973
TRX-00000974,DE0007164600,94581.55,4109.4847,GBP,XMAD,2026-10-06T17:26:08.486556,529900D6BHCL8WQ7R898,DEAL,SELL,213800LBPT1H9WO9ZL78,TRX-00000974
TRX-00000975,US0378331005,22693.4,3745.9362,CHF,XPAR,2026-10-06T21:26:08.486569,529900D6BHCL8WQ7R898,ANYOTC,SELL,213800LBPT1H9WO9ZL78,TRX-00000975
TRX-00000976,FR0000120271,34066.62,430.2934,USD,XMIL,2026-10-06T15:26:08.486574,549300JSX0Z4CY0V0P21,DEAL,SELL,213800LBPT1H9WO9ZL78,TRX-00000976
TRX-00000977,FR0000120271,85294.56,151.4903,USD,XNAS,2026-10-07T04:26:08.486579,213800LBPT1H9WO9ZL78,MATCH,SELL,213800LBPT1H9WO9ZL78,TRX-00000977
TRX-00000978,US5949181045,22549.84,2129.171,CHF,XAMS,2026-10-07T03:26:08.486584,529900D6BHCL8WQ7R898,DEAL,BUY,213800LBPT1H9WO9ZL78,TRX-00000978
TRX-00000979,GB00B0MYJG27,15369.97,4763.2351,EUR,XMIL,2026-10-07T01:26:08.486589,5493001ZABYZPD63HV28,MATCH,BUY,213800LBPT1H9WO9ZL78,TRX-00000979
TRX-00000980,NL0010273215,38644.0,2374.4135,EUR,XMAD,2026-10-06T17:26:08.486595,5493006B1YHUQ7ZX5L88,DEAL,BUY,213800LBPT1H9WO9ZL78,TRX-00000980
TRX-00000981,GB00B03MLX29,67488.88,889.0028,JPY,XMAD,2026-10-07T13:26:08.486600,5493001ZABYZPD63HV28,DEAL,BUY,213800LBPT1H9WO9ZL78,TRX-00000981
TRX-00000982,DE0007164600,28382.48,1165.9641,JPY,XNYS,2026-10-06T23:26:08.486605,213800LBPT1H9WO9ZL78,MATCH,BUY,213800LBPT1H9WO9ZL78,TRX-00000982
TRX-00000983,GB00B0MYJG27,32677.88,4549.1524,CHF,XNAS,2026-10-07T10:26:08.486609,5493001ZABYZPD63HV28,ANYOTC,SELL,213800LBPT1H9WO9ZL78,TRX-00000983
TRX-00000984,FR0000120271,74314.53,1945.5755,USD,XNAS,2026-10-07T07:26:08.486614,5493006B1YHUQ7ZX5L88,MATCH,SELL,213800LBPT1H9WO9ZL78,TRX-00000984
TRX-00000985,GB00B0MYJG27,60371.34,4695.8321,JPY,XPAR,2026-10-06T21:26:08.486619,549300JSX0Z4CY0V0P21,MATCH,BUY,213800LBPT1H9WO9ZL78,TRX-00000985
TRX-00000986,GB0002374006,99108.52,2229.2122,CHF,XPAR,2026-10-06T21:26:08.486624,5493006B1YHUQ7ZX5L88,ANYOTC,SELL,213800LBPT1H9WO9ZL78,TRX-00000986
TRX-00000987,FR0000120271,46270.08,196.3849,GBP,XAMS,2026-10-06T17:26:08.486629,549300JSX0Z4CY0V0P21,MATCH,SELL,213800LBPT1H9WO9ZL78,TRX-00000987
TRX-00000988,DE0007164600,61303.14,4050.1138,USD,XMIL,2026-10-07T06:26:08.486633,5493001ZABYZPD63HV28,ANYOTC,SELL,213800LBPT1H9WO9ZL78,TRX-00000988
TRX-00000989,FR0000120271,38467.12,3295.7411,JPY,XNYS,2026-10-07T01:26:08.486638,213800LBPT1H9WO9ZL78,DEAL,BUY,213800LBPT1H9WO9ZL78,TRX-00000989
TRX-00000990,US02079K3059,88255.7,2716.0415,GBP,XPAR,2026-10-06T22:26:08.486645,549300JSX0Z4CY0V0P21,ANYOTC,BUY,213800LBPT1H9WO9ZL78,TRX-00000990
TRX-00000991,US5949181045,7654.29,527.0176,EUR,XMIL,2026-10-06T23:26:08.486651,5493001ZABYZPD63HV28,MATCH,BUY,213800LBPT1H9WO9ZL78,TRX-00000991
TRX-00000992,NL0010273215,4464.47,134.5627,CHF,XMIL,2026-10-07T03:26:08.486656,549300JSX0Z4CY0V0P21,DEAL,SELL,213800LBPT1H9WO9ZL78,TRX-00000992
TRX-00000993,GB0002374006,1074.73,574.2989,USD,XFRA,2026-10-06T16:26:08.486661,549300JSX0Z4CY0V0P21,MATCH,SELL,213800LBPT1H9WO9ZL78,TRX-00000993
TRX-00000994,GB00B03MLX29,8255.78,3285.456,CHF,XNAS,2026-10-06T22:26:08.486666,5493006B1YHUQ7ZX5L88,DEAL,BUY,213800LBPT1H9WO9ZL78,TRX-00000994
TRX-00000995,GB0002374006,60699.25,887.0058,GBP,XMIL,2026-10-07T08:26:08.486671,213800LBPT1H9WO9ZL78,ANYOTC,BUY,213800LBPT1H9WO9ZL78,TRX-00000995
TRX-00000996,US02079K3059,15350.49,1791.0769,USD,XLON,2026-10-06T16:26:08.486676,529900D6BHCL8WQ7R898,DEAL,SELL,213800LBPT1H9WO9ZL78,TRX-00000996
TRX-00000997,GB0002374006,83650.28,4057.7476,GBP,XMIL,2026-10-06T15:26:08.486681,5493006B1YHUQ7ZX5L88,MATCH,BUY,213800LBPT1H9WO9ZL78,TRX-00000997
TRX-00000998,CH0012005267,467.57,3862.2761,USD,XPAR,2026-10-07T02:26:08.486685,5493001ZABYZPD63HV28,DEAL,BUY,213800LBPT1H9WO9ZL78,TRX-00000998
TRX-00000999,GB0002374006,42168.85,4946.4638,EUR,XPAR,2026-10-06T16:26:08.486690,213800LBPT1H9WO9ZL78,DEAL,BUY,213800LBPT1H9WO9ZL78,TRX-00000999
